protocol,strategy_name,strategy_type,date,financial_net_return
zero_cash,60_40_SPY_TLT,benchmark,2022-01-07,-0.027211392330884
zero_cash,60_40_SPY_TLT,benchmark,2022-01-14,-0.0022136718868835
zero_cash,60_40_SPY_TLT,benchmark,2022-01-21,-0.0302171180516073
zero_cash,60_40_SPY_TLT,benchmark,2022-01-28,0.004045934742223
zero_cash,60_40_SPY_TLT,benchmark,2022-02-04,-0.0018090526279241
zero_cash,60_40_SPY_TLT,benchmark,2022-02-11,-0.0132053630637442
zero_cash,60_40_SPY_TLT,benchmark,2022-02-18,-0.0085443995317852
zero_cash,60_40_SPY_TLT,benchmark,2022-02-25,0.0009283090483464
zero_cash,60_40_SPY_TLT,benchmark,2022-03-04,0.0027433077721558
zero_cash,60_40_SPY_TLT,benchmark,2022-03-11,-0.0320012873928119
zero_cash,60_40_SPY_TLT,benchmark,2022-03-18,0.0325365059096608
zero_cash,60_40_SPY_TLT,benchmark,2022-03-25,-0.0033009711141111
zero_cash,60_40_SPY_TLT,benchmark,2022-04-01,0.0125008256817778
zero_cash,60_40_SPY_TLT,benchmark,2022-04-08,-0.0290242463969953
zero_cash,60_40_SPY_TLT,benchmark,2022-04-15,-0.0270814130045835
zero_cash,60_40_SPY_TLT,benchmark,2022-04-22,-0.0186210684583503
zero_cash,60_40_SPY_TLT,benchmark,2022-04-29,-0.021573146315923
zero_cash,60_40_SPY_TLT,benchmark,2022-05-06,-0.0196684084969341
zero_cash,60_40_SPY_TLT,benchmark,2022-05-13,-0.0059035712587603
zero_cash,60_40_SPY_TLT,benchmark,2022-05-20,-0.0093314926971461
zero_cash,60_40_SPY_TLT,benchmark,2022-05-27,0.0413918941265103
zero_cash,60_40_SPY_TLT,benchmark,2022-06-03,-0.0163714781706824
zero_cash,60_40_SPY_TLT,benchmark,2022-06-10,-0.0381024793364271
zero_cash,60_40_SPY_TLT,benchmark,2022-06-17,-0.0403589082161825
zero_cash,60_40_SPY_TLT,benchmark,2022-06-24,0.0414332017845298
zero_cash,60_40_SPY_TLT,benchmark,2022-07-01,-0.0011972380997299
zero_cash,60_40_SPY_TLT,benchmark,2022-07-08,0.0002274236797868
zero_cash,60_40_SPY_TLT,benchmark,2022-07-15,0.0074774322922626
zero_cash,60_40_SPY_TLT,benchmark,2022-07-22,0.0238170988227141
zero_cash,60_40_SPY_TLT,benchmark,2022-07-29,0.0218860281557683
zero_cash,60_40_SPY_TLT,benchmark,2022-08-05,-0.0003937829028452
zero_cash,60_40_SPY_TLT,benchmark,2022-08-12,0.0166194036655864
zero_cash,60_40_SPY_TLT,benchmark,2022-08-19,-0.0156567124625396
zero_cash,60_40_SPY_TLT,benchmark,2022-08-26,-0.0218686872750287
zero_cash,60_40_SPY_TLT,benchmark,2022-09-02,-0.0304976887390668
zero_cash,60_40_SPY_TLT,benchmark,2022-09-09,0.0150346932384966
zero_cash,60_40_SPY_TLT,benchmark,2022-09-16,-0.033290138485672
zero_cash,60_40_SPY_TLT,benchmark,2022-09-23,-0.0325222902857557
zero_cash,60_40_SPY_TLT,benchmark,2022-09-30,-0.029861222980428
zero_cash,60_40_SPY_TLT,benchmark,2022-10-07,0.0046646921360978
zero_cash,60_40_SPY_TLT,benchmark,2022-10-14,-0.0181188183155322
zero_cash,60_40_SPY_TLT,benchmark,2022-10-21,0.0060372253867308
zero_cash,60_40_SPY_TLT,benchmark,2022-10-28,0.0391970710013758
zero_cash,60_40_SPY_TLT,benchmark,2022-11-04,-0.0292440822084101
zero_cash,60_40_SPY_TLT,benchmark,2022-11-11,0.0509093808033112
zero_cash,60_40_SPY_TLT,benchmark,2022-11-18,0.003417015719482
zero_cash,60_40_SPY_TLT,benchmark,2022-11-25,0.0226318455697194
zero_cash,60_40_SPY_TLT,benchmark,2022-12-02,0.0241088078636017
zero_cash,60_40_SPY_TLT,benchmark,2022-12-09,-0.0229365520480661
zero_cash,60_40_SPY_TLT,benchmark,2022-12-16,-0.0086774549256865
zero_cash,60_40_SPY_TLT,benchmark,2022-12-23,-0.0190492011213021
zero_cash,60_40_SPY_TLT,benchmark,2022-12-30,-0.0109323227614162
zero_cash,60_40_SPY_TLT,benchmark,2023-01-06,0.0314438093283112
zero_cash,60_40_SPY_TLT,benchmark,2023-01-13,0.022080776563017
zero_cash,60_40_SPY_TLT,benchmark,2023-01-20,-0.0060055983542616
zero_cash,60_40_SPY_TLT,benchmark,2023-01-27,0.016773624556894
zero_cash,60_40_SPY_TLT,benchmark,2023-02-03,0.0108566051240372
zero_cash,60_40_SPY_TLT,benchmark,2023-02-10,-0.0186800466305601
zero_cash,60_40_SPY_TLT,benchmark,2023-02-17,-0.0050544801242605
zero_cash,60_40_SPY_TLT,benchmark,2023-02-24,-0.0215377687795099
zero_cash,60_40_SPY_TLT,benchmark,2023-03-03,0.0164610230321249
zero_cash,60_40_SPY_TLT,benchmark,2023-03-10,-0.0126102735779907
zero_cash,60_40_SPY_TLT,benchmark,2023-03-17,0.0134305518436229
zero_cash,60_40_SPY_TLT,benchmark,2023-03-24,0.0088619052455496
zero_cash,60_40_SPY_TLT,benchmark,2023-03-31,0.0188828838530612
zero_cash,60_40_SPY_TLT,benchmark,2023-04-07,0.0088641743711971
zero_cash,60_40_SPY_TLT,benchmark,2023-04-14,-0.0079205496101081
zero_cash,60_40_SPY_TLT,benchmark,2023-04-21,-0.0029666158287051
zero_cash,60_40_SPY_TLT,benchmark,2023-04-28,0.0133219473833434
zero_cash,60_40_SPY_TLT,benchmark,2023-05-05,-0.0096645148706073
zero_cash,60_40_SPY_TLT,benchmark,2023-05-12,-0.0038767101588346
zero_cash,60_40_SPY_TLT,benchmark,2023-05-19,-0.0019127732271178
zero_cash,60_40_SPY_TLT,benchmark,2023-05-26,0.0019670085101108
zero_cash,60_40_SPY_TLT,benchmark,2023-06-02,0.0159189836456659
zero_cash,60_40_SPY_TLT,benchmark,2023-06-09,0.0025016475983123
zero_cash,60_40_SPY_TLT,benchmark,2023-06-16,0.0182898411986905
zero_cash,60_40_SPY_TLT,benchmark,2023-06-23,-0.0056873399886782
zero_cash,60_40_SPY_TLT,benchmark,2023-06-30,0.0124373127667498
zero_cash,60_40_SPY_TLT,benchmark,2023-07-07,-0.0203586814429829
zero_cash,60_40_SPY_TLT,benchmark,2023-07-14,0.023602375618548
zero_cash,60_40_SPY_TLT,benchmark,2023-07-21,0.0056102055364801
zero_cash,60_40_SPY_TLT,benchmark,2023-07-28,-0.0012596418070749
zero_cash,60_40_SPY_TLT,benchmark,2023-08-04,-0.0253547314008555
zero_cash,60_40_SPY_TLT,benchmark,2023-08-11,-0.0063643810502632
zero_cash,60_40_SPY_TLT,benchmark,2023-08-18,-0.0190299158923427
zero_cash,60_40_SPY_TLT,benchmark,2023-08-25,0.0109552908024585
zero_cash,60_40_SPY_TLT,benchmark,2023-09-01,0.0149417482340819
zero_cash,60_40_SPY_TLT,benchmark,2023-09-08,-0.0095642810015275
zero_cash,60_40_SPY_TLT,benchmark,2023-09-15,-0.0067657009744108
zero_cash,60_40_SPY_TLT,benchmark,2023-09-22,-0.024108380731383
zero_cash,60_40_SPY_TLT,benchmark,2023-09-29,-0.0160855357988128
zero_cash,60_40_SPY_TLT,benchmark,2023-10-06,-0.0134871603895975
zero_cash,60_40_SPY_TLT,benchmark,2023-10-13,0.0160413869368766
zero_cash,60_40_SPY_TLT,benchmark,2023-10-20,-0.034288158379899
zero_cash,60_40_SPY_TLT,benchmark,2023-10-27,-0.0095416681286452
zero_cash,60_40_SPY_TLT,benchmark,2023-11-03,0.0519605780063573
zero_cash,60_40_SPY_TLT,benchmark,2023-11-10,0.0098146113105699
zero_cash,60_40_SPY_TLT,benchmark,2023-11-17,0.0231819496411552
zero_cash,60_40_SPY_TLT,benchmark,2023-11-24,0.0049365236177506
zero_cash,60_40_SPY_TLT,benchmark,2023-12-01,0.0205287275831484
zero_cash,60_40_SPY_TLT,benchmark,2023-12-08,0.0081048047342697
zero_cash,60_40_SPY_TLT,benchmark,2023-12-15,0.0352410172308497
zero_cash,60_40_SPY_TLT,benchmark,2023-12-22,0.0028198823446646
zero_cash,60_40_SPY_TLT,benchmark,2023-12-29,0.0037274517735946
zero_cash,60_40_SPY_TLT,benchmark,2024-01-05,-0.0198059597954037
zero_cash,60_40_SPY_TLT,benchmark,2024-01-12,0.0121881077672124
zero_cash,60_40_SPY_TLT,benchmark,2024-01-19,-0.002832933131604
zero_cash,60_40_SPY_TLT,benchmark,2024-01-26,0.0048758569960437
zero_cash,60_40_SPY_TLT,benchmark,2024-02-02,0.0196291389024906
zero_cash,60_40_SPY_TLT,benchmark,2024-02-09,-0.0009293734555572
zero_cash,60_40_SPY_TLT,benchmark,2024-02-16,-0.0066688906170169
zero_cash,60_40_SPY_TLT,benchmark,2024-02-23,0.0148042885725594
zero_cash,60_40_SPY_TLT,benchmark,2024-03-01,0.009729028709963
zero_cash,60_40_SPY_TLT,benchmark,2024-03-08,0.004012836376325
zero_cash,60_40_SPY_TLT,benchmark,2024-03-15,-0.0120164506367293
zero_cash,60_40_SPY_TLT,benchmark,2024-03-22,0.0178686878786566
zero_cash,60_40_SPY_TLT,benchmark,2024-03-29,0.004865171340801
zero_cash,60_40_SPY_TLT,benchmark,2024-04-05,-0.0176989337145867
zero_cash,60_40_SPY_TLT,benchmark,2024-04-12,-0.0135871823888348
zero_cash,60_40_SPY_TLT,benchmark,2024-04-19,-0.0234785066857614
zero_cash,60_40_SPY_TLT,benchmark,2024-04-26,0.0117907399108013
zero_cash,60_40_SPY_TLT,benchmark,2024-05-03,0.0122565690890118
zero_cash,60_40_SPY_TLT,benchmark,2024-05-10,0.012453698492301
zero_cash,60_40_SPY_TLT,benchmark,2024-05-17,0.015555479697972
zero_cash,60_40_SPY_TLT,benchmark,2024-05-24,-5.498249859150735e-05
zero_cash,60_40_SPY_TLT,benchmark,2024-05-31,-0.0064169412459431
zero_cash,60_40_SPY_TLT,benchmark,2024-06-07,0.0135805961853873
zero_cash,60_40_SPY_TLT,benchmark,2024-06-14,0.0237116276021676
zero_cash,60_40_SPY_TLT,benchmark,2024-06-21,0.0008543325088781
zero_cash,60_40_SPY_TLT,benchmark,2024-06-28,-0.0096001428945824
zero_cash,60_40_SPY_TLT,benchmark,2024-07-05,0.0161705260305458
zero_cash,60_40_SPY_TLT,benchmark,2024-07-12,0.0117513744960377
zero_cash,60_40_SPY_TLT,benchmark,2024-07-19,-0.0161294150654473
zero_cash,60_40_SPY_TLT,benchmark,2024-07-26,-0.0046712807499026
zero_cash,60_40_SPY_TLT,benchmark,2024-08-02,0.0114468282713886
zero_cash,60_40_SPY_TLT,benchmark,2024-08-09,-0.0081200287196286
zero_cash,60_40_SPY_TLT,benchmark,2024-08-16,0.0289037929884157
zero_cash,60_40_SPY_TLT,benchmark,2024-08-23,0.0123643116264405
zero_cash,60_40_SPY_TLT,benchmark,2024-08-30,-0.0060697099363055
zero_cash,60_40_SPY_TLT,benchmark,2024-09-06,-0.0107529342091433
zero_cash,60_40_SPY_TLT,benchmark,2024-09-13,0.0274545749908672
zero_cash,60_40_SPY_TLT,benchmark,2024-09-20,0.0024276779863227
zero_cash,60_40_SPY_TLT,benchmark,2024-09-27,0.0021457709655877
zero_cash,60_40_SPY_TLT,benchmark,2024-10-04,-0.0094166295712895
zero_cash,60_40_SPY_TLT,benchmark,2024-10-11,-0.0008335257305581
zero_cash,60_40_SPY_TLT,benchmark,2024-10-18,0.0059122106454851
zero_cash,60_40_SPY_TLT,benchmark,2024-10-25,-0.0130682493022082
zero_cash,60_40_SPY_TLT,benchmark,2024-11-01,-0.0126020492609016
zero_cash,60_40_SPY_TLT,benchmark,2024-11-08,0.0357925050833289
zero_cash,60_40_SPY_TLT,benchmark,2024-11-15,-0.0229004911686776
zero_cash,60_40_SPY_TLT,benchmark,2024-11-22,0.0113740679738556
zero_cash,60_40_SPY_TLT,benchmark,2024-11-29,0.0229354143717048
zero_cash,60_40_SPY_TLT,benchmark,2024-12-06,0.0084200641934365
zero_cash,60_40_SPY_TLT,benchmark,2024-12-13,-0.0215217386941126
zero_cash,60_40_SPY_TLT,benchmark,2024-12-20,-0.0176340306388657
zero_cash,60_40_SPY_TLT,benchmark,2024-12-27,-0.0015629970816453
zero_cash,60_40_SPY_TLT,benchmark,2025-01-03,-0.0022130926748089
zero_cash,60_40_SPY_TLT,benchmark,2025-01-10,-0.0200017802483198
zero_cash,60_40_SPY_TLT,benchmark,2025-01-17,0.0257618512317803
zero_cash,60_40_SPY_TLT,benchmark,2025-01-24,0.0105695176968123
zero_cash,60_40_SPY_TLT,benchmark,2025-01-31,-0.0035927510720416
zero_cash,60_40_SPY_TLT,benchmark,2025-02-07,0.0072872740598672
zero_cash,60_40_SPY_TLT,benchmark,2025-02-14,0.008380963177677
zero_cash,60_40_SPY_TLT,benchmark,2025-02-21,-0.007540875015775
zero_cash,60_40_SPY_TLT,benchmark,2025-02-28,0.0068272275727445
zero_cash,60_40_SPY_TLT,benchmark,2025-03-07,-0.0272513976315919
zero_cash,60_40_SPY_TLT,benchmark,2025-03-14,-0.0133918892027146
zero_cash,60_40_SPY_TLT,benchmark,2025-03-21,0.0054071073732947
zero_cash,60_40_SPY_TLT,benchmark,2025-03-28,-0.0113210831724351
zero_cash,60_40_SPY_TLT,benchmark,2025-04-04,-0.0408935389837857
zero_cash,60_40_SPY_TLT,benchmark,2025-04-11,0.0083567521520476
zero_cash,60_40_SPY_TLT,benchmark,2025-04-18,-0.0055153391206609
zero_cash,60_40_SPY_TLT,benchmark,2025-04-25,0.0338323034914691
zero_cash,60_40_SPY_TLT,benchmark,2025-05-02,0.0137976168397702
zero_cash,60_40_SPY_TLT,benchmark,2025-05-09,-0.0056622915391318
zero_cash,60_40_SPY_TLT,benchmark,2025-05-16,0.0283005162857792
zero_cash,60_40_SPY_TLT,benchmark,2025-05-23,-0.0233485888337688
zero_cash,60_40_SPY_TLT,benchmark,2025-05-30,0.0188353175682399
zero_cash,60_40_SPY_TLT,benchmark,2025-06-06,0.007086993977603
zero_cash,60_40_SPY_TLT,benchmark,2025-06-13,0.0024498888478777
zero_cash,60_40_SPY_TLT,benchmark,2025-06-20,-0.0002267206767966
zero_cash,60_40_SPY_TLT,benchmark,2025-06-27,0.0249908965138812
zero_cash,60_40_SPY_TLT,benchmark,2025-07-04,0.0097398227476141
zero_cash,60_40_SPY_TLT,benchmark,2025-07-11,-0.0070775185346103
zero_cash,60_40_SPY_TLT,benchmark,2025-07-18,0.0012455354559025
zero_cash,60_40_SPY_TLT,benchmark,2025-07-25,0.0146858576414639
zero_cash,60_40_SPY_TLT,benchmark,2025-08-01,-0.0064977595046095
zero_cash,60_40_SPY_TLT,benchmark,2025-08-08,0.0125059917198718
zero_cash,60_40_SPY_TLT,benchmark,2025-08-15,0.001816282756851
zero_cash,60_40_SPY_TLT,benchmark,2025-08-22,0.0047530038240558
zero_cash,60_40_SPY_TLT,benchmark,2025-08-29,-0.0023095711682441
zero_cash,60_40_SPY_TLT,benchmark,2025-09-05,0.0126454052935128
zero_cash,60_40_SPY_TLT,benchmark,2025-09-12,0.0157059008053351
zero_cash,60_40_SPY_TLT,benchmark,2025-09-19,0.0032845813728726
zero_cash,60_40_SPY_TLT,benchmark,2025-09-26,-0.0022387787220651
zero_cash,60_40_SPY_TLT,benchmark,2025-10-03,0.0102592364743634
zero_cash,60_40_SPY_TLT,benchmark,2025-10-10,-0.0089663018273673
zero_cash,60_40_SPY_TLT,benchmark,2025-10-17,0.0130069681424729
zero_cash,60_40_SPY_TLT,benchmark,2025-10-24,0.0127979630647524
zero_cash,60_40_SPY_TLT,benchmark,2025-10-31,-0.0008989005543408
zero_cash,60_40_SPY_TLT,benchmark,2025-11-07,-0.0115119986403745
zero_cash,60_40_SPY_TLT,benchmark,2025-11-14,-0.002267509123851
zero_cash,60_40_SPY_TLT,benchmark,2025-11-21,-0.0086834216852205
zero_cash,60_40_SPY_TLT,benchmark,2025-11-28,0.0253511499872306
zero_cash,60_40_SPY_TLT,benchmark,2025-12-05,-0.005630059244178
zero_cash,60_40_SPY_TLT,benchmark,2025-12-12,-0.0072043009885939
zero_cash,60_40_SPY_TLT,benchmark,2025-12-19,0.0032624249161182
zero_cash,60_40_SPY_TLT,benchmark,2025-12-26,0.0094370156639607
zero_cash,60_40_SPY_TLT,benchmark,2026-01-02,-0.0094426669580134
zero_cash,60_40_SPY_TLT,benchmark,2026-01-09,0.0137094950531104
zero_cash,60_40_SPY_TLT,benchmark,2026-01-16,-0.0026747182940003
zero_cash,60_40_SPY_TLT,benchmark,2026-01-23,-0.001515763846698
zero_cash,60_40_SPY_TLT,benchmark,2026-01-30,-0.001253981739894
zero_cash,60_40_SPY_TLT,benchmark,2026-02-06,0.002248866385882
zero_cash,60_40_SPY_TLT,benchmark,2026-02-13,0.0022550911421497
zero_cash,60_40_SPY_TLT,benchmark,2026-02-20,0.0053770330726759
zero_cash,60_40_SPY_TLT,benchmark,2026-02-27,0.0033141787545552
zero_cash,60_40_SPY_TLT,benchmark,2026-03-06,-0.0210026007904324
zero_cash,60_40_SPY_TLT,benchmark,2026-03-13,-0.0176856913059539
zero_cash,60_40_SPY_TLT,benchmark,2026-03-20,-0.0141066614675254
zero_cash,60_40_SPY_TLT,benchmark,2026-03-27,-0.0142811018135331
zero_cash,60_40_SPY_TLT,benchmark,2026-04-03,0.0275622242436468
zero_cash,60_40_SPY_TLT,benchmark,2026-04-10,0.0202357610124552
zero_cash,60_40_SPY_TLT,benchmark,2026-04-17,0.0297744836892084
zero_cash,60_40_SPY_TLT,benchmark,2026-04-24,0.0015567936706008
zero_cash,60_40_SPY_TLT,benchmark,2026-05-01,0.0020230735181009
zero_cash,60_40_SPY_TLT,benchmark,2026-05-08,0.016324897356217
zero_cash,60_40_SPY_TLT,benchmark,2026-05-15,-0.0099845425330954
zero_cash,BuyHold_BTC-USD,benchmark,2022-01-07,-0.1025460481085162
zero_cash,BuyHold_BTC-USD,benchmark,2022-01-14,0.0370999686713464
zero_cash,BuyHold_BTC-USD,benchmark,2022-01-21,-0.1541166860303821
zero_cash,BuyHold_BTC-USD,benchmark,2022-01-28,0.0363991581336609
zero_cash,BuyHold_BTC-USD,benchmark,2022-02-04,0.0983620132724905
zero_cash,BuyHold_BTC-USD,benchmark,2022-02-11,0.0218564668817222
zero_cash,BuyHold_BTC-USD,benchmark,2022-02-18,-0.0560499066359924
zero_cash,BuyHold_BTC-USD,benchmark,2022-02-25,-0.0204031448302242
zero_cash,BuyHold_BTC-USD,benchmark,2022-03-04,-0.0019537117834331
zero_cash,BuyHold_BTC-USD,benchmark,2022-03-11,-0.0087545675928891
zero_cash,BuyHold_BTC-USD,benchmark,2022-03-18,0.077488998906813
zero_cash,BuyHold_BTC-USD,benchmark,2022-03-25,0.0609450658138195
zero_cash,BuyHold_BTC-USD,benchmark,2022-04-01,0.0435844282817072
zero_cash,BuyHold_BTC-USD,benchmark,2022-04-08,-0.0862972893293195
zero_cash,BuyHold_BTC-USD,benchmark,2022-04-15,-0.0410095770763525
zero_cash,BuyHold_BTC-USD,benchmark,2022-04-22,-0.0200511728007211
zero_cash,BuyHold_BTC-USD,benchmark,2022-04-29,-0.0284470805685582
zero_cash,BuyHold_BTC-USD,benchmark,2022-05-06,-0.0665349401539743
zero_cash,BuyHold_BTC-USD,benchmark,2022-05-13,-0.1875040372944123
zero_cash,BuyHold_BTC-USD,benchmark,2022-05-20,-0.002812655468914
zero_cash,BuyHold_BTC-USD,benchmark,2022-05-27,-0.0196284755463244
zero_cash,BuyHold_BTC-USD,benchmark,2022-06-03,0.0376146577429785
zero_cash,BuyHold_BTC-USD,benchmark,2022-06-10,-0.0208920608853594
zero_cash,BuyHold_BTC-USD,benchmark,2022-06-17,-0.2961208947097115
zero_cash,BuyHold_BTC-USD,benchmark,2022-06-24,0.0371333063458418
zero_cash,BuyHold_BTC-USD,benchmark,2022-07-01,-0.0924227973265157
zero_cash,BuyHold_BTC-USD,benchmark,2022-07-08,0.1277545845717722
zero_cash,BuyHold_BTC-USD,benchmark,2022-07-15,-0.0411754745409358
zero_cash,BuyHold_BTC-USD,benchmark,2022-07-22,0.0901622579254233
zero_cash,BuyHold_BTC-USD,benchmark,2022-07-29,0.0479707386086876
zero_cash,BuyHold_BTC-USD,benchmark,2022-08-05,-0.0216478180291191
zero_cash,BuyHold_BTC-USD,benchmark,2022-08-12,0.0478117940522113
zero_cash,BuyHold_BTC-USD,benchmark,2022-08-19,-0.1444614131484396
zero_cash,BuyHold_BTC-USD,benchmark,2022-08-26,-0.0295788117976216
zero_cash,BuyHold_BTC-USD,benchmark,2022-09-02,-0.0143261484238604
zero_cash,BuyHold_BTC-USD,benchmark,2022-09-09,0.0706758642921532
zero_cash,BuyHold_BTC-USD,benchmark,2022-09-16,-0.0752330058508379
zero_cash,BuyHold_BTC-USD,benchmark,2022-09-23,-0.0240203967713739
zero_cash,BuyHold_BTC-USD,benchmark,2022-09-30,0.0069516479661584
zero_cash,BuyHold_BTC-USD,benchmark,2022-10-07,0.0059212533907671
zero_cash,BuyHold_BTC-USD,benchmark,2022-10-14,-0.0184783413487646
zero_cash,BuyHold_BTC-USD,benchmark,2022-10-21,-0.0006873624664259
zero_cash,BuyHold_BTC-USD,benchmark,2022-10-28,0.0742148979901193
zero_cash,BuyHold_BTC-USD,benchmark,2022-11-04,0.0267962848109308
zero_cash,BuyHold_BTC-USD,benchmark,2022-11-11,-0.1944905980042082
zero_cash,BuyHold_BTC-USD,benchmark,2022-11-18,-0.019755185942695
zero_cash,BuyHold_BTC-USD,benchmark,2022-11-25,-0.0105364650188519
zero_cash,BuyHold_BTC-USD,benchmark,2022-12-02,0.0343072138290423
zero_cash,BuyHold_BTC-USD,benchmark,2022-12-09,0.0026036088899414
zero_cash,BuyHold_BTC-USD,benchmark,2022-12-16,-0.0283466789418449
zero_cash,BuyHold_BTC-USD,benchmark,2022-12-23,0.0089784586447463
zero_cash,BuyHold_BTC-USD,benchmark,2022-12-30,-0.0115715740857019
zero_cash,BuyHold_BTC-USD,benchmark,2023-01-06,0.0210438791773306
zero_cash,BuyHold_BTC-USD,benchmark,2023-01-13,0.1744697334196066
zero_cash,BuyHold_BTC-USD,benchmark,2023-01-20,0.1389772822474111
zero_cash,BuyHold_BTC-USD,benchmark,2023-01-27,0.017735313914815
zero_cash,BuyHold_BTC-USD,benchmark,2023-02-03,0.0160578062066589
zero_cash,BuyHold_BTC-USD,benchmark,2023-02-10,-0.0766819037030738
zero_cash,BuyHold_BTC-USD,benchmark,2023-02-17,0.1346077897372455
zero_cash,BuyHold_BTC-USD,benchmark,2023-02-24,-0.0556662374375754
zero_cash,BuyHold_BTC-USD,benchmark,2023-03-03,-0.0360135655483365
zero_cash,BuyHold_BTC-USD,benchmark,2023-03-10,-0.097279734686313
zero_cash,BuyHold_BTC-USD,benchmark,2023-03-17,0.3584781308664031
zero_cash,BuyHold_BTC-USD,benchmark,2023-03-24,0.0025290127833725
zero_cash,BuyHold_BTC-USD,benchmark,2023-03-31,0.035834175987006
zero_cash,BuyHold_BTC-USD,benchmark,2023-04-07,-0.0194050003758319
zero_cash,BuyHold_BTC-USD,benchmark,2023-04-14,0.0916655709453884
zero_cash,BuyHold_BTC-USD,benchmark,2023-04-21,-0.1052555507904
zero_cash,BuyHold_BTC-USD,benchmark,2023-04-28,0.0756446221614004
zero_cash,BuyHold_BTC-USD,benchmark,2023-05-05,0.0066162684142296
zero_cash,BuyHold_BTC-USD,benchmark,2023-05-12,-0.092414131965489
zero_cash,BuyHold_BTC-USD,benchmark,2023-05-19,0.0031762246928863
zero_cash,BuyHold_BTC-USD,benchmark,2023-05-26,-0.0063531822856115
zero_cash,BuyHold_BTC-USD,benchmark,2023-06-02,0.019847039646931
zero_cash,BuyHold_BTC-USD,benchmark,2023-06-09,-0.0282284925446841
zero_cash,BuyHold_BTC-USD,benchmark,2023-06-16,-0.0057745447099974
zero_cash,BuyHold_BTC-USD,benchmark,2023-06-23,0.1659106263874143
zero_cash,BuyHold_BTC-USD,benchmark,2023-06-30,-0.0071090882713755
zero_cash,BuyHold_BTC-USD,benchmark,2023-07-07,-0.0044290846278599
zero_cash,BuyHold_BTC-USD,benchmark,2023-07-14,-0.0002701599717802
zero_cash,BuyHold_BTC-USD,benchmark,2023-07-21,-0.0140213377813711
zero_cash,BuyHold_BTC-USD,benchmark,2023-07-28,-0.019709889659803
zero_cash,BuyHold_BTC-USD,benchmark,2023-08-04,-0.0083615484549331
zero_cash,BuyHold_BTC-USD,benchmark,2023-08-11,0.0111309769927114
zero_cash,BuyHold_BTC-USD,benchmark,2023-08-18,-0.1138917844778273
zero_cash,BuyHold_BTC-USD,benchmark,2023-08-25,-7.25030333934562e-05
zero_cash,BuyHold_BTC-USD,benchmark,2023-09-01,-0.0094804402325484
zero_cash,BuyHold_BTC-USD,benchmark,2023-09-08,0.0040669279289107
zero_cash,BuyHold_BTC-USD,benchmark,2023-09-15,0.0271384406833843
zero_cash,BuyHold_BTC-USD,benchmark,2023-09-22,-0.0010945670877798
zero_cash,BuyHold_BTC-USD,benchmark,2023-09-29,0.0124965288848584
zero_cash,BuyHold_BTC-USD,benchmark,2023-10-06,0.0384545070358444
zero_cash,BuyHold_BTC-USD,benchmark,2023-10-13,-0.03879623092536
zero_cash,BuyHold_BTC-USD,benchmark,2023-10-20,0.1050009248530705
zero_cash,BuyHold_BTC-USD,benchmark,2023-10-27,0.1423999863136915
zero_cash,BuyHold_BTC-USD,benchmark,2023-11-03,0.024256215564522
zero_cash,BuyHold_BTC-USD,benchmark,2023-11-10,0.0743297371920856
zero_cash,BuyHold_BTC-USD,benchmark,2023-11-17,-0.0192229660976493
zero_cash,BuyHold_BTC-USD,benchmark,2023-11-24,0.0307021715061057
zero_cash,BuyHold_BTC-USD,benchmark,2023-12-01,0.0256750140218002
zero_cash,BuyHold_BTC-USD,benchmark,2023-12-08,0.1415877112209622
zero_cash,BuyHold_BTC-USD,benchmark,2023-12-15,-0.050645593522396
zero_cash,BuyHold_BTC-USD,benchmark,2023-12-22,0.0493240275915318
zero_cash,BuyHold_BTC-USD,benchmark,2023-12-29,-0.0431497843957937
zero_cash,BuyHold_BTC-USD,benchmark,2024-01-05,0.0490099371400294
zero_cash,BuyHold_BTC-USD,benchmark,2024-01-12,-0.0296522561420401
zero_cash,BuyHold_BTC-USD,benchmark,2024-01-19,-0.0288137791738157
zero_cash,BuyHold_BTC-USD,benchmark,2024-01-26,0.0047686795731156
zero_cash,BuyHold_BTC-USD,benchmark,2024-02-02,0.0327377024020003
zero_cash,BuyHold_BTC-USD,benchmark,2024-02-09,0.0917277067327086
zero_cash,BuyHold_BTC-USD,benchmark,2024-02-16,0.1063266533180697
zero_cash,BuyHold_BTC-USD,benchmark,2024-02-23,-0.0273820618149672
zero_cash,BuyHold_BTC-USD,benchmark,2024-03-01,0.2307950665026408
zero_cash,BuyHold_BTC-USD,benchmark,2024-03-08,0.0938405117561043
zero_cash,BuyHold_BTC-USD,benchmark,2024-03-15,0.016159270462202
zero_cash,BuyHold_BTC-USD,benchmark,2024-03-22,-0.0810476353107151
zero_cash,BuyHold_BTC-USD,benchmark,2024-03-29,0.0958636737604228
zero_cash,BuyHold_BTC-USD,benchmark,2024-04-05,-0.0294048410278147
zero_cash,BuyHold_BTC-USD,benchmark,2024-04-12,-0.0094604327566116
zero_cash,BuyHold_BTC-USD,benchmark,2024-04-19,-0.0498884383119264
zero_cash,BuyHold_BTC-USD,benchmark,2024-04-26,-0.0013822848497982
zero_cash,BuyHold_BTC-USD,benchmark,2024-05-03,-0.0135750925688676
zero_cash,BuyHold_BTC-USD,benchmark,2024-05-10,-0.0333449525267335
zero_cash,BuyHold_BTC-USD,benchmark,2024-05-17,0.1029579158862608
zero_cash,BuyHold_BTC-USD,benchmark,2024-05-24,0.0219863585097359
zero_cash,BuyHold_BTC-USD,benchmark,2024-05-31,-0.0150991735471235
zero_cash,BuyHold_BTC-USD,benchmark,2024-06-07,0.0274282573674591
zero_cash,BuyHold_BTC-USD,benchmark,2024-06-14,-0.0480439565738541
zero_cash,BuyHold_BTC-USD,benchmark,2024-06-21,-0.0290086775186936
zero_cash,BuyHold_BTC-USD,benchmark,2024-06-28,-0.0589124245435038
zero_cash,BuyHold_BTC-USD,benchmark,2024-07-05,-0.0606391483461776
zero_cash,BuyHold_BTC-USD,benchmark,2024-07-12,0.0218326507448725
zero_cash,BuyHold_BTC-USD,benchmark,2024-07-19,0.1521722425246401
zero_cash,BuyHold_BTC-USD,benchmark,2024-07-26,0.0180168405766549
zero_cash,BuyHold_BTC-USD,benchmark,2024-08-02,-0.0956677776315511
zero_cash,BuyHold_BTC-USD,benchmark,2024-08-09,-0.0087104542305853
zero_cash,BuyHold_BTC-USD,benchmark,2024-08-16,-0.0326216182175149
zero_cash,BuyHold_BTC-USD,benchmark,2024-08-23,0.0882983103081398
zero_cash,BuyHold_BTC-USD,benchmark,2024-08-30,-0.0776180502926745
zero_cash,BuyHold_BTC-USD,benchmark,2024-09-06,-0.0874622536751252
zero_cash,BuyHold_BTC-USD,benchmark,2024-09-13,0.1227562528415096
zero_cash,BuyHold_BTC-USD,benchmark,2024-09-20,0.0432824744959339
zero_cash,BuyHold_BTC-USD,benchmark,2024-09-27,0.0411072185756402
zero_cash,BuyHold_BTC-USD,benchmark,2024-10-04,-0.0565914260488848
zero_cash,BuyHold_BTC-USD,benchmark,2024-10-11,0.0060839154765661
zero_cash,BuyHold_BTC-USD,benchmark,2024-10-18,0.0956632336296958
zero_cash,BuyHold_BTC-USD,benchmark,2024-10-25,-0.025963262787029
zero_cash,BuyHold_BTC-USD,benchmark,2024-11-01,0.0426163236649332
zero_cash,BuyHold_BTC-USD,benchmark,2024-11-08,0.1016516531373246
zero_cash,BuyHold_BTC-USD,benchmark,2024-11-15,0.1896980971585415
zero_cash,BuyHold_BTC-USD,benchmark,2024-11-22,0.0870978803235873
zero_cash,BuyHold_BTC-USD,benchmark,2024-11-29,-0.0155169380969453
zero_cash,BuyHold_BTC-USD,benchmark,2024-12-06,0.0252323933924245
zero_cash,BuyHold_BTC-USD,benchmark,2024-12-13,0.0153976774240762
zero_cash,BuyHold_BTC-USD,benchmark,2024-12-20,-0.0365006427687838
zero_cash,BuyHold_BTC-USD,benchmark,2024-12-27,-0.0367350637856926
zero_cash,BuyHold_BTC-USD,benchmark,2025-01-03,0.0418688068847339
zero_cash,BuyHold_BTC-USD,benchmark,2025-01-10,-0.0347168055808719
zero_cash,BuyHold_BTC-USD,benchmark,2025-01-17,0.1030669077972503
zero_cash,BuyHold_BTC-USD,benchmark,2025-01-24,0.0034217723079876
zero_cash,BuyHold_BTC-USD,benchmark,2025-01-31,-0.0230344668445617
zero_cash,BuyHold_BTC-USD,benchmark,2025-02-07,-0.057379387287443
zero_cash,BuyHold_BTC-USD,benchmark,2025-02-14,0.0101511663866209
zero_cash,BuyHold_BTC-USD,benchmark,2025-02-21,-0.0141876372269602
zero_cash,BuyHold_BTC-USD,benchmark,2025-02-28,-0.122262389599539
zero_cash,BuyHold_BTC-USD,benchmark,2025-03-07,0.028085570538934
zero_cash,BuyHold_BTC-USD,benchmark,2025-03-14,-0.0319746931071807
zero_cash,BuyHold_BTC-USD,benchmark,2025-03-21,0.0008829512716033
zero_cash,BuyHold_BTC-USD,benchmark,2025-03-28,0.0036874618581301
zero_cash,BuyHold_BTC-USD,benchmark,2025-04-04,-0.0060382304565358
zero_cash,BuyHold_BTC-USD,benchmark,2025-04-11,-0.0052355537971602
zero_cash,BuyHold_BTC-USD,benchmark,2025-04-18,0.0125408645463171
zero_cash,BuyHold_BTC-USD,benchmark,2025-04-25,0.1216056537353524
zero_cash,BuyHold_BTC-USD,benchmark,2025-05-02,0.0231161186068484
zero_cash,BuyHold_BTC-USD,benchmark,2025-05-09,0.0625402626420161
zero_cash,BuyHold_BTC-USD,benchmark,2025-05-16,0.0050347986069176
zero_cash,BuyHold_BTC-USD,benchmark,2025-05-23,0.036704357010376
zero_cash,BuyHold_BTC-USD,benchmark,2025-05-30,-0.0306579747026798
zero_cash,BuyHold_BTC-USD,benchmark,2025-06-06,0.0037671040700153
zero_cash,BuyHold_BTC-USD,benchmark,2025-06-13,0.0162910182964122
zero_cash,BuyHold_BTC-USD,benchmark,2025-06-20,-0.0262168139312046
zero_cash,BuyHold_BTC-USD,benchmark,2025-06-27,0.0365777049552735
zero_cash,BuyHold_BTC-USD,benchmark,2025-07-04,0.0088329453775752
zero_cash,BuyHold_BTC-USD,benchmark,2025-07-11,0.0877744669573006
zero_cash,BuyHold_BTC-USD,benchmark,2025-07-18,0.0041375665420726
zero_cash,BuyHold_BTC-USD,benchmark,2025-07-25,-0.003112997506093
zero_cash,BuyHold_BTC-USD,benchmark,2025-08-01,-0.0366877586312583
zero_cash,BuyHold_BTC-USD,benchmark,2025-08-08,0.0297267743589422
zero_cash,BuyHold_BTC-USD,benchmark,2025-08-15,0.0060813501090006
zero_cash,BuyHold_BTC-USD,benchmark,2025-08-22,-0.0044656983511467
zero_cash,BuyHold_BTC-USD,benchmark,2025-08-29,-0.0724134005593493
zero_cash,BuyHold_BTC-USD,benchmark,2025-09-05,0.0206635104150609
zero_cash,BuyHold_BTC-USD,benchmark,2025-09-12,0.049259333577438
zero_cash,BuyHold_BTC-USD,benchmark,2025-09-19,-0.0035548074080065
zero_cash,BuyHold_BTC-USD,benchmark,2025-09-26,-0.0516560650894566
zero_cash,BuyHold_BTC-USD,benchmark,2025-10-03,0.1144232934246949
zero_cash,BuyHold_BTC-USD,benchmark,2025-10-10,-0.0740363202419713
zero_cash,BuyHold_BTC-USD,benchmark,2025-10-17,-0.0595911834566601
zero_cash,BuyHold_BTC-USD,benchmark,2025-10-24,0.0428874578189986
zero_cash,BuyHold_BTC-USD,benchmark,2025-10-31,-0.0133090661623538
zero_cash,BuyHold_BTC-USD,benchmark,2025-11-07,-0.0564437233214214
zero_cash,BuyHold_BTC-USD,benchmark,2025-11-14,-0.0868183059006619
zero_cash,BuyHold_BTC-USD,benchmark,2025-11-21,-0.0985944867452123
zero_cash,BuyHold_BTC-USD,benchmark,2025-11-28,0.0684984255768295
zero_cash,BuyHold_BTC-USD,benchmark,2025-12-05,-0.0168447006470198
zero_cash,BuyHold_BTC-USD,benchmark,2025-12-12,0.0098744645978419
zero_cash,BuyHold_BTC-USD,benchmark,2025-12-19,-0.0240059965660468
zero_cash,BuyHold_BTC-USD,benchmark,2025-12-26,-0.0091024101390828
zero_cash,BuyHold_BTC-USD,benchmark,2026-01-02,0.0302774609128591
zero_cash,BuyHold_BTC-USD,benchmark,2026-01-09,0.0063195083159173
zero_cash,BuyHold_BTC-USD,benchmark,2026-01-16,0.0553733717934652
zero_cash,BuyHold_BTC-USD,benchmark,2026-01-23,-0.0630330782602579
zero_cash,BuyHold_BTC-USD,benchmark,2026-01-30,-0.0600557098784829
zero_cash,BuyHold_BTC-USD,benchmark,2026-02-06,-0.1613393845809821
zero_cash,BuyHold_BTC-USD,benchmark,2026-02-13,-0.0240597757302828
zero_cash,BuyHold_BTC-USD,benchmark,2026-02-20,-0.0123794447891057
zero_cash,BuyHold_BTC-USD,benchmark,2026-02-27,-0.0312272895520508
zero_cash,BuyHold_BTC-USD,benchmark,2026-03-06,0.0342233427053897
zero_cash,BuyHold_BTC-USD,benchmark,2026-03-13,0.0415603055952373
zero_cash,BuyHold_BTC-USD,benchmark,2026-03-20,-0.006279985618572
zero_cash,BuyHold_BTC-USD,benchmark,2026-03-27,-0.059331501842661
zero_cash,BuyHold_BTC-USD,benchmark,2026-04-03,0.0089348972220075
zero_cash,BuyHold_BTC-USD,benchmark,2026-04-10,0.0903607616087485
zero_cash,BuyHold_BTC-USD,benchmark,2026-04-17,0.0568358769073058
zero_cash,BuyHold_BTC-USD,benchmark,2026-04-24,0.0042584053872272
zero_cash,BuyHold_BTC-USD,benchmark,2026-05-01,0.0093432906877755
zero_cash,BuyHold_BTC-USD,benchmark,2026-05-08,0.0256816488443187
zero_cash,BuyHold_BTC-USD,benchmark,2026-05-15,-0.0139809347435566
zero_cash,BuyHold_GLD,benchmark,2022-01-07,-0.0187763604808446
zero_cash,BuyHold_GLD,benchmark,2022-01-14,0.011445592661373
zero_cash,BuyHold_GLD,benchmark,2022-01-21,0.0083691765442903
zero_cash,BuyHold_GLD,benchmark,2022-01-28,-0.0233210025120057
zero_cash,BuyHold_GLD,benchmark,2022-02-04,0.010532581942251
zero_cash,BuyHold_GLD,benchmark,2022-02-11,0.0293142066229432
zero_cash,BuyHold_GLD,benchmark,2022-02-18,0.0190437696627774
zero_cash,BuyHold_GLD,benchmark,2022-02-25,-0.0032181124725786
zero_cash,BuyHold_GLD,benchmark,2022-03-04,0.0403851005424973
zero_cash,BuyHold_GLD,benchmark,2022-03-11,0.0076764139717613
zero_cash,BuyHold_GLD,benchmark,2022-03-18,-0.0312820433340055
zero_cash,BuyHold_GLD,benchmark,2022-03-25,0.0171779240302945
zero_cash,BuyHold_GLD,benchmark,2022-04-01,-0.0157912315259726
zero_cash,BuyHold_GLD,benchmark,2022-04-08,0.0109749371626914
zero_cash,BuyHold_GLD,benchmark,2022-04-15,0.0141620766415495
zero_cash,BuyHold_GLD,benchmark,2022-04-22,-0.0203760059595837
zero_cash,BuyHold_GLD,benchmark,2022-04-29,-0.0187475165005922
zero_cash,BuyHold_GLD,benchmark,2022-05-06,-0.0084223925290845
zero_cash,BuyHold_GLD,benchmark,2022-05-13,-0.0377950345001555
zero_cash,BuyHold_GLD,benchmark,2022-05-20,0.0191954832753125
zero_cash,BuyHold_GLD,benchmark,2022-05-27,0.004766653083982
zero_cash,BuyHold_GLD,benchmark,2022-06-03,-0.0015620726810923
zero_cash,BuyHold_GLD,benchmark,2022-06-10,0.0113570021687496
zero_cash,BuyHold_GLD,benchmark,2022-06-17,-0.0187348982437005
zero_cash,BuyHold_GLD,benchmark,2022-06-24,-0.0068897524676482
zero_cash,BuyHold_GLD,benchmark,2022-07-01,-0.0104061911445734
zero_cash,BuyHold_GLD,benchmark,2022-07-08,-0.0357652329521658
zero_cash,BuyHold_GLD,benchmark,2022-07-15,-0.0202711551636427
zero_cash,BuyHold_GLD,benchmark,2022-07-22,0.0104396183853587
zero_cash,BuyHold_GLD,benchmark,2022-07-29,0.0213481544386628
zero_cash,BuyHold_GLD,benchmark,2022-08-05,0.0072515974305724
zero_cash,BuyHold_GLD,benchmark,2022-08-12,0.0156089414716622
zero_cash,BuyHold_GLD,benchmark,2022-08-19,-0.0306784657549388
zero_cash,BuyHold_GLD,benchmark,2022-08-26,-0.0058997462307359
zero_cash,BuyHold_GLD,benchmark,2022-09-02,-0.0154549955792335
zero_cash,BuyHold_GLD,benchmark,2022-09-09,0.0035163433172087
zero_cash,BuyHold_GLD,benchmark,2022-09-16,-0.0249030834935083
zero_cash,BuyHold_GLD,benchmark,2022-09-23,-0.0181596631003424
zero_cash,BuyHold_GLD,benchmark,2022-09-30,0.0108489884432694
zero_cash,BuyHold_GLD,benchmark,2022-10-07,0.0207539067166788
zero_cash,BuyHold_GLD,benchmark,2022-10-14,-0.0310362870770779
zero_cash,BuyHold_GLD,benchmark,2022-10-21,0.0076480468141018
zero_cash,BuyHold_GLD,benchmark,2022-10-28,-0.0064222528288895
zero_cash,BuyHold_GLD,benchmark,2022-11-04,0.0216113703280917
zero_cash,BuyHold_GLD,benchmark,2022-11-11,0.0517031780838268
zero_cash,BuyHold_GLD,benchmark,2022-11-18,-0.0107559813971843
zero_cash,BuyHold_GLD,benchmark,2022-11-25,0.0026414887419676
zero_cash,BuyHold_GLD,benchmark,2022-12-02,0.0247518273245814
zero_cash,BuyHold_GLD,benchmark,2022-12-09,-0.0011957249480479
zero_cash,BuyHold_GLD,benchmark,2022-12-16,-0.0016162113995377
zero_cash,BuyHold_GLD,benchmark,2022-12-23,0.0028179221753239
zero_cash,BuyHold_GLD,benchmark,2022-12-30,0.0142293731972784
zero_cash,BuyHold_GLD,benchmark,2023-01-06,0.0239920262842627
zero_cash,BuyHold_GLD,benchmark,2023-01-13,0.0290713695111821
zero_cash,BuyHold_GLD,benchmark,2023-01-20,0.0029648623606139
zero_cash,BuyHold_GLD,benchmark,2023-01-27,-0.0003903846731589
zero_cash,BuyHold_GLD,benchmark,2023-02-03,-0.0321392393014365
zero_cash,BuyHold_GLD,benchmark,2023-02-10,-0.0005765369517169
zero_cash,BuyHold_GLD,benchmark,2023-02-17,-0.0121135561612949
zero_cash,BuyHold_GLD,benchmark,2023-02-24,-0.0169916413444948
zero_cash,BuyHold_GLD,benchmark,2023-03-03,0.0245916200745655
zero_cash,BuyHold_GLD,benchmark,2023-03-10,0.0080004033861436
zero_cash,BuyHold_GLD,benchmark,2023-03-17,0.0569391466802589
zero_cash,BuyHold_GLD,benchmark,2023-03-24,-0.0006530465973033
zero_cash,BuyHold_GLD,benchmark,2023-03-31,-0.0023413704877311
zero_cash,BuyHold_GLD,benchmark,2023-04-07,0.0178474197722657
zero_cash,BuyHold_GLD,benchmark,2023-04-14,-0.0006971144778976
zero_cash,BuyHold_GLD,benchmark,2023-04-21,-0.0113221753779837
zero_cash,BuyHold_GLD,benchmark,2023-04-28,0.0029850911900017
zero_cash,BuyHold_GLD,benchmark,2023-05-05,0.014393958972849
zero_cash,BuyHold_GLD,benchmark,2023-05-12,-0.0034674550943849
zero_cash,BuyHold_GLD,benchmark,2023-05-19,-0.0169691034225886
zero_cash,BuyHold_GLD,benchmark,2023-05-26,-0.0148115945858385
zero_cash,BuyHold_GLD,benchmark,2023-06-02,0.0007185766312638
zero_cash,BuyHold_GLD,benchmark,2023-06-09,0.0054680487030536
zero_cash,BuyHold_GLD,benchmark,2023-06-16,-0.0022521886312965
zero_cash,BuyHold_GLD,benchmark,2023-06-23,-0.0188845886822683
zero_cash,BuyHold_GLD,benchmark,2023-06-30,0.0003928581673269
zero_cash,BuyHold_GLD,benchmark,2023-07-07,0.0020754760100976
zero_cash,BuyHold_GLD,benchmark,2023-07-14,0.0156179651571051
zero_cash,BuyHold_GLD,benchmark,2023-07-21,0.0041338258847878
zero_cash,BuyHold_GLD,benchmark,2023-07-28,-0.0017564610730836
zero_cash,BuyHold_GLD,benchmark,2023-08-04,-0.0091828778364705
zero_cash,BuyHold_GLD,benchmark,2023-08-11,-0.014373696114094
zero_cash,BuyHold_GLD,benchmark,2023-08-18,-0.0127815551489218
zero_cash,BuyHold_GLD,benchmark,2023-08-25,0.0130610463823495
zero_cash,BuyHold_GLD,benchmark,2023-09-01,0.0140187229006578
zero_cash,BuyHold_GLD,benchmark,2023-09-08,-0.0112708831959229
zero_cash,BuyHold_GLD,benchmark,2023-09-15,0.0014599871078313
zero_cash,BuyHold_GLD,benchmark,2023-09-22,0.0015700279524868
zero_cash,BuyHold_GLD,benchmark,2023-09-29,-0.0401410724719888
zero_cash,BuyHold_GLD,benchmark,2023-10-06,-0.0102070576328344
zero_cash,BuyHold_GLD,benchmark,2023-10-13,0.0538008547259851
zero_cash,BuyHold_GLD,benchmark,2023-10-20,0.0266174269311523
zero_cash,BuyHold_GLD,benchmark,2023-10-27,0.013944101583194
zero_cash,BuyHold_GLD,benchmark,2023-11-03,-0.0073059395914234
zero_cash,BuyHold_GLD,benchmark,2023-11-10,-0.0285729691603008
zero_cash,BuyHold_GLD,benchmark,2023-11-17,0.023174217533336
zero_cash,BuyHold_GLD,benchmark,2023-11-24,0.0100724458101966
zero_cash,BuyHold_GLD,benchmark,2023-12-01,0.0349826977410132
zero_cash,BuyHold_GLD,benchmark,2023-12-08,-0.0331753309693507
zero_cash,BuyHold_GLD,benchmark,2023-12-15,0.0073260106379176
zero_cash,BuyHold_GLD,benchmark,2023-12-22,0.0174866538634275
zero_cash,BuyHold_GLD,benchmark,2023-12-29,0.00473008817089
zero_cash,BuyHold_GLD,benchmark,2024-01-05,-0.0095202808121663
zero_cash,BuyHold_GLD,benchmark,2024-01-12,0.0019012442500516
zero_cash,BuyHold_GLD,benchmark,2024-01-19,-0.0093828157455641
zero_cash,BuyHold_GLD,benchmark,2024-01-26,-0.0048954302389214
zero_cash,BuyHold_GLD,benchmark,2024-02-02,0.0085557250976613
zero_cash,BuyHold_GLD,benchmark,2024-02-09,-0.0053549361304678
zero_cash,BuyHold_GLD,benchmark,2024-02-16,-0.0067164697474996
zero_cash,BuyHold_GLD,benchmark,2024-02-23,0.0122356918756323
zero_cash,BuyHold_GLD,benchmark,2024-03-01,0.0226381316032164
zero_cash,BuyHold_GLD,benchmark,2024-03-08,0.0453108275225238
zero_cash,BuyHold_GLD,benchmark,2024-03-15,-0.0095223831892541
zero_cash,BuyHold_GLD,benchmark,2024-03-22,0.0032046435738464
zero_cash,BuyHold_GLD,benchmark,2024-03-29,0.0268030693965288
zero_cash,BuyHold_GLD,benchmark,2024-04-05,0.0457903855388335
zero_cash,BuyHold_GLD,benchmark,2024-04-12,0.0081342381935705
zero_cash,BuyHold_GLD,benchmark,2024-04-19,0.0190880142067353
zero_cash,BuyHold_GLD,benchmark,2024-04-26,-0.0199520593877071
zero_cash,BuyHold_GLD,benchmark,2024-05-03,-0.0168958936654962
zero_cash,BuyHold_GLD,benchmark,2024-05-10,0.0270003748061751
zero_cash,BuyHold_GLD,benchmark,2024-05-17,0.0226326953330404
zero_cash,BuyHold_GLD,benchmark,2024-05-24,-0.0346061225361381
zero_cash,BuyHold_GLD,benchmark,2024-05-31,-0.0028714112747555
zero_cash,BuyHold_GLD,benchmark,2024-06-07,-0.0171853083873515
zero_cash,BuyHold_GLD,benchmark,2024-06-14,0.0195179088133061
zero_cash,BuyHold_GLD,benchmark,2024-06-21,-0.0044036386550622
zero_cash,BuyHold_GLD,benchmark,2024-06-28,0.0010708433226849
zero_cash,BuyHold_GLD,benchmark,2024-07-05,0.0275335952755306
zero_cash,BuyHold_GLD,benchmark,2024-07-12,0.0098674150492981
zero_cash,BuyHold_GLD,benchmark,2024-07-19,-0.0061853116356832
zero_cash,BuyHold_GLD,benchmark,2024-07-26,-0.0049609473951293
zero_cash,BuyHold_GLD,benchmark,2024-08-02,0.0213479189178273
zero_cash,BuyHold_GLD,benchmark,2024-08-09,-0.0034614306912799
zero_cash,BuyHold_GLD,benchmark,2024-08-16,0.0330869612368589
zero_cash,BuyHold_GLD,benchmark,2024-08-23,0.0001293106538495
zero_cash,BuyHold_GLD,benchmark,2024-08-30,-0.0031463277859045
zero_cash,BuyHold_GLD,benchmark,2024-09-06,-0.0028535104089169
zero_cash,BuyHold_GLD,benchmark,2024-09-13,0.0349043386486467
zero_cash,BuyHold_GLD,benchmark,2024-09-20,0.0147897358237354
zero_cash,BuyHold_GLD,benchmark,2024-09-27,0.0116014924268315
zero_cash,BuyHold_GLD,benchmark,2024-10-04,-8.164342548411252e-05
zero_cash,BuyHold_GLD,benchmark,2024-10-11,0.0019183723294005
zero_cash,BuyHold_GLD,benchmark,2024-10-18,0.0236281542466079
zero_cash,BuyHold_GLD,benchmark,2024-10-25,0.0081585665495309
zero_cash,BuyHold_GLD,benchmark,2024-11-01,-0.003355463757064
zero_cash,BuyHold_GLD,benchmark,2024-11-08,-0.0178634866916066
zero_cash,BuyHold_GLD,benchmark,2024-11-15,-0.0458542106312206
zero_cash,BuyHold_GLD,benchmark,2024-11-22,0.0560040585193499
zero_cash,BuyHold_GLD,benchmark,2024-11-29,-0.0170108872170018
zero_cash,BuyHold_GLD,benchmark,2024-12-06,-0.0107496210310465
zero_cash,BuyHold_GLD,benchmark,2024-12-13,0.0055155231723509
zero_cash,BuyHold_GLD,benchmark,2024-12-20,-0.0089647027827787
zero_cash,BuyHold_GLD,benchmark,2024-12-27,-0.0028914175521826
zero_cash,BuyHold_GLD,benchmark,2025-01-03,0.0086578775870884
zero_cash,BuyHold_GLD,benchmark,2025-01-10,0.0193847842384464
zero_cash,BuyHold_GLD,benchmark,2025-01-17,0.004270567382143
zero_cash,BuyHold_GLD,benchmark,2025-01-24,0.0255946945668195
zero_cash,BuyHold_GLD,benchmark,2025-01-31,0.0113827644497721
zero_cash,BuyHold_GLD,benchmark,2025-02-07,0.0206528325661841
zero_cash,BuyHold_GLD,benchmark,2025-02-14,0.0090565164975904
zero_cash,BuyHold_GLD,benchmark,2025-02-21,0.0167110351371009
zero_cash,BuyHold_GLD,benchmark,2025-02-28,-0.0275910522647078
zero_cash,BuyHold_GLD,benchmark,2025-03-07,0.0194478134554856
zero_cash,BuyHold_GLD,benchmark,2025-03-14,0.0255224680952093
zero_cash,BuyHold_GLD,benchmark,2025-03-21,0.0118078771810468
zero_cash,BuyHold_GLD,benchmark,2025-03-28,0.020000745159749
zero_cash,BuyHold_GLD,benchmark,2025-04-04,-0.0152784495359836
zero_cash,BuyHold_GLD,benchmark,2025-04-11,0.0651007842685877
zero_cash,BuyHold_GLD,benchmark,2025-04-18,0.027489687653968
zero_cash,BuyHold_GLD,benchmark,2025-04-25,-0.0045406512251094
zero_cash,BuyHold_GLD,benchmark,2025-05-02,-0.0221507556087177
zero_cash,BuyHold_GLD,benchmark,2025-05-09,0.029733488908318
zero_cash,BuyHold_GLD,benchmark,2025-05-16,-0.0410637669596389
zero_cash,BuyHold_GLD,benchmark,2025-05-23,0.0527121067169373
zero_cash,BuyHold_GLD,benchmark,2025-05-30,-0.0198547018449858
zero_cash,BuyHold_GLD,benchmark,2025-06-06,0.0052041717407835
zero_cash,BuyHold_GLD,benchmark,2025-06-13,0.0364047976137928
zero_cash,BuyHold_GLD,benchmark,2025-06-20,-0.019475808579753
zero_cash,BuyHold_GLD,benchmark,2025-06-27,-0.0287298988225153
zero_cash,BuyHold_GLD,benchmark,2025-07-04,0.0196534539663479
zero_cash,BuyHold_GLD,benchmark,2025-07-11,0.0065116881702609
zero_cash,BuyHold_GLD,benchmark,2025-07-18,-0.0024260851538514
zero_cash,BuyHold_GLD,benchmark,2025-07-25,-0.0032102879630578
zero_cash,BuyHold_GLD,benchmark,2025-08-01,0.0055627569584597
zero_cash,BuyHold_GLD,benchmark,2025-08-08,0.0127462800560296
zero_cash,BuyHold_GLD,benchmark,2025-08-15,-0.0179523888718506
zero_cash,BuyHold_GLD,benchmark,2025-08-22,0.0102462153060205
zero_cash,BuyHold_GLD,benchmark,2025-08-29,0.0241162376063479
zero_cash,BuyHold_GLD,benchmark,2025-09-05,0.0408085646865756
zero_cash,BuyHold_GLD,benchmark,2025-09-12,0.0132005008183191
zero_cash,BuyHold_GLD,benchmark,2025-09-19,0.0112097641688782
zero_cash,BuyHold_GLD,benchmark,2025-09-26,0.0222890433452549
zero_cash,BuyHold_GLD,benchmark,2025-10-03,0.0314357291372557
zero_cash,BuyHold_GLD,benchmark,2025-10-10,0.0320992618234703
zero_cash,BuyHold_GLD,benchmark,2025-10-17,0.0538307200369332
zero_cash,BuyHold_GLD,benchmark,2025-10-24,-0.0294866230716944
zero_cash,BuyHold_GLD,benchmark,2025-10-31,-0.0248993276383676
zero_cash,BuyHold_GLD,benchmark,2025-11-07,0.0005161426815345
zero_cash,BuyHold_GLD,benchmark,2025-11-14,0.0207705301164609
zero_cash,BuyHold_GLD,benchmark,2025-11-21,-0.0044951656554342
zero_cash,BuyHold_GLD,benchmark,2025-11-28,0.0363641656254822
zero_cash,BuyHold_GLD,benchmark,2025-12-05,-0.00371249464597
zero_cash,BuyHold_GLD,benchmark,2025-12-12,0.0232895143958722
zero_cash,BuyHold_GLD,benchmark,2025-12-19,0.0090531725423912
zero_cash,BuyHold_GLD,benchmark,2025-12-26,0.0444088058458043
zero_cash,BuyHold_GLD,benchmark,2026-01-02,-0.0442961844019246
zero_cash,BuyHold_GLD,benchmark,2026-01-09,0.0406498003691564
zero_cash,BuyHold_GLD,benchmark,2026-01-16,0.0164547670618677
zero_cash,BuyHold_GLD,benchmark,2026-01-23,0.087137104394831
zero_cash,BuyHold_GLD,benchmark,2026-01-30,-0.0284934231287526
zero_cash,BuyHold_GLD,benchmark,2026-02-06,0.0236205842447683
zero_cash,BuyHold_GLD,benchmark,2026-02-13,0.0157203789497184
zero_cash,BuyHold_GLD,benchmark,2026-02-20,0.0129696080224117
zero_cash,BuyHold_GLD,benchmark,2026-02-27,0.0322862981530034
zero_cash,BuyHold_GLD,benchmark,2026-03-06,-0.0211679384689922
zero_cash,BuyHold_GLD,benchmark,2026-03-13,-0.0267576464413196
zero_cash,BuyHold_GLD,benchmark,2026-03-20,-0.1029858341989052
zero_cash,BuyHold_GLD,benchmark,2026-03-27,0.0031932055460519
zero_cash,BuyHold_GLD,benchmark,2026-04-03,0.0354714034773995
zero_cash,BuyHold_GLD,benchmark,2026-04-10,0.017978158764037
zero_cash,BuyHold_GLD,benchmark,2026-04-17,0.02013128290136
zero_cash,BuyHold_GLD,benchmark,2026-04-24,-0.0284349402014777
zero_cash,BuyHold_GLD,benchmark,2026-05-01,-0.0232429482382429
zero_cash,BuyHold_GLD,benchmark,2026-05-08,0.0250248039160114
zero_cash,BuyHold_GLD,benchmark,2026-05-15,-0.0379924404319049
zero_cash,BuyHold_SPY,benchmark,2022-01-07,-0.018675073862314
zero_cash,BuyHold_SPY,benchmark,2022-01-14,-0.0029394357546579
zero_cash,BuyHold_SPY,benchmark,2022-01-21,-0.05753984096402
zero_cash,BuyHold_SPY,benchmark,2022-01-28,0.0090640787490174
zero_cash,BuyHold_SPY,benchmark,2022-02-04,0.0152732656473508
zero_cash,BuyHold_SPY,benchmark,2022-02-11,-0.0183641282698778
zero_cash,BuyHold_SPY,benchmark,2022-02-18,-0.0141443446014455
zero_cash,BuyHold_SPY,benchmark,2022-02-25,0.0081063506961274
zero_cash,BuyHold_SPY,benchmark,2022-03-04,-0.0127470024561218
zero_cash,BuyHold_SPY,benchmark,2022-03-11,-0.0279981097400263
zero_cash,BuyHold_SPY,benchmark,2022-03-18,0.0614918064576446
zero_cash,BuyHold_SPY,benchmark,2022-03-25,0.0183792855374691
zero_cash,BuyHold_SPY,benchmark,2022-04-01,0.000508093664203
zero_cash,BuyHold_SPY,benchmark,2022-04-08,-0.0118120917003621
zero_cash,BuyHold_SPY,benchmark,2022-04-15,-0.0218514506313793
zero_cash,BuyHold_SPY,benchmark,2022-04-22,-0.0268391267889528
zero_cash,BuyHold_SPY,benchmark,2022-04-29,-0.0329550061784486
zero_cash,BuyHold_SPY,benchmark,2022-05-06,-0.0016017113309452
zero_cash,BuyHold_SPY,benchmark,2022-05-13,-0.0233871261120672
zero_cash,BuyHold_SPY,benchmark,2022-05-20,-0.0300953812238435
zero_cash,BuyHold_SPY,benchmark,2022-05-27,0.0657802555520643
zero_cash,BuyHold_SPY,benchmark,2022-06-03,-0.0113663430896742
zero_cash,BuyHold_SPY,benchmark,2022-06-10,-0.0505187898208756
zero_cash,BuyHold_SPY,benchmark,2022-06-17,-0.0573618672323341
zero_cash,BuyHold_SPY,benchmark,2022-06-24,0.0662002214263233
zero_cash,BuyHold_SPY,benchmark,2022-07-01,-0.022661910301678
zero_cash,BuyHold_SPY,benchmark,2022-07-08,0.0194890435880372
zero_cash,BuyHold_SPY,benchmark,2022-07-15,-0.0091078429946964
zero_cash,BuyHold_SPY,benchmark,2022-07-22,0.0258612474001553
zero_cash,BuyHold_SPY,benchmark,2022-07-29,0.0427750349651714
zero_cash,BuyHold_SPY,benchmark,2022-08-05,0.0035922164071882
zero_cash,BuyHold_SPY,benchmark,2022-08-12,0.0329650009125468
zero_cash,BuyHold_SPY,benchmark,2022-08-19,-0.0116130893937969
zero_cash,BuyHold_SPY,benchmark,2022-08-26,-0.0398684045677907
zero_cash,BuyHold_SPY,benchmark,2022-09-02,-0.0322469522704795
zero_cash,BuyHold_SPY,benchmark,2022-09-09,0.0366103972208409
zero_cash,BuyHold_SPY,benchmark,2022-09-16,-0.0478511047644425
zero_cash,BuyHold_SPY,benchmark,2022-09-23,-0.0456736214475272
zero_cash,BuyHold_SPY,benchmark,2022-09-30,-0.02927044688987
zero_cash,BuyHold_SPY,benchmark,2022-10-07,0.0157063553252989
zero_cash,BuyHold_SPY,benchmark,2022-10-14,-0.0142229358901261
zero_cash,BuyHold_SPY,benchmark,2022-10-21,0.046584309708139
zero_cash,BuyHold_SPY,benchmark,2022-10-28,0.0393545349762172
zero_cash,BuyHold_SPY,benchmark,2022-11-04,-0.0325691147485351
zero_cash,BuyHold_SPY,benchmark,2022-11-11,0.0588814420935563
zero_cash,BuyHold_SPY,benchmark,2022-11-18,-0.0062230994015481
zero_cash,BuyHold_SPY,benchmark,2022-11-25,0.015907885319681
zero_cash,BuyHold_SPY,benchmark,2022-12-02,0.0113835551933754
zero_cash,BuyHold_SPY,benchmark,2022-12-09,-0.0334963190288196
zero_cash,BuyHold_SPY,benchmark,2022-12-16,-0.0209774822191132
zero_cash,BuyHold_SPY,benchmark,2022-12-23,-0.0009393136440435
zero_cash,BuyHold_SPY,benchmark,2022-12-30,-0.0012535402869209
zero_cash,BuyHold_SPY,benchmark,2023-01-06,0.0147740142034777
zero_cash,BuyHold_SPY,benchmark,2023-01-13,0.0268500539630944
zero_cash,BuyHold_SPY,benchmark,2023-01-20,-0.0065745006355217
zero_cash,BuyHold_SPY,benchmark,2023-01-27,0.024754737566925
zero_cash,BuyHold_SPY,benchmark,2023-02-03,0.0164417368554659
zero_cash,BuyHold_SPY,benchmark,2023-02-10,-0.0104522983321717
zero_cash,BuyHold_SPY,benchmark,2023-02-17,-0.0019115691359679
zero_cash,BuyHold_SPY,benchmark,2023-02-24,-0.0267150463838714
zero_cash,BuyHold_SPY,benchmark,2023-03-03,0.0197032189296877
zero_cash,BuyHold_SPY,benchmark,2023-03-10,-0.0452262703631985
zero_cash,BuyHold_SPY,benchmark,2023-03-17,0.0144291150071853
zero_cash,BuyHold_SPY,benchmark,2023-03-24,0.0147698420759161
zero_cash,BuyHold_SPY,benchmark,2023-03-31,0.0344662040753984
zero_cash,BuyHold_SPY,benchmark,2023-04-07,-0.0004885651205714
zero_cash,BuyHold_SPY,benchmark,2023-04-14,0.0079912894162594
zero_cash,BuyHold_SPY,benchmark,2023-04-21,-0.0006302458820078
zero_cash,BuyHold_SPY,benchmark,2023-04-28,0.0090488895153177
zero_cash,BuyHold_SPY,benchmark,2023-05-05,-0.007933846590442
zero_cash,BuyHold_SPY,benchmark,2023-05-12,-0.0025205592819464
zero_cash,BuyHold_SPY,benchmark,2023-05-19,0.0170801138674256
zero_cash,BuyHold_SPY,benchmark,2023-05-26,0.003344323505914
zero_cash,BuyHold_SPY,benchmark,2023-06-02,0.0188086699731147
zero_cash,BuyHold_SPY,benchmark,2023-06-09,0.0046269568817183
zero_cash,BuyHold_SPY,benchmark,2023-06-16,0.0260350275244083
zero_cash,BuyHold_SPY,benchmark,2023-06-23,-0.0142220469227684
zero_cash,BuyHold_SPY,benchmark,2023-06-30,0.0232449875411027
zero_cash,BuyHold_SPY,benchmark,2023-07-07,-0.0106705021219477
zero_cash,BuyHold_SPY,benchmark,2023-07-14,0.0244672694579735
zero_cash,BuyHold_SPY,benchmark,2023-07-21,0.0064544953192409
zero_cash,BuyHold_SPY,benchmark,2023-07-28,0.0104827011987507
zero_cash,BuyHold_SPY,benchmark,2023-08-04,-0.0221264645604682
zero_cash,BuyHold_SPY,benchmark,2023-08-11,-0.0025961841170725
zero_cash,BuyHold_SPY,benchmark,2023-08-18,-0.0205317902190812
zero_cash,BuyHold_SPY,benchmark,2023-08-25,0.0079496421806888
zero_cash,BuyHold_SPY,benchmark,2023-09-01,0.0255016161893693
zero_cash,BuyHold_SPY,benchmark,2023-09-08,-0.0125666747198033
zero_cash,BuyHold_SPY,benchmark,2023-09-15,-0.0013155378996895
zero_cash,BuyHold_SPY,benchmark,2023-09-22,-0.0292079772500583
zero_cash,BuyHold_SPY,benchmark,2023-09-29,-0.0068305995939531
zero_cash,BuyHold_SPY,benchmark,2023-10-06,0.0048188706941028
zero_cash,BuyHold_SPY,benchmark,2023-10-13,0.0045630384721468
zero_cash,BuyHold_SPY,benchmark,2023-10-20,-0.0238934513309463
zero_cash,BuyHold_SPY,benchmark,2023-10-27,-0.0249530691922279
zero_cash,BuyHold_SPY,benchmark,2023-11-03,0.0584640634339883
zero_cash,BuyHold_SPY,benchmark,2023-11-10,0.0136188461398059
zero_cash,BuyHold_SPY,benchmark,2023-11-17,0.0231045317569407
zero_cash,BuyHold_SPY,benchmark,2023-11-24,0.0100044559856178
zero_cash,BuyHold_SPY,benchmark,2023-12-01,0.0083462058319092
zero_cash,BuyHold_SPY,benchmark,2023-12-08,0.0023960075593085
zero_cash,BuyHold_SPY,benchmark,2023-12-15,0.0239739558087515
zero_cash,BuyHold_SPY,benchmark,2023-12-22,0.0092047131327579
zero_cash,BuyHold_SPY,benchmark,2023-12-29,0.0035046282715331
zero_cash,BuyHold_SPY,benchmark,2024-01-05,-0.0155476183250625
zero_cash,BuyHold_SPY,benchmark,2024-01-12,0.0187210262970112
zero_cash,BuyHold_SPY,benchmark,2024-01-19,0.0120626174636597
zero_cash,BuyHold_SPY,benchmark,2024-01-26,0.0103227974478838
zero_cash,BuyHold_SPY,benchmark,2024-02-02,0.0142385063525758
zero_cash,BuyHold_SPY,benchmark,2024-02-09,0.0138565687287051
zero_cash,BuyHold_SPY,benchmark,2024-02-16,-0.0033719225927447
zero_cash,BuyHold_SPY,benchmark,2024-02-23,0.0166963096551018
zero_cash,BuyHold_SPY,benchmark,2024-03-01,0.009845492581195
zero_cash,BuyHold_SPY,benchmark,2024-03-08,-0.0022033647720639
zero_cash,BuyHold_SPY,benchmark,2024-03-15,-0.0005978938595926
zero_cash,BuyHold_SPY,benchmark,2024-03-22,0.02232121478972
zero_cash,BuyHold_SPY,benchmark,2024-03-29,0.0035684738785528
zero_cash,BuyHold_SPY,benchmark,2024-04-05,-0.008870517976383
zero_cash,BuyHold_SPY,benchmark,2024-04-12,-0.0146212346324573
zero_cash,BuyHold_SPY,benchmark,2024-04-19,-0.0307134682236452
zero_cash,BuyHold_SPY,benchmark,2024-04-26,0.0264561528044324
zero_cash,BuyHold_SPY,benchmark,2024-05-03,0.0059614477423846
zero_cash,BuyHold_SPY,benchmark,2024-05-10,0.0186783396838461
zero_cash,BuyHold_SPY,benchmark,2024-05-17,0.0165310257878721
zero_cash,BuyHold_SPY,benchmark,2024-05-24,-1.8893738544245583e-05
zero_cash,BuyHold_SPY,benchmark,2024-05-31,-0.0039098968925589
zero_cash,BuyHold_SPY,benchmark,2024-06-07,0.0125908935283143
zero_cash,BuyHold_SPY,benchmark,2024-06-14,0.0164228137238258
zero_cash,BuyHold_SPY,benchmark,2024-06-21,0.0064237988680226
zero_cash,BuyHold_SPY,benchmark,2024-06-28,-0.0005326532219225
zero_cash,BuyHold_SPY,benchmark,2024-07-05,0.0191465723579478
zero_cash,BuyHold_SPY,benchmark,2024-07-12,0.0096461324458367
zero_cash,BuyHold_SPY,benchmark,2024-07-19,-0.0196435705708679
zero_cash,BuyHold_SPY,benchmark,2024-07-26,-0.0082877402992322
zero_cash,BuyHold_SPY,benchmark,2024-08-02,-0.0211960072653448
zero_cash,BuyHold_SPY,benchmark,2024-08-09,0.000168867281777
zero_cash,BuyHold_SPY,benchmark,2024-08-16,0.0400006407454722
zero_cash,BuyHold_SPY,benchmark,2024-08-23,0.014107589454104
zero_cash,BuyHold_SPY,benchmark,2024-08-30,0.0027576108407343
zero_cash,BuyHold_SPY,benchmark,2024-09-06,-0.0413711397046833
zero_cash,BuyHold_SPY,benchmark,2024-09-13,0.0400658578292496
zero_cash,BuyHold_SPY,benchmark,2024-09-20,0.0142044944213934
zero_cash,BuyHold_SPY,benchmark,2024-09-27,0.0056663344011966
zero_cash,BuyHold_SPY,benchmark,2024-10-04,0.0026424944991518
zero_cash,BuyHold_SPY,benchmark,2024-10-11,0.0115185439677361
zero_cash,BuyHold_SPY,benchmark,2024-10-18,0.0086442192888969
zero_cash,BuyHold_SPY,benchmark,2024-10-25,-0.0094940102351918
zero_cash,BuyHold_SPY,benchmark,2024-11-01,-0.0138158184860914
zero_cash,BuyHold_SPY,benchmark,2024-11-08,0.0475449032477348
zero_cash,BuyHold_SPY,benchmark,2024-11-15,-0.0207962006609542
zero_cash,BuyHold_SPY,benchmark,2024-11-22,0.0166624398823458
zero_cash,BuyHold_SPY,benchmark,2024-11-29,0.0118217259686528
zero_cash,BuyHold_SPY,benchmark,2024-12-06,0.0087297089739559
zero_cash,BuyHold_SPY,benchmark,2024-12-13,-0.005923005527934
zero_cash,BuyHold_SPY,benchmark,2024-12-20,-0.0183218775754889
zero_cash,BuyHold_SPY,benchmark,2024-12-27,0.0065295452048217
zero_cash,BuyHold_SPY,benchmark,2025-01-03,-0.0051427530764628
zero_cash,BuyHold_SPY,benchmark,2025-01-10,-0.019359859043548
zero_cash,BuyHold_SPY,benchmark,2025-01-17,0.0294407693854399
zero_cash,BuyHold_SPY,benchmark,2025-01-24,0.0173866189743703
zero_cash,BuyHold_SPY,benchmark,2025-01-31,-0.0101155476231773
zero_cash,BuyHold_SPY,benchmark,2025-02-07,-0.0017445828264772
zero_cash,BuyHold_SPY,benchmark,2025-02-14,0.014864248820869
zero_cash,BuyHold_SPY,benchmark,2025-02-21,-0.0160079378539966
zero_cash,BuyHold_SPY,benchmark,2025-02-28,-0.0096010184058653
zero_cash,BuyHold_SPY,benchmark,2025-03-07,-0.0307313217335211
zero_cash,BuyHold_SPY,benchmark,2025-03-14,-0.0227636912866553
zero_cash,BuyHold_SPY,benchmark,2025-03-21,0.0050933918700246
zero_cash,BuyHold_SPY,benchmark,2025-03-28,-0.0147523026322631
zero_cash,BuyHold_SPY,benchmark,2025-04-04,-0.0906669697524196
zero_cash,BuyHold_SPY,benchmark,2025-04-11,0.0567209575155149
zero_cash,BuyHold_SPY,benchmark,2025-04-18,-0.0141026775003829
zero_cash,BuyHold_SPY,benchmark,2025-04-25,0.0460287568172073
zero_cash,BuyHold_SPY,benchmark,2025-05-02,0.0292749419049656
zero_cash,BuyHold_SPY,benchmark,2025-05-09,-0.0042697863625426
zero_cash,BuyHold_SPY,benchmark,2025-05-16,0.0529113083247843
zero_cash,BuyHold_SPY,benchmark,2025-05-23,-0.0253954401204774
zero_cash,BuyHold_SPY,benchmark,2025-05-30,0.0177514174728425
zero_cash,BuyHold_SPY,benchmark,2025-06-06,0.0165424721711946
zero_cash,BuyHold_SPY,benchmark,2025-06-13,-0.0035717468886059
zero_cash,BuyHold_SPY,benchmark,2025-06-20,-0.0016132749958093
zero_cash,BuyHold_SPY,benchmark,2025-06-27,0.0347142713616763
zero_cash,BuyHold_SPY,benchmark,2025-07-04,0.0169618483537803
zero_cash,BuyHold_SPY,benchmark,2025-07-11,-0.002750556947425
zero_cash,BuyHold_SPY,benchmark,2025-07-18,0.0063499282876799
zero_cash,BuyHold_SPY,benchmark,2025-07-25,0.0151694028131423
zero_cash,BuyHold_SPY,benchmark,2025-08-01,-0.0241405905887579
zero_cash,BuyHold_SPY,benchmark,2025-08-08,0.0248665795099987
zero_cash,BuyHold_SPY,benchmark,2025-08-15,0.0098245205256075
zero_cash,BuyHold_SPY,benchmark,2025-08-22,0.0029061210683207
zero_cash,BuyHold_SPY,benchmark,2025-08-29,-0.0004028107279857
zero_cash,BuyHold_SPY,benchmark,2025-09-05,0.0033950694152806
zero_cash,BuyHold_SPY,benchmark,2025-09-12,0.0157127956247666
zero_cash,BuyHold_SPY,benchmark,2025-09-19,0.0123669398115859
zero_cash,BuyHold_SPY,benchmark,2025-09-26,-0.0028325562231473
zero_cash,BuyHold_SPY,benchmark,2025-10-03,0.0111661541395238
zero_cash,BuyHold_SPY,benchmark,2025-10-10,-0.0241927820470251
zero_cash,BuyHold_SPY,benchmark,2025-10-17,0.0174114706353449
zero_cash,BuyHold_SPY,benchmark,2025-10-24,0.0193560707689102
zero_cash,BuyHold_SPY,benchmark,2025-10-31,0.0071021742387391
zero_cash,BuyHold_SPY,benchmark,2025-11-07,-0.0162595831149804
zero_cash,BuyHold_SPY,benchmark,2025-11-14,0.0014308021887614
zero_cash,BuyHold_SPY,benchmark,2025-11-21,-0.0191983407406757
zero_cash,BuyHold_SPY,benchmark,2025-11-28,0.0369633625376812
zero_cash,BuyHold_SPY,benchmark,2025-12-05,0.003365588310136
zero_cash,BuyHold_SPY,benchmark,2025-12-12,-0.0057314023718574
zero_cash,BuyHold_SPY,benchmark,2025-12-19,0.001233668100784
zero_cash,BuyHold_SPY,benchmark,2025-12-26,0.0142816586824037
zero_cash,BuyHold_SPY,benchmark,2026-01-02,-0.0103431660037227
zero_cash,BuyHold_SPY,benchmark,2026-01-09,0.0159550146686624
zero_cash,BuyHold_SPY,benchmark,2026-01-16,-0.0034722813138657
zero_cash,BuyHold_SPY,benchmark,2026-01-23,-0.0035133148038901
zero_cash,BuyHold_SPY,benchmark,2026-01-30,0.0039754606543944
zero_cash,BuyHold_SPY,benchmark,2026-02-06,-0.001950937693641
zero_cash,BuyHold_SPY,benchmark,2026-02-13,-0.0128435082371082
zero_cash,BuyHold_SPY,benchmark,2026-02-20,0.0112651792695637
zero_cash,BuyHold_SPY,benchmark,2026-02-27,-0.0049896771880904
zero_cash,BuyHold_SPY,benchmark,2026-03-06,-0.0198399468125016
zero_cash,BuyHold_SPY,benchmark,2026-03-13,-0.0150063670381302
zero_cash,BuyHold_SPY,benchmark,2026-03-20,-0.018041555783047
zero_cash,BuyHold_SPY,benchmark,2026-03-27,-0.0223260099992744
zero_cash,BuyHold_SPY,benchmark,2026-04-03,0.0342853369610405
zero_cash,BuyHold_SPY,benchmark,2026-04-10,0.0360306851883167
zero_cash,BuyHold_SPY,benchmark,2026-04-17,0.0451534920137155
zero_cash,BuyHold_SPY,benchmark,2026-04-24,0.0053510402379592
zero_cash,BuyHold_SPY,benchmark,2026-05-01,0.0093985796421414
zero_cash,BuyHold_SPY,benchmark,2026-05-08,0.023548144214555
zero_cash,BuyHold_SPY,benchmark,2026-05-15,0.0021013364648858
zero_cash,BuyHold_TLT,benchmark,2022-01-07,-0.0400158700337391
zero_cash,BuyHold_TLT,benchmark,2022-01-14,-0.001125026085222
zero_cash,BuyHold_TLT,benchmark,2022-01-21,0.0107669663170117
zero_cash,BuyHold_TLT,benchmark,2022-01-28,-0.0034812812679686
zero_cash,BuyHold_TLT,benchmark,2022-02-04,-0.0274325300408365
zero_cash,BuyHold_TLT,benchmark,2022-02-11,-0.005467215254544
zero_cash,BuyHold_TLT,benchmark,2022-02-18,-0.0001444819272948
zero_cash,BuyHold_TLT,benchmark,2022-02-25,-0.0098387534233249
zero_cash,BuyHold_TLT,benchmark,2022-03-04,0.0259787731145724
zero_cash,BuyHold_TLT,benchmark,2022-03-11,-0.0380060538719903
zero_cash,BuyHold_TLT,benchmark,2022-03-18,-0.0108964449123148
zero_cash,BuyHold_TLT,benchmark,2022-03-25,-0.0358213560914814
zero_cash,BuyHold_TLT,benchmark,2022-04-01,0.0304899237081401
zero_cash,BuyHold_TLT,benchmark,2022-04-08,-0.0548424784419452
zero_cash,BuyHold_TLT,benchmark,2022-04-15,-0.0349263565643898
zero_cash,BuyHold_TLT,benchmark,2022-04-22,-0.0062939809624468
zero_cash,BuyHold_TLT,benchmark,2022-04-29,-0.0045003565221348
zero_cash,BuyHold_TLT,benchmark,2022-05-06,-0.0467684542459176
zero_cash,BuyHold_TLT,benchmark,2022-05-13,0.0203217610212
zero_cash,BuyHold_TLT,benchmark,2022-05-20,0.0218143400928998
zero_cash,BuyHold_TLT,benchmark,2022-05-27,0.0048093519881793
zero_cash,BuyHold_TLT,benchmark,2022-06-03,-0.0238791807921948
zero_cash,BuyHold_TLT,benchmark,2022-06-10,-0.0194780136097545
zero_cash,BuyHold_TLT,benchmark,2022-06-17,-0.0148544696919552
zero_cash,BuyHold_TLT,benchmark,2022-06-24,0.0042826723218396
zero_cash,BuyHold_TLT,benchmark,2022-07-01,0.0309997702031921
zero_cash,BuyHold_TLT,benchmark,2022-07-08,-0.0286650061825886
zero_cash,BuyHold_TLT,benchmark,2022-07-15,0.0323553452227012
zero_cash,BuyHold_TLT,benchmark,2022-07-22,0.0207508759565524
zero_cash,BuyHold_TLT,benchmark,2022-07-29,-0.0094474820583363
zero_cash,BuyHold_TLT,benchmark,2022-08-05,-0.0063727818678953
zero_cash,BuyHold_TLT,benchmark,2022-08-12,-0.0078989922048542
zero_cash,BuyHold_TLT,benchmark,2022-08-19,-0.0217221470656538
zero_cash,BuyHold_TLT,benchmark,2022-08-26,0.0051308886641143
zero_cash,BuyHold_TLT,benchmark,2022-09-02,-0.0278737934419478
zero_cash,BuyHold_TLT,benchmark,2022-09-09,-0.0173288627350196
zero_cash,BuyHold_TLT,benchmark,2022-09-16,-0.0114486890675163
zero_cash,BuyHold_TLT,benchmark,2022-09-23,-0.0127952935430986
zero_cash,BuyHold_TLT,benchmark,2022-09-30,-0.0307473871162652
zero_cash,BuyHold_TLT,benchmark,2022-10-07,-0.0118978026477036
zero_cash,BuyHold_TLT,benchmark,2022-10-14,-0.0239626419536415
zero_cash,BuyHold_TLT,benchmark,2022-10-21,-0.0547834010953813
zero_cash,BuyHold_TLT,benchmark,2022-10-28,0.0389608750391139
zero_cash,BuyHold_TLT,benchmark,2022-11-04,-0.0242565333982228
zero_cash,BuyHold_TLT,benchmark,2022-11-11,0.0389512888679437
zero_cash,BuyHold_TLT,benchmark,2022-11-18,0.0178771884010273
zero_cash,BuyHold_TLT,benchmark,2022-11-25,0.0327177859447771
zero_cash,BuyHold_TLT,benchmark,2022-12-02,0.0431966868689412
zero_cash,BuyHold_TLT,benchmark,2022-12-09,-0.007096901576936
zero_cash,BuyHold_TLT,benchmark,2022-12-16,0.0097725860144535
zero_cash,BuyHold_TLT,benchmark,2022-12-23,-0.0462140323371901
zero_cash,BuyHold_TLT,benchmark,2022-12-30,-0.0254504964731592
zero_cash,BuyHold_TLT,benchmark,2023-01-06,0.0564485020155616
zero_cash,BuyHold_TLT,benchmark,2023-01-13,0.0149268604629009
zero_cash,BuyHold_TLT,benchmark,2023-01-20,-0.0051522449323716
zero_cash,BuyHold_TLT,benchmark,2023-01-27,0.0048019550418476
zero_cash,BuyHold_TLT,benchmark,2023-02-03,0.0024789075268942
zero_cash,BuyHold_TLT,benchmark,2023-02-10,-0.0310216690781428
zero_cash,BuyHold_TLT,benchmark,2023-02-17,-0.0097688466066996
zero_cash,BuyHold_TLT,benchmark,2023-02-24,-0.0137718523729677
zero_cash,BuyHold_TLT,benchmark,2023-03-03,0.0115977291857809
zero_cash,BuyHold_TLT,benchmark,2023-03-10,0.0363137215998208
zero_cash,BuyHold_TLT,benchmark,2023-03-17,0.0119327070982793
zero_cash,BuyHold_TLT,benchmark,2023-03-24,0.0
zero_cash,BuyHold_TLT,benchmark,2023-03-31,-0.0044920964804446
zero_cash,BuyHold_TLT,benchmark,2023-04-07,0.02289328360885
zero_cash,BuyHold_TLT,benchmark,2023-04-14,-0.0317883081496594
zero_cash,BuyHold_TLT,benchmark,2023-04-21,-0.0064711707487512
zero_cash,BuyHold_TLT,benchmark,2023-04-28,0.019731534185382
zero_cash,BuyHold_TLT,benchmark,2023-05-05,-0.0122605172908553
zero_cash,BuyHold_TLT,benchmark,2023-05-12,-0.0059109364741669
zero_cash,BuyHold_TLT,benchmark,2023-05-19,-0.030402103868933
zero_cash,BuyHold_TLT,benchmark,2023-05-26,-9.896398359376946e-05
zero_cash,BuyHold_TLT,benchmark,2023-06-02,0.0115844541544927
zero_cash,BuyHold_TLT,benchmark,2023-06-09,-0.0006863163267966
zero_cash,BuyHold_TLT,benchmark,2023-06-16,0.0066720617101139
zero_cash,BuyHold_TLT,benchmark,2023-06-23,0.007114720412457
zero_cash,BuyHold_TLT,benchmark,2023-06-30,-0.0037741993947794
zero_cash,BuyHold_TLT,benchmark,2023-07-07,-0.0348909504245357
zero_cash,BuyHold_TLT,benchmark,2023-07-14,0.0223050348594098
zero_cash,BuyHold_TLT,benchmark,2023-07-21,0.004343770862339
zero_cash,BuyHold_TLT,benchmark,2023-07-28,-0.0188731563158134
zero_cash,BuyHold_TLT,benchmark,2023-08-04,-0.0301971316614366
zero_cash,BuyHold_TLT,benchmark,2023-08-11,-0.0120166764500493
zero_cash,BuyHold_TLT,benchmark,2023-08-18,-0.016777104402235
zero_cash,BuyHold_TLT,benchmark,2023-08-25,0.0154637637351131
zero_cash,BuyHold_TLT,benchmark,2023-09-01,-0.000898053698849
zero_cash,BuyHold_TLT,benchmark,2023-09-08,-0.0050606904241139
zero_cash,BuyHold_TLT,benchmark,2023-09-15,-0.0149409455864929
zero_cash,BuyHold_TLT,benchmark,2023-09-22,-0.0164589859533702
zero_cash,BuyHold_TLT,benchmark,2023-09-29,-0.0299679401061024
zero_cash,BuyHold_TLT,benchmark,2023-10-06,-0.0409462070151481
zero_cash,BuyHold_TLT,benchmark,2023-10-13,0.0332589096339714
zero_cash,BuyHold_TLT,benchmark,2023-10-20,-0.0498802189533282
zero_cash,BuyHold_TLT,benchmark,2023-10-27,0.0135754334667286
zero_cash,BuyHold_TLT,benchmark,2023-11-03,0.0422053498649108
zero_cash,BuyHold_TLT,benchmark,2023-11-10,0.004108259066716
zero_cash,BuyHold_TLT,benchmark,2023-11-17,0.023298076467477
zero_cash,BuyHold_TLT,benchmark,2023-11-24,-0.0026653749340502
zero_cash,BuyHold_TLT,benchmark,2023-12-01,0.0388025102100073
zero_cash,BuyHold_TLT,benchmark,2023-12-08,0.0166680004967116
zero_cash,BuyHold_TLT,benchmark,2023-12-15,0.0521416093639972
zero_cash,BuyHold_TLT,benchmark,2023-12-22,-0.0067573638374753
zero_cash,BuyHold_TLT,benchmark,2023-12-29,0.0040616870266869
zero_cash,BuyHold_TLT,benchmark,2024-01-05,-0.0261934720009155
zero_cash,BuyHold_TLT,benchmark,2024-01-12,0.0023887299725142
zero_cash,BuyHold_TLT,benchmark,2024-01-19,-0.0251762590244996
zero_cash,BuyHold_TLT,benchmark,2024-01-26,-0.0032945536817162
zero_cash,BuyHold_TLT,benchmark,2024-02-02,0.027715087727363
zero_cash,BuyHold_TLT,benchmark,2024-02-09,-0.0231082867319508
zero_cash,BuyHold_TLT,benchmark,2024-02-16,-0.0116143426534252
zero_cash,BuyHold_TLT,benchmark,2024-02-23,0.0119662569487459
zero_cash,BuyHold_TLT,benchmark,2024-03-01,0.0095543329031151
zero_cash,BuyHold_TLT,benchmark,2024-03-08,0.0133371380989084
zero_cash,BuyHold_TLT,benchmark,2024-03-15,-0.0291442858024344
zero_cash,BuyHold_TLT,benchmark,2024-03-22,0.0111898975120616
zero_cash,BuyHold_TLT,benchmark,2024-03-29,0.0068102175341735
zero_cash,BuyHold_TLT,benchmark,2024-04-05,-0.0309415573218923
zero_cash,BuyHold_TLT,benchmark,2024-04-12,-0.0120361040234011
zero_cash,BuyHold_TLT,benchmark,2024-04-19,-0.0126260643789357
zero_cash,BuyHold_TLT,benchmark,2024-04-26,-0.0102073794296451
zero_cash,BuyHold_TLT,benchmark,2024-05-03,0.0216992511089528
zero_cash,BuyHold_TLT,benchmark,2024-05-10,0.0031167367049835
zero_cash,BuyHold_TLT,benchmark,2024-05-17,0.0140921605631221
zero_cash,BuyHold_TLT,benchmark,2024-05-24,-0.0001091156386624
zero_cash,BuyHold_TLT,benchmark,2024-05-31,-0.0101775077760196
zero_cash,BuyHold_TLT,benchmark,2024-06-07,0.015065150170997
zero_cash,BuyHold_TLT,benchmark,2024-06-14,0.0346448484196804
zero_cash,BuyHold_TLT,benchmark,2024-06-21,-0.0074998670298385
zero_cash,BuyHold_TLT,benchmark,2024-06-28,-0.0232013774035724
zero_cash,BuyHold_TLT,benchmark,2024-07-05,0.0117064565394429
zero_cash,BuyHold_TLT,benchmark,2024-07-12,0.0149092375713393
zero_cash,BuyHold_TLT,benchmark,2024-07-19,-0.0108581818073165
zero_cash,BuyHold_TLT,benchmark,2024-07-26,0.0007534085740916
zero_cash,BuyHold_TLT,benchmark,2024-08-02,0.0604110815764888
zero_cash,BuyHold_TLT,benchmark,2024-08-09,-0.0205533727217372
zero_cash,BuyHold_TLT,benchmark,2024-08-16,0.012258521352831
zero_cash,BuyHold_TLT,benchmark,2024-08-23,0.0097493948849454
zero_cash,BuyHold_TLT,benchmark,2024-08-30,-0.0193106911018653
zero_cash,BuyHold_TLT,benchmark,2024-09-06,0.0351743740341665
zero_cash,BuyHold_TLT,benchmark,2024-09-13,0.0085376507332937
zero_cash,BuyHold_TLT,benchmark,2024-09-20,-0.0152375466662832
zero_cash,BuyHold_TLT,benchmark,2024-09-27,-0.0031350741878255
zero_cash,BuyHold_TLT,benchmark,2024-10-04,-0.0275053156769515
zero_cash,BuyHold_TLT,benchmark,2024-10-11,-0.0193616302779994
zero_cash,BuyHold_TLT,benchmark,2024-10-18,0.0018141976803676
zero_cash,BuyHold_TLT,benchmark,2024-10-25,-0.0184296079027329
zero_cash,BuyHold_TLT,benchmark,2024-11-01,-0.0107813954231171
zero_cash,BuyHold_TLT,benchmark,2024-11-08,0.0181639078367201
zero_cash,BuyHold_TLT,benchmark,2024-11-15,-0.0260569269302627
zero_cash,BuyHold_TLT,benchmark,2024-11-22,0.0034415101111204
zero_cash,BuyHold_TLT,benchmark,2024-11-29,0.039605946976283
zero_cash,BuyHold_TLT,benchmark,2024-12-06,0.0079555970226574
zero_cash,BuyHold_TLT,benchmark,2024-12-13,-0.0449198384433806
zero_cash,BuyHold_TLT,benchmark,2024-12-20,-0.016602260233931
zero_cash,BuyHold_TLT,benchmark,2024-12-27,-0.013701810511346
zero_cash,BuyHold_TLT,benchmark,2025-01-03,0.0021813979276719
zero_cash,BuyHold_TLT,benchmark,2025-01-10,-0.0209646620554775
zero_cash,BuyHold_TLT,benchmark,2025-01-17,0.0202434740012911
zero_cash,BuyHold_TLT,benchmark,2025-01-24,0.0003438657804755
zero_cash,BuyHold_TLT,benchmark,2025-01-31,0.0061914437546619
zero_cash,BuyHold_TLT,benchmark,2025-02-07,0.020835059389384
zero_cash,BuyHold_TLT,benchmark,2025-02-14,-0.0013439652871108
zero_cash,BuyHold_TLT,benchmark,2025-02-21,0.0051597192415573
zero_cash,BuyHold_TLT,benchmark,2025-02-28,0.0314695965406592
zero_cash,BuyHold_TLT,benchmark,2025-03-07,-0.0220315114786981
zero_cash,BuyHold_TLT,benchmark,2025-03-14,0.0006658139231963
zero_cash,BuyHold_TLT,benchmark,2025-03-21,0.0058776806281999
zero_cash,BuyHold_TLT,benchmark,2025-03-28,-0.0061742539826932
zero_cash,BuyHold_TLT,benchmark,2025-04-04,0.0337666071691651
zero_cash,BuyHold_TLT,benchmark,2025-04-11,-0.0641895558931533
zero_cash,BuyHold_TLT,benchmark,2025-04-18,0.007365668448922
zero_cash,BuyHold_TLT,benchmark,2025-04-25,0.0155376235028619
zero_cash,BuyHold_TLT,benchmark,2025-05-02,-0.0094183707580228
zero_cash,BuyHold_TLT,benchmark,2025-05-09,-0.0077510493040156
zero_cash,BuyHold_TLT,benchmark,2025-05-16,-0.0086156717727283
zero_cash,BuyHold_TLT,benchmark,2025-05-23,-0.0202783119037061
zero_cash,BuyHold_TLT,benchmark,2025-05-30,0.0204611677113362
zero_cash,BuyHold_TLT,benchmark,2025-06-06,-0.0070962233127842
zero_cash,BuyHold_TLT,benchmark,2025-06-13,0.0114823424526033
zero_cash,BuyHold_TLT,benchmark,2025-06-20,0.0018531108017223
zero_cash,BuyHold_TLT,benchmark,2025-06-27,0.0104058342421888
zero_cash,BuyHold_TLT,benchmark,2025-07-04,-0.0010932156616351
zero_cash,BuyHold_TLT,benchmark,2025-07-11,-0.0135679609153883
zero_cash,BuyHold_TLT,benchmark,2025-07-18,-0.0064110537917634
zero_cash,BuyHold_TLT,benchmark,2025-07-25,0.0139605398839464
zero_cash,BuyHold_TLT,benchmark,2025-08-01,0.0199664871216129
zero_cash,BuyHold_TLT,benchmark,2025-08-08,-0.0060348899653184
zero_cash,BuyHold_TLT,benchmark,2025-08-15,-0.0101960738962836
zero_cash,BuyHold_TLT,benchmark,2025-08-22,0.0075233279576585
zero_cash,BuyHold_TLT,benchmark,2025-08-29,-0.0051697118286319
zero_cash,BuyHold_TLT,benchmark,2025-09-05,0.0265209091108611
zero_cash,BuyHold_TLT,benchmark,2025-09-12,0.0156955585761879
zero_cash,BuyHold_TLT,benchmark,2025-09-19,-0.0103389562851973
zero_cash,BuyHold_TLT,benchmark,2025-09-26,-0.0013481124704418
zero_cash,BuyHold_TLT,benchmark,2025-10-03,0.0088988599766228
zero_cash,BuyHold_TLT,benchmark,2025-10-10,0.0138734185021192
zero_cash,BuyHold_TLT,benchmark,2025-10-17,0.0064002144031649
zero_cash,BuyHold_TLT,benchmark,2025-10-24,0.0029608015085158
zero_cash,BuyHold_TLT,benchmark,2025-10-31,-0.0129005127439607
zero_cash,BuyHold_TLT,benchmark,2025-11-07,-0.0043906219284658
zero_cash,BuyHold_TLT,benchmark,2025-11-14,-0.0078149760927697
zero_cash,BuyHold_TLT,benchmark,2025-11-21,0.0070889568979621
zero_cash,BuyHold_TLT,benchmark,2025-11-28,0.0079328311615547
zero_cash,BuyHold_TLT,benchmark,2025-12-05,-0.019123530575649
zero_cash,BuyHold_TLT,benchmark,2025-12-12,-0.0094136489136988
zero_cash,BuyHold_TLT,benchmark,2025-12-19,0.0063055601391195
zero_cash,BuyHold_TLT,benchmark,2025-12-26,0.0021700511362963
zero_cash,BuyHold_TLT,benchmark,2026-01-02,-0.0080919183894495
zero_cash,BuyHold_TLT,benchmark,2026-01-09,0.0103412156297826
zero_cash,BuyHold_TLT,benchmark,2026-01-16,-0.0014783737642022
zero_cash,BuyHold_TLT,benchmark,2026-01-23,0.0014805625890901
zero_cash,BuyHold_TLT,benchmark,2026-01-30,-0.0090981453313268
zero_cash,BuyHold_TLT,benchmark,2026-02-06,0.0085485725051666
zero_cash,BuyHold_TLT,benchmark,2026-02-13,0.0249029902110367
zero_cash,BuyHold_TLT,benchmark,2026-02-20,-0.0034551862226556
zero_cash,BuyHold_TLT,benchmark,2026-02-27,0.0157699626685237
zero_cash,BuyHold_TLT,benchmark,2026-03-06,-0.0227465817573286
zero_cash,BuyHold_TLT,benchmark,2026-03-13,-0.0217046777076896
zero_cash,BuyHold_TLT,benchmark,2026-03-20,-0.0082043199942432
zero_cash,BuyHold_TLT,benchmark,2026-03-27,-0.0022137395349212
zero_cash,BuyHold_TLT,benchmark,2026-04-03,0.0174775551675565
zero_cash,BuyHold_TLT,benchmark,2026-04-10,-0.0034566252513369
zero_cash,BuyHold_TLT,benchmark,2026-04-17,0.0067059712024479
zero_cash,BuyHold_TLT,benchmark,2026-04-24,-0.0041345761804367
zero_cash,BuyHold_TLT,benchmark,2026-05-01,-0.0090401856679596
zero_cash,BuyHold_TLT,benchmark,2026-05-08,0.0054900270687101
zero_cash,BuyHold_TLT,benchmark,2026-05-15,-0.0281133610300674
zero_cash,Equal_Weight_Risky,benchmark,2022-01-07,-0.0450033381213534
zero_cash,Equal_Weight_Risky,benchmark,2022-01-14,0.0111202748732098
zero_cash,Equal_Weight_Risky,benchmark,2022-01-21,-0.048130096033275
zero_cash,Equal_Weight_Risky,benchmark,2022-01-28,0.004665238275676
zero_cash,Equal_Weight_Risky,benchmark,2022-02-04,0.0241838327053139
zero_cash,Equal_Weight_Risky,benchmark,2022-02-11,0.0068348324950608
zero_cash,Equal_Weight_Risky,benchmark,2022-02-18,-0.0128237408754888
zero_cash,Equal_Weight_Risky,benchmark,2022-02-25,-0.0063384150075
zero_cash,Equal_Weight_Risky,benchmark,2022-03-04,0.0129157898543786
zero_cash,Equal_Weight_Risky,benchmark,2022-03-11,-0.0167705793082861
zero_cash,Equal_Weight_Risky,benchmark,2022-03-18,0.0242005792795343
zero_cash,Equal_Weight_Risky,benchmark,2022-03-25,0.0151702298225254
zero_cash,Equal_Weight_Risky,benchmark,2022-04-01,0.0146978035320194
zero_cash,Equal_Weight_Risky,benchmark,2022-04-08,-0.0354942305772338
zero_cash,Equal_Weight_Risky,benchmark,2022-04-15,-0.020906326907643
zero_cash,Equal_Weight_Risky,benchmark,2022-04-22,-0.0183900716279261
zero_cash,Equal_Weight_Risky,benchmark,2022-04-29,-0.0211624899424334
zero_cash,Equal_Weight_Risky,benchmark,2022-05-06,-0.0308318745649804
zero_cash,Equal_Weight_Risky,benchmark,2022-05-13,-0.0570911092213587
zero_cash,Equal_Weight_Risky,benchmark,2022-05-20,0.0020254466688637
zero_cash,Equal_Weight_Risky,benchmark,2022-05-27,0.0139319462694753
zero_cash,Equal_Weight_Risky,benchmark,2022-06-03,0.0002017652950043
zero_cash,Equal_Weight_Risky,benchmark,2022-06-10,-0.0198829655368099
zero_cash,Equal_Weight_Risky,benchmark,2022-06-17,-0.0967680324694253
zero_cash,Equal_Weight_Risky,benchmark,2022-06-24,0.0251816119065891
zero_cash,Equal_Weight_Risky,benchmark,2022-07-01,-0.0236227821423937
zero_cash,Equal_Weight_Risky,benchmark,2022-07-08,0.0207033472562637
zero_cash,Equal_Weight_Risky,benchmark,2022-07-15,-0.0095497818691434
zero_cash,Equal_Weight_Risky,benchmark,2022-07-22,0.0368034999168724
zero_cash,Equal_Weight_Risky,benchmark,2022-07-29,0.0256616114885463
zero_cash,Equal_Weight_Risky,benchmark,2022-08-05,-0.0042941965148134
zero_cash,Equal_Weight_Risky,benchmark,2022-08-12,0.0221216860578915
zero_cash,Equal_Weight_Risky,benchmark,2022-08-19,-0.0521187788407072
zero_cash,Equal_Weight_Risky,benchmark,2022-08-26,-0.0175540184830084
zero_cash,Equal_Weight_Risky,benchmark,2022-09-02,-0.0224754724288803
zero_cash,Equal_Weight_Risky,benchmark,2022-09-09,0.0233684355237958
zero_cash,Equal_Weight_Risky,benchmark,2022-09-16,-0.0398589707940762
zero_cash,Equal_Weight_Risky,benchmark,2022-09-23,-0.0251622437155855
zero_cash,Equal_Weight_Risky,benchmark,2022-09-30,-0.0105542993991768
zero_cash,Equal_Weight_Risky,benchmark,2022-10-07,0.0076209281962603
zero_cash,Equal_Weight_Risky,benchmark,2022-10-14,-0.0219250515674025
zero_cash,Equal_Weight_Risky,benchmark,2022-10-21,-0.0003096017598915
zero_cash,Equal_Weight_Risky,benchmark,2022-10-28,0.0365270137941402
zero_cash,Equal_Weight_Risky,benchmark,2022-11-04,-0.0021044982519338
zero_cash,Equal_Weight_Risky,benchmark,2022-11-11,-0.0112386722397203
zero_cash,Equal_Weight_Risky,benchmark,2022-11-18,-0.0047142695851
zero_cash,Equal_Weight_Risky,benchmark,2022-11-25,0.0101826737468934
zero_cash,Equal_Weight_Risky,benchmark,2022-12-02,0.028409820803985
zero_cash,Equal_Weight_Risky,benchmark,2022-12-09,-0.0097963341659655
zero_cash,Equal_Weight_Risky,benchmark,2022-12-16,-0.0102919466365105
zero_cash,Equal_Weight_Risky,benchmark,2022-12-23,-0.0088392412902908
zero_cash,Equal_Weight_Risky,benchmark,2022-12-30,-0.0060115594121259
zero_cash,Equal_Weight_Risky,benchmark,2023-01-06,0.0290646054201581
zero_cash,Equal_Weight_Risky,benchmark,2023-01-13,0.061329504339196
zero_cash,Equal_Weight_Risky,benchmark,2023-01-20,0.0325538497600329
zero_cash,Equal_Weight_Risky,benchmark,2023-01-27,0.0117254054626071
zero_cash,Equal_Weight_Risky,benchmark,2023-02-03,0.0007098028218956
zero_cash,Equal_Weight_Risky,benchmark,2023-02-10,-0.0296831020162763
zero_cash,Equal_Weight_Risky,benchmark,2023-02-17,0.0277034544583207
zero_cash,Equal_Weight_Risky,benchmark,2023-02-24,-0.0282861943847273
zero_cash,Equal_Weight_Risky,benchmark,2023-03-03,0.0049697506604244
zero_cash,Equal_Weight_Risky,benchmark,2023-03-10,-0.0245479700158867
zero_cash,Equal_Weight_Risky,benchmark,2023-03-17,0.1104447749130316
zero_cash,Equal_Weight_Risky,benchmark,2023-03-24,0.0041614520654963
zero_cash,Equal_Weight_Risky,benchmark,2023-03-31,0.0158667282735571
zero_cash,Equal_Weight_Risky,benchmark,2023-04-07,0.0052117844711781
zero_cash,Equal_Weight_Risky,benchmark,2023-04-14,0.0167928594335227
zero_cash,Equal_Weight_Risky,benchmark,2023-04-21,-0.0309197856997856
zero_cash,Equal_Weight_Risky,benchmark,2023-04-28,0.0268525342630254
zero_cash,Equal_Weight_Risky,benchmark,2023-05-05,0.0002039658764453
zero_cash,Equal_Weight_Risky,benchmark,2023-05-12,-0.0260782707039968
zero_cash,Equal_Weight_Risky,benchmark,2023-05-19,-0.0067787171828024
zero_cash,Equal_Weight_Risky,benchmark,2023-05-26,-0.0044798543372824
zero_cash,Equal_Weight_Risky,benchmark,2023-06-02,0.0127396851014505
zero_cash,Equal_Weight_Risky,benchmark,2023-06-09,-0.0047049508216772
zero_cash,Equal_Weight_Risky,benchmark,2023-06-16,0.006170088973307
zero_cash,Equal_Weight_Risky,benchmark,2023-06-23,0.0349796777987086
zero_cash,Equal_Weight_Risky,benchmark,2023-06-30,0.0031886395105686
zero_cash,Equal_Weight_Risky,benchmark,2023-07-07,-0.0119787652910614
zero_cash,Equal_Weight_Risky,benchmark,2023-07-14,0.015530027375677
zero_cash,Equal_Weight_Risky,benchmark,2023-07-21,0.0002276885712491
zero_cash,Equal_Weight_Risky,benchmark,2023-07-28,-0.0074642014624873
zero_cash,Equal_Weight_Risky,benchmark,2023-08-04,-0.0174670056283271
zero_cash,Equal_Weight_Risky,benchmark,2023-08-11,-0.0044638949221261
zero_cash,Equal_Weight_Risky,benchmark,2023-08-18,-0.0409955585620163
zero_cash,Equal_Weight_Risky,benchmark,2023-08-25,0.0091004873161894
zero_cash,Equal_Weight_Risky,benchmark,2023-09-01,0.0072854612896574
zero_cash,Equal_Weight_Risky,benchmark,2023-09-08,-0.0062078301027323
zero_cash,Equal_Weight_Risky,benchmark,2023-09-15,0.0030854860762583
zero_cash,Equal_Weight_Risky,benchmark,2023-09-22,-0.0112978755846803
zero_cash,Equal_Weight_Risky,benchmark,2023-09-29,-0.0161107708217964
zero_cash,Equal_Weight_Risky,benchmark,2023-10-06,-0.0019699717295088
zero_cash,Equal_Weight_Risky,benchmark,2023-10-13,0.0132066429766858
zero_cash,Equal_Weight_Risky,benchmark,2023-10-20,0.014461170374987
zero_cash,Equal_Weight_Risky,benchmark,2023-10-27,0.0362416130428465
zero_cash,Equal_Weight_Risky,benchmark,2023-11-03,0.0294049223179994
zero_cash,Equal_Weight_Risky,benchmark,2023-11-10,0.0158709683095766
zero_cash,Equal_Weight_Risky,benchmark,2023-11-17,0.0125884649150261
zero_cash,Equal_Weight_Risky,benchmark,2023-11-24,0.0120284245919674
zero_cash,Equal_Weight_Risky,benchmark,2023-12-01,0.0269516069511824
zero_cash,Equal_Weight_Risky,benchmark,2023-12-08,0.0318690970769079
zero_cash,Equal_Weight_Risky,benchmark,2023-12-15,0.0081989955720675
zero_cash,Equal_Weight_Risky,benchmark,2023-12-22,0.0173145076875604
zero_cash,Equal_Weight_Risky,benchmark,2023-12-29,-0.0077133452316709
zero_cash,Equal_Weight_Risky,benchmark,2024-01-05,-0.0005628584995287
zero_cash,Equal_Weight_Risky,benchmark,2024-01-12,-0.0016603139056157
zero_cash,Equal_Weight_Risky,benchmark,2024-01-19,-0.0128275591200549
zero_cash,Equal_Weight_Risky,benchmark,2024-01-26,0.0017253732750904
zero_cash,Equal_Weight_Risky,benchmark,2024-02-02,0.0208117553949001
zero_cash,Equal_Weight_Risky,benchmark,2024-02-09,0.0192802631497487
zero_cash,Equal_Weight_Risky,benchmark,2024-02-16,0.0211559795811
zero_cash,Equal_Weight_Risky,benchmark,2024-02-23,0.0033790491661281
zero_cash,Equal_Weight_Risky,benchmark,2024-03-01,0.0682082558975418
zero_cash,Equal_Weight_Risky,benchmark,2024-03-08,0.0375712781513681
zero_cash,Equal_Weight_Risky,benchmark,2024-03-15,-0.0057763230972697
zero_cash,Equal_Weight_Risky,benchmark,2024-03-22,-0.0110829698587717
zero_cash,Equal_Weight_Risky,benchmark,2024-03-29,0.0332613586424194
zero_cash,Equal_Weight_Risky,benchmark,2024-04-05,-0.0058566326968141
zero_cash,Equal_Weight_Risky,benchmark,2024-04-12,-0.0069958833047248
zero_cash,Equal_Weight_Risky,benchmark,2024-04-19,-0.018534989176943
zero_cash,Equal_Weight_Risky,benchmark,2024-04-26,-0.0012713927156795
zero_cash,Equal_Weight_Risky,benchmark,2024-05-03,-0.0007025718457565
zero_cash,Equal_Weight_Risky,benchmark,2024-05-10,0.0038626246670677
zero_cash,Equal_Weight_Risky,benchmark,2024-05-17,0.0390534493925738
zero_cash,Equal_Weight_Risky,benchmark,2024-05-24,-0.0031869433509022
zero_cash,Equal_Weight_Risky,benchmark,2024-05-31,-0.0080144973726143
zero_cash,Equal_Weight_Risky,benchmark,2024-06-07,0.0094747481698547
zero_cash,Equal_Weight_Risky,benchmark,2024-06-14,0.0056354035957395
zero_cash,Equal_Weight_Risky,benchmark,2024-06-21,-0.0086220960838929
zero_cash,Equal_Weight_Risky,benchmark,2024-06-28,-0.0203939029615784
zero_cash,Equal_Weight_Risky,benchmark,2024-07-05,-0.000563131043314
zero_cash,Equal_Weight_Risky,benchmark,2024-07-12,0.0140638589528366
zero_cash,Equal_Weight_Risky,benchmark,2024-07-19,0.0288712946276931
zero_cash,Equal_Weight_Risky,benchmark,2024-07-26,0.0013803903640962
zero_cash,Equal_Weight_Risky,benchmark,2024-08-02,-0.0087761961006449
zero_cash,Equal_Weight_Risky,benchmark,2024-08-09,-0.0081390975904563
zero_cash,Equal_Weight_Risky,benchmark,2024-08-16,0.0131811262794118
zero_cash,Equal_Weight_Risky,benchmark,2024-08-23,0.0280711513252596
zero_cash,Equal_Weight_Risky,benchmark,2024-08-30,-0.0243293645849275
zero_cash,Equal_Weight_Risky,benchmark,2024-09-06,-0.0241281324386397
zero_cash,Equal_Weight_Risky,benchmark,2024-09-13,0.0515660250131749
zero_cash,Equal_Weight_Risky,benchmark,2024-09-20,0.0142597895186948
zero_cash,Equal_Weight_Risky,benchmark,2024-09-27,0.0138099928039607
zero_cash,Equal_Weight_Risky,benchmark,2024-10-04,-0.0203839726630421
zero_cash,Equal_Weight_Risky,benchmark,2024-10-11,3.980037392582519e-05
zero_cash,Equal_Weight_Risky,benchmark,2024-10-18,0.032437451211392
zero_cash,Equal_Weight_Risky,benchmark,2024-10-25,-0.0114320785938556
zero_cash,Equal_Weight_Risky,benchmark,2024-11-01,0.0036659114996651
zero_cash,Equal_Weight_Risky,benchmark,2024-11-08,0.0373742443825432
zero_cash,Equal_Weight_Risky,benchmark,2024-11-15,0.0242476897340259
zero_cash,Equal_Weight_Risky,benchmark,2024-11-22,0.0408014722091008
zero_cash,Equal_Weight_Risky,benchmark,2024-11-29,0.0047249619077471
zero_cash,Equal_Weight_Risky,benchmark,2024-12-06,0.0077920195894978
zero_cash,Equal_Weight_Risky,benchmark,2024-12-13,-0.0074824108437218
zero_cash,Equal_Weight_Risky,benchmark,2024-12-20,-0.0200973708402456
zero_cash,Equal_Weight_Risky,benchmark,2024-12-27,-0.0116996866610998
zero_cash,Equal_Weight_Risky,benchmark,2025-01-03,0.0118913323307578
zero_cash,Equal_Weight_Risky,benchmark,2025-01-10,-0.0139141356103627
zero_cash,Equal_Weight_Risky,benchmark,2025-01-17,0.039255429641531
zero_cash,Equal_Weight_Risky,benchmark,2025-01-24,0.0116867379074132
zero_cash,Equal_Weight_Risky,benchmark,2025-01-31,-0.0038939515658262
zero_cash,Equal_Weight_Risky,benchmark,2025-02-07,-0.004409019539588
zero_cash,Equal_Weight_Risky,benchmark,2025-02-14,0.0081819916044923
zero_cash,Equal_Weight_Risky,benchmark,2025-02-21,-0.0020812051755746
zero_cash,Equal_Weight_Risky,benchmark,2025-02-28,-0.0319962159323632
zero_cash,Equal_Weight_Risky,benchmark,2025-03-07,-0.0013073623044498
zero_cash,Equal_Weight_Risky,benchmark,2025-03-14,-0.0071375255938576
zero_cash,Equal_Weight_Risky,benchmark,2025-03-21,0.0059154752377186
zero_cash,Equal_Weight_Risky,benchmark,2025-03-28,0.0006904126007306
zero_cash,Equal_Weight_Risky,benchmark,2025-04-04,-0.0195542606439434
zero_cash,Equal_Weight_Risky,benchmark,2025-04-11,0.0130991580234472
zero_cash,Equal_Weight_Risky,benchmark,2025-04-18,0.008323385787206
zero_cash,Equal_Weight_Risky,benchmark,2025-04-25,0.044657845707578
zero_cash,Equal_Weight_Risky,benchmark,2025-05-02,0.0052054835362683
zero_cash,Equal_Weight_Risky,benchmark,2025-05-09,0.0200632289709439
zero_cash,Equal_Weight_Risky,benchmark,2025-05-16,0.0020666670498336
zero_cash,Equal_Weight_Risky,benchmark,2025-05-23,0.0109356779257824
zero_cash,Equal_Weight_Risky,benchmark,2025-05-30,-0.0030750228408717
zero_cash,Equal_Weight_Risky,benchmark,2025-06-06,0.0046043811673023
zero_cash,Equal_Weight_Risky,benchmark,2025-06-13,0.0151516028685506
zero_cash,Equal_Weight_Risky,benchmark,2025-06-20,-0.0113631966762611
zero_cash,Equal_Weight_Risky,benchmark,2025-06-27,0.0132419779341558
zero_cash,Equal_Weight_Risky,benchmark,2025-07-04,0.011088758009017
zero_cash,Equal_Weight_Risky,benchmark,2025-07-11,0.019491909316187
zero_cash,Equal_Weight_Risky,benchmark,2025-07-18,0.0004125889710344
zero_cash,Equal_Weight_Risky,benchmark,2025-07-25,0.0057016643069844
zero_cash,Equal_Weight_Risky,benchmark,2025-08-01,-0.0088247762849859
zero_cash,Equal_Weight_Risky,benchmark,2025-08-08,0.015326185989913
zero_cash,Equal_Weight_Risky,benchmark,2025-08-15,-0.0030606480333815
zero_cash,Equal_Weight_Risky,benchmark,2025-08-22,0.0040524914952132
zero_cash,Equal_Weight_Risky,benchmark,2025-08-29,-0.0134674213774047
zero_cash,Equal_Weight_Risky,benchmark,2025-09-05,0.0228470134069445
zero_cash,Equal_Weight_Risky,benchmark,2025-09-12,0.0234670471491779
zero_cash,Equal_Weight_Risky,benchmark,2025-09-19,0.002420735071815
zero_cash,Equal_Weight_Risky,benchmark,2025-09-26,-0.0083869226094477
zero_cash,Equal_Weight_Risky,benchmark,2025-10-03,0.0414810091695243
zero_cash,Equal_Weight_Risky,benchmark,2025-10-10,-0.0130641054908517
zero_cash,Equal_Weight_Risky,benchmark,2025-10-17,0.0045128054046957
zero_cash,Equal_Weight_Risky,benchmark,2025-10-24,0.0089294267561825
zero_cash,Equal_Weight_Risky,benchmark,2025-10-31,-0.0110016830764857
zero_cash,Equal_Weight_Risky,benchmark,2025-11-07,-0.0191444464208332
zero_cash,Equal_Weight_Risky,benchmark,2025-11-14,-0.0181079874220523
zero_cash,Equal_Weight_Risky,benchmark,2025-11-21,-0.02879975906084
zero_cash,Equal_Weight_Risky,benchmark,2025-11-28,0.0374396962253869
zero_cash,Equal_Weight_Risky,benchmark,2025-12-05,-0.0090787843896257
zero_cash,Equal_Weight_Risky,benchmark,2025-12-12,0.0045047319270394
zero_cash,Equal_Weight_Risky,benchmark,2025-12-19,-0.001853398945938
zero_cash,Equal_Weight_Risky,benchmark,2025-12-26,0.0129395263813553
zero_cash,Equal_Weight_Risky,benchmark,2026-01-02,-0.0081134519705594
zero_cash,Equal_Weight_Risky,benchmark,2026-01-09,0.0183163847458796
zero_cash,Equal_Weight_Risky,benchmark,2026-01-16,0.0167193709443162
zero_cash,Equal_Weight_Risky,benchmark,2026-01-23,0.0055178184799432
zero_cash,Equal_Weight_Risky,benchmark,2026-01-30,-0.0234179544210419
zero_cash,Equal_Weight_Risky,benchmark,2026-02-06,-0.032780291381172
zero_cash,Equal_Weight_Risky,benchmark,2026-02-13,0.000930021298341
zero_cash,Equal_Weight_Risky,benchmark,2026-02-20,0.0021000390700535
zero_cash,Equal_Weight_Risky,benchmark,2026-02-27,0.0029598235203464
zero_cash,Equal_Weight_Risky,benchmark,2026-03-06,-0.0073827810833581
zero_cash,Equal_Weight_Risky,benchmark,2026-03-13,-0.0054770963979755
zero_cash,Equal_Weight_Risky,benchmark,2026-03-20,-0.0338779238986918
zero_cash,Equal_Weight_Risky,benchmark,2026-03-27,-0.0201695114577011
zero_cash,Equal_Weight_Risky,benchmark,2026-04-03,0.0240422982070009
zero_cash,Equal_Weight_Risky,benchmark,2026-04-10,0.0352282450774413
zero_cash,Equal_Weight_Risky,benchmark,2026-04-17,0.0322066557562073
zero_cash,Equal_Weight_Risky,benchmark,2026-04-24,-0.005740017689182
zero_cash,Equal_Weight_Risky,benchmark,2026-05-01,-0.0033853158940714
zero_cash,Equal_Weight_Risky,benchmark,2026-05-08,0.0199361560108988
zero_cash,Equal_Weight_Risky,benchmark,2026-05-15,-0.0194963499351607
zero_cash,Equal_Weight,benchmark,2022-01-07,-0.0360026704970827
zero_cash,Equal_Weight,benchmark,2022-01-14,0.0088962198985679
zero_cash,Equal_Weight,benchmark,2022-01-21,-0.03850407682662
zero_cash,Equal_Weight,benchmark,2022-01-28,0.0037321906205408
zero_cash,Equal_Weight,benchmark,2022-02-04,0.0193470661642511
zero_cash,Equal_Weight,benchmark,2022-02-11,0.0054678659960487
zero_cash,Equal_Weight,benchmark,2022-02-18,-0.010258992700391
zero_cash,Equal_Weight,benchmark,2022-02-25,-0.005070732006
zero_cash,Equal_Weight,benchmark,2022-03-04,0.0103326318835029
zero_cash,Equal_Weight,benchmark,2022-03-11,-0.0134164634466288
zero_cash,Equal_Weight,benchmark,2022-03-18,0.0193604634236274
zero_cash,Equal_Weight,benchmark,2022-03-25,0.0121361838580203
zero_cash,Equal_Weight,benchmark,2022-04-01,0.0117582428256155
zero_cash,Equal_Weight,benchmark,2022-04-08,-0.028395384461787
zero_cash,Equal_Weight,benchmark,2022-04-15,-0.0167250615261144
zero_cash,Equal_Weight,benchmark,2022-04-22,-0.0147120573023408
zero_cash,Equal_Weight,benchmark,2022-04-29,-0.0169299919539467
zero_cash,Equal_Weight,benchmark,2022-05-06,-0.0246654996519843
zero_cash,Equal_Weight,benchmark,2022-05-13,-0.045672887377087
zero_cash,Equal_Weight,benchmark,2022-05-20,0.0016203573350909
zero_cash,Equal_Weight,benchmark,2022-05-27,0.0111455570155802
zero_cash,Equal_Weight,benchmark,2022-06-03,0.0001614122360034
zero_cash,Equal_Weight,benchmark,2022-06-10,-0.0159063724294479
zero_cash,Equal_Weight,benchmark,2022-06-17,-0.0774144259755402
zero_cash,Equal_Weight,benchmark,2022-06-24,0.0201452895252713
zero_cash,Equal_Weight,benchmark,2022-07-01,-0.018898225713915
zero_cash,Equal_Weight,benchmark,2022-07-08,0.016562677805011
zero_cash,Equal_Weight,benchmark,2022-07-15,-0.0076398254953147
zero_cash,Equal_Weight,benchmark,2022-07-22,0.0294427999334979
zero_cash,Equal_Weight,benchmark,2022-07-29,0.0205292891908371
zero_cash,Equal_Weight,benchmark,2022-08-05,-0.0034353572118507
zero_cash,Equal_Weight,benchmark,2022-08-12,0.0176973488463132
zero_cash,Equal_Weight,benchmark,2022-08-19,-0.0416950230725658
zero_cash,Equal_Weight,benchmark,2022-08-26,-0.0140432147864067
zero_cash,Equal_Weight,benchmark,2022-09-02,-0.0179803779431042
zero_cash,Equal_Weight,benchmark,2022-09-09,0.0186947484190366
zero_cash,Equal_Weight,benchmark,2022-09-16,-0.031887176635261
zero_cash,Equal_Weight,benchmark,2022-09-23,-0.0201297949724684
zero_cash,Equal_Weight,benchmark,2022-09-30,-0.0084434395193414
zero_cash,Equal_Weight,benchmark,2022-10-07,0.0060967425570082
zero_cash,Equal_Weight,benchmark,2022-10-14,-0.017540041253922
zero_cash,Equal_Weight,benchmark,2022-10-21,-0.0002476814079132
zero_cash,Equal_Weight,benchmark,2022-10-28,0.0292216110353121
zero_cash,Equal_Weight,benchmark,2022-11-04,-0.001683598601547
zero_cash,Equal_Weight,benchmark,2022-11-11,-0.0089909377917762
zero_cash,Equal_Weight,benchmark,2022-11-18,-0.00377141566808
zero_cash,Equal_Weight,benchmark,2022-11-25,0.0081461389975147
zero_cash,Equal_Weight,benchmark,2022-12-02,0.022727856643188
zero_cash,Equal_Weight,benchmark,2022-12-09,-0.0078370673327724
zero_cash,Equal_Weight,benchmark,2022-12-16,-0.0082335573092084
zero_cash,Equal_Weight,benchmark,2022-12-23,-0.0070713930322326
zero_cash,Equal_Weight,benchmark,2022-12-30,-0.0048092475297007
zero_cash,Equal_Weight,benchmark,2023-01-06,0.0232516843361265
zero_cash,Equal_Weight,benchmark,2023-01-13,0.0490636034713568
zero_cash,Equal_Weight,benchmark,2023-01-20,0.0260430798080263
zero_cash,Equal_Weight,benchmark,2023-01-27,0.0093803243700857
zero_cash,Equal_Weight,benchmark,2023-02-03,0.0005678422575165
zero_cash,Equal_Weight,benchmark,2023-02-10,-0.023746481613021
zero_cash,Equal_Weight,benchmark,2023-02-17,0.0221627635666566
zero_cash,Equal_Weight,benchmark,2023-02-24,-0.0226289555077818
zero_cash,Equal_Weight,benchmark,2023-03-03,0.0039758005283395
zero_cash,Equal_Weight,benchmark,2023-03-10,-0.0196383760127094
zero_cash,Equal_Weight,benchmark,2023-03-17,0.0883558199304253
zero_cash,Equal_Weight,benchmark,2023-03-24,0.003329161652397
zero_cash,Equal_Weight,benchmark,2023-03-31,0.0126933826188457
zero_cash,Equal_Weight,benchmark,2023-04-07,0.0041694275769424
zero_cash,Equal_Weight,benchmark,2023-04-14,0.0134342875468181
zero_cash,Equal_Weight,benchmark,2023-04-21,-0.0247358285598285
zero_cash,Equal_Weight,benchmark,2023-04-28,0.0214820274104203
zero_cash,Equal_Weight,benchmark,2023-05-05,0.0001631727011562
zero_cash,Equal_Weight,benchmark,2023-05-12,-0.0208626165631974
zero_cash,Equal_Weight,benchmark,2023-05-19,-0.0054229737462419
zero_cash,Equal_Weight,benchmark,2023-05-26,-0.0035838834698259
zero_cash,Equal_Weight,benchmark,2023-06-02,0.0101917480811604
zero_cash,Equal_Weight,benchmark,2023-06-09,-0.0037639606573417
zero_cash,Equal_Weight,benchmark,2023-06-16,0.0049360711786456
zero_cash,Equal_Weight,benchmark,2023-06-23,0.0279837422389669
zero_cash,Equal_Weight,benchmark,2023-06-30,0.0025509116084549
zero_cash,Equal_Weight,benchmark,2023-07-07,-0.0095830122328491
zero_cash,Equal_Weight,benchmark,2023-07-14,0.0124240219005416
zero_cash,Equal_Weight,benchmark,2023-07-21,0.0001821508569993
zero_cash,Equal_Weight,benchmark,2023-07-28,-0.0059713611699898
zero_cash,Equal_Weight,benchmark,2023-08-04,-0.0139736045026616
zero_cash,Equal_Weight,benchmark,2023-08-11,-0.0035711159377008
zero_cash,Equal_Weight,benchmark,2023-08-18,-0.032796446849613
zero_cash,Equal_Weight,benchmark,2023-08-25,0.0072803898529515
zero_cash,Equal_Weight,benchmark,2023-09-01,0.0058283690317259
zero_cash,Equal_Weight,benchmark,2023-09-08,-0.0049662640821858
zero_cash,Equal_Weight,benchmark,2023-09-15,0.0024683888610066
zero_cash,Equal_Weight,benchmark,2023-09-22,-0.0090383004677443
zero_cash,Equal_Weight,benchmark,2023-09-29,-0.0128886166574371
zero_cash,Equal_Weight,benchmark,2023-10-06,-0.001575977383607
zero_cash,Equal_Weight,benchmark,2023-10-13,0.0105653143813486
zero_cash,Equal_Weight,benchmark,2023-10-20,0.0115689362999896
zero_cash,Equal_Weight,benchmark,2023-10-27,0.0289932904342772
zero_cash,Equal_Weight,benchmark,2023-11-03,0.0235239378543995
zero_cash,Equal_Weight,benchmark,2023-11-10,0.0126967746476613
zero_cash,Equal_Weight,benchmark,2023-11-17,0.0100707719320208
zero_cash,Equal_Weight,benchmark,2023-11-24,0.0096227396735739
zero_cash,Equal_Weight,benchmark,2023-12-01,0.0215612855609459
zero_cash,Equal_Weight,benchmark,2023-12-08,0.0254952776615263
zero_cash,Equal_Weight,benchmark,2023-12-15,0.006559196457654
zero_cash,Equal_Weight,benchmark,2023-12-22,0.0138516061500483
zero_cash,Equal_Weight,benchmark,2023-12-29,-0.0061706761853367
zero_cash,Equal_Weight,benchmark,2024-01-05,-0.0004502867996229
zero_cash,Equal_Weight,benchmark,2024-01-12,-0.0013282511244926
zero_cash,Equal_Weight,benchmark,2024-01-19,-0.0102620472960439
zero_cash,Equal_Weight,benchmark,2024-01-26,0.0013802986200723
zero_cash,Equal_Weight,benchmark,2024-02-02,0.01664940431592
zero_cash,Equal_Weight,benchmark,2024-02-09,0.015424210519799
zero_cash,Equal_Weight,benchmark,2024-02-16,0.01692478366488
zero_cash,Equal_Weight,benchmark,2024-02-23,0.0027032393329025
zero_cash,Equal_Weight,benchmark,2024-03-01,0.0545666047180334
zero_cash,Equal_Weight,benchmark,2024-03-08,0.0300570225210945
zero_cash,Equal_Weight,benchmark,2024-03-15,-0.0046210584778158
zero_cash,Equal_Weight,benchmark,2024-03-22,-0.0088663758870174
zero_cash,Equal_Weight,benchmark,2024-03-29,0.0266090869139355
zero_cash,Equal_Weight,benchmark,2024-04-05,-0.0046853061574513
zero_cash,Equal_Weight,benchmark,2024-04-12,-0.0055967066437799
zero_cash,Equal_Weight,benchmark,2024-04-19,-0.0148279913415544
zero_cash,Equal_Weight,benchmark,2024-04-26,-0.0010171141725435
zero_cash,Equal_Weight,benchmark,2024-05-03,-0.0005620574766052
zero_cash,Equal_Weight,benchmark,2024-05-10,0.0030900997336542
zero_cash,Equal_Weight,benchmark,2024-05-17,0.031242759514059
zero_cash,Equal_Weight,benchmark,2024-05-24,-0.0025495546807217
zero_cash,Equal_Weight,benchmark,2024-05-31,-0.0064115978980915
zero_cash,Equal_Weight,benchmark,2024-06-07,0.0075797985358837
zero_cash,Equal_Weight,benchmark,2024-06-14,0.0045083228765916
zero_cash,Equal_Weight,benchmark,2024-06-21,-0.0068976768671143
zero_cash,Equal_Weight,benchmark,2024-06-28,-0.0163151223692627
zero_cash,Equal_Weight,benchmark,2024-07-05,-0.0004505048346512
zero_cash,Equal_Weight,benchmark,2024-07-12,0.0112510871622693
zero_cash,Equal_Weight,benchmark,2024-07-19,0.0230970357021545
zero_cash,Equal_Weight,benchmark,2024-07-26,0.0011043122912769
zero_cash,Equal_Weight,benchmark,2024-08-02,-0.0070209568805159
zero_cash,Equal_Weight,benchmark,2024-08-09,-0.006511278072365
zero_cash,Equal_Weight,benchmark,2024-08-16,0.0105449010235294
zero_cash,Equal_Weight,benchmark,2024-08-23,0.0224569210602077
zero_cash,Equal_Weight,benchmark,2024-08-30,-0.019463491667942
zero_cash,Equal_Weight,benchmark,2024-09-06,-0.0193025059509117
zero_cash,Equal_Weight,benchmark,2024-09-13,0.0412528200105399
zero_cash,Equal_Weight,benchmark,2024-09-20,0.0114078316149558
zero_cash,Equal_Weight,benchmark,2024-09-27,0.0110479942431685
zero_cash,Equal_Weight,benchmark,2024-10-04,-0.0163071781304337
zero_cash,Equal_Weight,benchmark,2024-10-11,3.184029914066037e-05
zero_cash,Equal_Weight,benchmark,2024-10-18,0.0259499609691136
zero_cash,Equal_Weight,benchmark,2024-10-25,-0.0091456628750845
zero_cash,Equal_Weight,benchmark,2024-11-01,0.0029327291997321
zero_cash,Equal_Weight,benchmark,2024-11-08,0.0298993955060345
zero_cash,Equal_Weight,benchmark,2024-11-15,0.0193981517872208
zero_cash,Equal_Weight,benchmark,2024-11-22,0.0326411777672806
zero_cash,Equal_Weight,benchmark,2024-11-29,0.0037799695261977
zero_cash,Equal_Weight,benchmark,2024-12-06,0.0062336156715982
zero_cash,Equal_Weight,benchmark,2024-12-13,-0.0059859286749775
zero_cash,Equal_Weight,benchmark,2024-12-20,-0.0160778966721964
zero_cash,Equal_Weight,benchmark,2024-12-27,-0.0093597493288799
zero_cash,Equal_Weight,benchmark,2025-01-03,0.0095130658646062
zero_cash,Equal_Weight,benchmark,2025-01-10,-0.0111313084882902
zero_cash,Equal_Weight,benchmark,2025-01-17,0.0314043437132248
zero_cash,Equal_Weight,benchmark,2025-01-24,0.0093493903259305
zero_cash,Equal_Weight,benchmark,2025-01-31,-0.0031151612526609
zero_cash,Equal_Weight,benchmark,2025-02-07,-0.0035272156316704
zero_cash,Equal_Weight,benchmark,2025-02-14,0.0065455932835939
zero_cash,Equal_Weight,benchmark,2025-02-21,-0.0016649641404597
zero_cash,Equal_Weight,benchmark,2025-02-28,-0.0255969727458905
zero_cash,Equal_Weight,benchmark,2025-03-07,-0.0010458898435599
zero_cash,Equal_Weight,benchmark,2025-03-14,-0.005710020475086
zero_cash,Equal_Weight,benchmark,2025-03-21,0.0047323801901749
zero_cash,Equal_Weight,benchmark,2025-03-28,0.0005523300805845
zero_cash,Equal_Weight,benchmark,2025-04-04,-0.0156434085151547
zero_cash,Equal_Weight,benchmark,2025-04-11,0.0104793264187578
zero_cash,Equal_Weight,benchmark,2025-04-18,0.0066587086297648
zero_cash,Equal_Weight,benchmark,2025-04-25,0.0357262765660624
zero_cash,Equal_Weight,benchmark,2025-05-02,0.0041643868290147
zero_cash,Equal_Weight,benchmark,2025-05-09,0.0160505831767551
zero_cash,Equal_Weight,benchmark,2025-05-16,0.0016533336398669
zero_cash,Equal_Weight,benchmark,2025-05-23,0.0087485423406259
zero_cash,Equal_Weight,benchmark,2025-05-30,-0.0024600182726973
zero_cash,Equal_Weight,benchmark,2025-06-06,0.0036835049338418
zero_cash,Equal_Weight,benchmark,2025-06-13,0.0121212822948404
zero_cash,Equal_Weight,benchmark,2025-06-20,-0.0090905573410089
zero_cash,Equal_Weight,benchmark,2025-06-27,0.0105935823473246
zero_cash,Equal_Weight,benchmark,2025-07-04,0.0088710064072136
zero_cash,Equal_Weight,benchmark,2025-07-11,0.0155935274529496
zero_cash,Equal_Weight,benchmark,2025-07-18,0.0003300711768275
zero_cash,Equal_Weight,benchmark,2025-07-25,0.0045613314455875
zero_cash,Equal_Weight,benchmark,2025-08-01,-0.0070598210279887
zero_cash,Equal_Weight,benchmark,2025-08-08,0.0122609487919304
zero_cash,Equal_Weight,benchmark,2025-08-15,-0.0024485184267052
zero_cash,Equal_Weight,benchmark,2025-08-22,0.0032419931961706
zero_cash,Equal_Weight,benchmark,2025-08-29,-0.0107739371019238
zero_cash,Equal_Weight,benchmark,2025-09-05,0.0182776107255556
zero_cash,Equal_Weight,benchmark,2025-09-12,0.0187736377193423
zero_cash,Equal_Weight,benchmark,2025-09-19,0.001936588057452
zero_cash,Equal_Weight,benchmark,2025-09-26,-0.0067095380875581
zero_cash,Equal_Weight,benchmark,2025-10-03,0.0331848073356194
zero_cash,Equal_Weight,benchmark,2025-10-10,-0.0104512843926813
zero_cash,Equal_Weight,benchmark,2025-10-17,0.0036102443237565
zero_cash,Equal_Weight,benchmark,2025-10-24,0.007143541404946
zero_cash,Equal_Weight,benchmark,2025-10-31,-0.0088013464611886
zero_cash,Equal_Weight,benchmark,2025-11-07,-0.0153155571366666
zero_cash,Equal_Weight,benchmark,2025-11-14,-0.0144863899376418
zero_cash,Equal_Weight,benchmark,2025-11-21,-0.023039807248672
zero_cash,Equal_Weight,benchmark,2025-11-28,0.0299517569803095
zero_cash,Equal_Weight,benchmark,2025-12-05,-0.0072630275117005
zero_cash,Equal_Weight,benchmark,2025-12-12,0.0036037855416315
zero_cash,Equal_Weight,benchmark,2025-12-19,-0.0014827191567504
zero_cash,Equal_Weight,benchmark,2025-12-26,0.0103516211050842
zero_cash,Equal_Weight,benchmark,2026-01-02,-0.0064907615764475
zero_cash,Equal_Weight,benchmark,2026-01-09,0.0146531077967037
zero_cash,Equal_Weight,benchmark,2026-01-16,0.013375496755453
zero_cash,Equal_Weight,benchmark,2026-01-23,0.0044142547839546
zero_cash,Equal_Weight,benchmark,2026-01-30,-0.0187343635368335
zero_cash,Equal_Weight,benchmark,2026-02-06,-0.0262242331049376
zero_cash,Equal_Weight,benchmark,2026-02-13,0.0007440170386728
zero_cash,Equal_Weight,benchmark,2026-02-20,0.0016800312560428
zero_cash,Equal_Weight,benchmark,2026-02-27,0.0023678588162771
zero_cash,Equal_Weight,benchmark,2026-03-06,-0.0059062248666865
zero_cash,Equal_Weight,benchmark,2026-03-13,-0.0043816771183804
zero_cash,Equal_Weight,benchmark,2026-03-20,-0.0271023391189534
zero_cash,Equal_Weight,benchmark,2026-03-27,-0.0161356091661609
zero_cash,Equal_Weight,benchmark,2026-04-03,0.0192338385656008
zero_cash,Equal_Weight,benchmark,2026-04-10,0.028182596061953
zero_cash,Equal_Weight,benchmark,2026-04-17,0.0257653246049658
zero_cash,Equal_Weight,benchmark,2026-04-24,-0.0045920141513456
zero_cash,Equal_Weight,benchmark,2026-05-01,-0.0027082527152571
zero_cash,Equal_Weight,benchmark,2026-05-08,0.015948924808719
zero_cash,Equal_Weight,benchmark,2026-05-15,-0.0155970799481286
zero_cash,defensive_risk_off_12p,benchmark,2022-01-07,-0.018675073862314
zero_cash,defensive_risk_off_12p,benchmark,2022-01-14,-0.0029394357546579
zero_cash,defensive_risk_off_12p,benchmark,2022-01-21,-0.05753984096402
zero_cash,defensive_risk_off_12p,benchmark,2022-01-28,-0.0237210025120057
zero_cash,defensive_risk_off_12p,benchmark,2022-02-04,-0.0002
zero_cash,defensive_risk_off_12p,benchmark,2022-02-11,0.0
zero_cash,defensive_risk_off_12p,benchmark,2022-02-18,0.0188437696627774
zero_cash,defensive_risk_off_12p,benchmark,2022-02-25,-0.0032181124725786
zero_cash,defensive_risk_off_12p,benchmark,2022-03-04,0.0403851005424973
zero_cash,defensive_risk_off_12p,benchmark,2022-03-11,0.0076764139717613
zero_cash,defensive_risk_off_12p,benchmark,2022-03-18,-0.0312820433340055
zero_cash,defensive_risk_off_12p,benchmark,2022-03-25,0.0171779240302945
zero_cash,defensive_risk_off_12p,benchmark,2022-04-01,-0.0157912315259726
zero_cash,defensive_risk_off_12p,benchmark,2022-04-08,0.0109749371626914
zero_cash,defensive_risk_off_12p,benchmark,2022-04-15,0.0141620766415495
zero_cash,defensive_risk_off_12p,benchmark,2022-04-22,-0.0272391267889528
zero_cash,defensive_risk_off_12p,benchmark,2022-04-29,-0.0191475165005922
zero_cash,defensive_risk_off_12p,benchmark,2022-05-06,-0.0084223925290845
zero_cash,defensive_risk_off_12p,benchmark,2022-05-13,-0.0377950345001555
zero_cash,defensive_risk_off_12p,benchmark,2022-05-20,-0.0002
zero_cash,defensive_risk_off_12p,benchmark,2022-05-27,0.0
zero_cash,defensive_risk_off_12p,benchmark,2022-06-03,0.0
zero_cash,defensive_risk_off_12p,benchmark,2022-06-10,0.0
zero_cash,defensive_risk_off_12p,benchmark,2022-06-17,0.0
zero_cash,defensive_risk_off_12p,benchmark,2022-06-24,0.0
zero_cash,defensive_risk_off_12p,benchmark,2022-07-01,0.0
zero_cash,defensive_risk_off_12p,benchmark,2022-07-08,0.0
zero_cash,defensive_risk_off_12p,benchmark,2022-07-15,0.0
zero_cash,defensive_risk_off_12p,benchmark,2022-07-22,0.0
zero_cash,defensive_risk_off_12p,benchmark,2022-07-29,0.0
zero_cash,defensive_risk_off_12p,benchmark,2022-08-05,0.0033922164071882
zero_cash,defensive_risk_off_12p,benchmark,2022-08-12,0.0329650009125468
zero_cash,defensive_risk_off_12p,benchmark,2022-08-19,-0.0116130893937969
zero_cash,defensive_risk_off_12p,benchmark,2022-08-26,-0.0398684045677907
zero_cash,defensive_risk_off_12p,benchmark,2022-09-02,-0.0002
zero_cash,defensive_risk_off_12p,benchmark,2022-09-09,0.0364103972208409
zero_cash,defensive_risk_off_12p,benchmark,2022-09-16,-0.0478511047644425
zero_cash,defensive_risk_off_12p,benchmark,2022-09-23,-0.0002
zero_cash,defensive_risk_off_12p,benchmark,2022-09-30,0.0
zero_cash,defensive_risk_off_12p,benchmark,2022-10-07,0.0
zero_cash,defensive_risk_off_12p,benchmark,2022-10-14,0.0
zero_cash,defensive_risk_off_12p,benchmark,2022-10-21,0.0
zero_cash,defensive_risk_off_12p,benchmark,2022-10-28,0.0
zero_cash,defensive_risk_off_12p,benchmark,2022-11-04,0.0
zero_cash,defensive_risk_off_12p,benchmark,2022-11-11,0.0
zero_cash,defensive_risk_off_12p,benchmark,2022-11-18,-0.0109559813971843
zero_cash,defensive_risk_off_12p,benchmark,2022-11-25,0.0026414887419676
zero_cash,defensive_risk_off_12p,benchmark,2022-12-02,0.0109835551933754
zero_cash,defensive_risk_off_12p,benchmark,2022-12-09,-0.0334963190288196
zero_cash,defensive_risk_off_12p,benchmark,2022-12-16,-0.0209774822191132
zero_cash,defensive_risk_off_12p,benchmark,2022-12-23,-0.0009393136440435
zero_cash,defensive_risk_off_12p,benchmark,2022-12-30,-0.0012535402869209
zero_cash,defensive_risk_off_12p,benchmark,2023-01-06,0.0147740142034777
zero_cash,defensive_risk_off_12p,benchmark,2023-01-13,0.0268500539630944
zero_cash,defensive_risk_off_12p,benchmark,2023-01-20,-0.0065745006355217
zero_cash,defensive_risk_off_12p,benchmark,2023-01-27,0.024754737566925
zero_cash,defensive_risk_off_12p,benchmark,2023-02-03,0.0164417368554659
zero_cash,defensive_risk_off_12p,benchmark,2023-02-10,-0.0104522983321717
zero_cash,defensive_risk_off_12p,benchmark,2023-02-17,-0.0019115691359679
zero_cash,defensive_risk_off_12p,benchmark,2023-02-24,-0.0267150463838714
zero_cash,defensive_risk_off_12p,benchmark,2023-03-03,0.0241916200745655
zero_cash,defensive_risk_off_12p,benchmark,2023-03-10,-0.0456262703631984
zero_cash,defensive_risk_off_12p,benchmark,2023-03-17,0.0144291150071853
zero_cash,defensive_risk_off_12p,benchmark,2023-03-24,0.0147698420759161
zero_cash,defensive_risk_off_12p,benchmark,2023-03-31,0.0344662040753984
zero_cash,defensive_risk_off_12p,benchmark,2023-04-07,-0.0004885651205714
zero_cash,defensive_risk_off_12p,benchmark,2023-04-14,0.0079912894162594
zero_cash,defensive_risk_off_12p,benchmark,2023-04-21,-0.0006302458820078
zero_cash,defensive_risk_off_12p,benchmark,2023-04-28,0.0090488895153177
zero_cash,defensive_risk_off_12p,benchmark,2023-05-05,-0.007933846590442
zero_cash,defensive_risk_off_12p,benchmark,2023-05-12,-0.0025205592819464
zero_cash,defensive_risk_off_12p,benchmark,2023-05-19,0.0170801138674256
zero_cash,defensive_risk_off_12p,benchmark,2023-05-26,0.003344323505914
zero_cash,defensive_risk_off_12p,benchmark,2023-06-02,0.0188086699731147
zero_cash,defensive_risk_off_12p,benchmark,2023-06-09,0.0046269568817183
zero_cash,defensive_risk_off_12p,benchmark,2023-06-16,0.0260350275244083
zero_cash,defensive_risk_off_12p,benchmark,2023-06-23,-0.0142220469227684
zero_cash,defensive_risk_off_12p,benchmark,2023-06-30,0.0232449875411027
zero_cash,defensive_risk_off_12p,benchmark,2023-07-07,-0.0106705021219477
zero_cash,defensive_risk_off_12p,benchmark,2023-07-14,0.0244672694579735
zero_cash,defensive_risk_off_12p,benchmark,2023-07-21,0.0064544953192409
zero_cash,defensive_risk_off_12p,benchmark,2023-07-28,0.0104827011987507
zero_cash,defensive_risk_off_12p,benchmark,2023-08-04,-0.0221264645604682
zero_cash,defensive_risk_off_12p,benchmark,2023-08-11,-0.0025961841170725
zero_cash,defensive_risk_off_12p,benchmark,2023-08-18,-0.0205317902190812
zero_cash,defensive_risk_off_12p,benchmark,2023-08-25,0.0079496421806888
zero_cash,defensive_risk_off_12p,benchmark,2023-09-01,0.0255016161893693
zero_cash,defensive_risk_off_12p,benchmark,2023-09-08,-0.0125666747198033
zero_cash,defensive_risk_off_12p,benchmark,2023-09-15,-0.0013155378996895
zero_cash,defensive_risk_off_12p,benchmark,2023-09-22,-0.0292079772500583
zero_cash,defensive_risk_off_12p,benchmark,2023-09-29,-0.0405410724719888
zero_cash,defensive_risk_off_12p,benchmark,2023-10-06,-0.0002
zero_cash,defensive_risk_off_12p,benchmark,2023-10-13,0.0
zero_cash,defensive_risk_off_12p,benchmark,2023-10-20,0.0
zero_cash,defensive_risk_off_12p,benchmark,2023-10-27,0.013744101583194
zero_cash,defensive_risk_off_12p,benchmark,2023-11-03,-0.0073059395914234
zero_cash,defensive_risk_off_12p,benchmark,2023-11-10,-0.0285729691603008
zero_cash,defensive_risk_off_12p,benchmark,2023-11-17,0.0227045317569406
zero_cash,defensive_risk_off_12p,benchmark,2023-11-24,0.0100044559856178
zero_cash,defensive_risk_off_12p,benchmark,2023-12-01,0.0083462058319092
zero_cash,defensive_risk_off_12p,benchmark,2023-12-08,0.0023960075593085
zero_cash,defensive_risk_off_12p,benchmark,2023-12-15,0.0239739558087515
zero_cash,defensive_risk_off_12p,benchmark,2023-12-22,0.0092047131327579
zero_cash,defensive_risk_off_12p,benchmark,2023-12-29,0.0035046282715331
zero_cash,defensive_risk_off_12p,benchmark,2024-01-05,-0.0155476183250625
zero_cash,defensive_risk_off_12p,benchmark,2024-01-12,0.0187210262970112
zero_cash,defensive_risk_off_12p,benchmark,2024-01-19,0.0120626174636597
zero_cash,defensive_risk_off_12p,benchmark,2024-01-26,0.0103227974478838
zero_cash,defensive_risk_off_12p,benchmark,2024-02-02,0.0142385063525758
zero_cash,defensive_risk_off_12p,benchmark,2024-02-09,0.0138565687287051
zero_cash,defensive_risk_off_12p,benchmark,2024-02-16,-0.0033719225927447
zero_cash,defensive_risk_off_12p,benchmark,2024-02-23,0.0166963096551018
zero_cash,defensive_risk_off_12p,benchmark,2024-03-01,0.009845492581195
zero_cash,defensive_risk_off_12p,benchmark,2024-03-08,-0.0022033647720639
zero_cash,defensive_risk_off_12p,benchmark,2024-03-15,-0.0005978938595926
zero_cash,defensive_risk_off_12p,benchmark,2024-03-22,0.02232121478972
zero_cash,defensive_risk_off_12p,benchmark,2024-03-29,0.0035684738785528
zero_cash,defensive_risk_off_12p,benchmark,2024-04-05,-0.008870517976383
zero_cash,defensive_risk_off_12p,benchmark,2024-04-12,-0.0146212346324573
zero_cash,defensive_risk_off_12p,benchmark,2024-04-19,-0.0307134682236452
zero_cash,defensive_risk_off_12p,benchmark,2024-04-26,0.0264561528044324
zero_cash,defensive_risk_off_12p,benchmark,2024-05-03,0.0059614477423846
zero_cash,defensive_risk_off_12p,benchmark,2024-05-10,0.0186783396838461
zero_cash,defensive_risk_off_12p,benchmark,2024-05-17,0.0165310257878721
zero_cash,defensive_risk_off_12p,benchmark,2024-05-24,-1.8893738544245583e-05
zero_cash,defensive_risk_off_12p,benchmark,2024-05-31,-0.0039098968925589
zero_cash,defensive_risk_off_12p,benchmark,2024-06-07,0.0125908935283143
zero_cash,defensive_risk_off_12p,benchmark,2024-06-14,0.0164228137238258
zero_cash,defensive_risk_off_12p,benchmark,2024-06-21,0.0064237988680226
zero_cash,defensive_risk_off_12p,benchmark,2024-06-28,-0.0005326532219225
zero_cash,defensive_risk_off_12p,benchmark,2024-07-05,0.0191465723579478
zero_cash,defensive_risk_off_12p,benchmark,2024-07-12,0.0096461324458367
zero_cash,defensive_risk_off_12p,benchmark,2024-07-19,-0.0196435705708679
zero_cash,defensive_risk_off_12p,benchmark,2024-07-26,-0.0082877402992322
zero_cash,defensive_risk_off_12p,benchmark,2024-08-02,-0.0211960072653448
zero_cash,defensive_risk_off_12p,benchmark,2024-08-09,0.000168867281777
zero_cash,defensive_risk_off_12p,benchmark,2024-08-16,0.0400006407454722
zero_cash,defensive_risk_off_12p,benchmark,2024-08-23,0.014107589454104
zero_cash,defensive_risk_off_12p,benchmark,2024-08-30,0.0027576108407343
zero_cash,defensive_risk_off_12p,benchmark,2024-09-06,-0.0413711397046833
zero_cash,defensive_risk_off_12p,benchmark,2024-09-13,0.0345043386486467
zero_cash,defensive_risk_off_12p,benchmark,2024-09-20,0.0138044944213934
zero_cash,defensive_risk_off_12p,benchmark,2024-09-27,0.0056663344011966
zero_cash,defensive_risk_off_12p,benchmark,2024-10-04,0.0026424944991518
zero_cash,defensive_risk_off_12p,benchmark,2024-10-11,0.0115185439677361
zero_cash,defensive_risk_off_12p,benchmark,2024-10-18,0.0086442192888969
zero_cash,defensive_risk_off_12p,benchmark,2024-10-25,-0.0094940102351918
zero_cash,defensive_risk_off_12p,benchmark,2024-11-01,-0.0138158184860914
zero_cash,defensive_risk_off_12p,benchmark,2024-11-08,0.0475449032477348
zero_cash,defensive_risk_off_12p,benchmark,2024-11-15,-0.0207962006609542
zero_cash,defensive_risk_off_12p,benchmark,2024-11-22,0.0166624398823458
zero_cash,defensive_risk_off_12p,benchmark,2024-11-29,0.0118217259686528
zero_cash,defensive_risk_off_12p,benchmark,2024-12-06,0.0087297089739559
zero_cash,defensive_risk_off_12p,benchmark,2024-12-13,-0.005923005527934
zero_cash,defensive_risk_off_12p,benchmark,2024-12-20,-0.0183218775754889
zero_cash,defensive_risk_off_12p,benchmark,2024-12-27,0.0065295452048217
zero_cash,defensive_risk_off_12p,benchmark,2025-01-03,-0.0051427530764628
zero_cash,defensive_risk_off_12p,benchmark,2025-01-10,-0.019359859043548
zero_cash,defensive_risk_off_12p,benchmark,2025-01-17,-0.0002
zero_cash,defensive_risk_off_12p,benchmark,2025-01-24,0.0171866189743703
zero_cash,defensive_risk_off_12p,benchmark,2025-01-31,-0.0101155476231773
zero_cash,defensive_risk_off_12p,benchmark,2025-02-07,-0.0017445828264772
zero_cash,defensive_risk_off_12p,benchmark,2025-02-14,0.014864248820869
zero_cash,defensive_risk_off_12p,benchmark,2025-02-21,-0.0160079378539966
zero_cash,defensive_risk_off_12p,benchmark,2025-02-28,-0.0279910522647078
zero_cash,defensive_risk_off_12p,benchmark,2025-03-07,0.0194478134554856
zero_cash,defensive_risk_off_12p,benchmark,2025-03-14,0.0255224680952093
zero_cash,defensive_risk_off_12p,benchmark,2025-03-21,0.0118078771810468
zero_cash,defensive_risk_off_12p,benchmark,2025-03-28,0.020000745159749
zero_cash,defensive_risk_off_12p,benchmark,2025-04-04,-0.0152784495359836
zero_cash,defensive_risk_off_12p,benchmark,2025-04-11,0.0651007842685877
zero_cash,defensive_risk_off_12p,benchmark,2025-04-18,0.027489687653968
zero_cash,defensive_risk_off_12p,benchmark,2025-04-25,-0.0045406512251094
zero_cash,defensive_risk_off_12p,benchmark,2025-05-02,-0.0221507556087177
zero_cash,defensive_risk_off_12p,benchmark,2025-05-09,0.029733488908318
zero_cash,defensive_risk_off_12p,benchmark,2025-05-16,-0.0410637669596389
zero_cash,defensive_risk_off_12p,benchmark,2025-05-23,0.0527121067169373
zero_cash,defensive_risk_off_12p,benchmark,2025-05-30,-0.0198547018449858
zero_cash,defensive_risk_off_12p,benchmark,2025-06-06,0.0161424721711945
zero_cash,defensive_risk_off_12p,benchmark,2025-06-13,-0.0035717468886059
zero_cash,defensive_risk_off_12p,benchmark,2025-06-20,-0.0016132749958093
zero_cash,defensive_risk_off_12p,benchmark,2025-06-27,0.0347142713616763
zero_cash,defensive_risk_off_12p,benchmark,2025-07-04,0.0169618483537803
zero_cash,defensive_risk_off_12p,benchmark,2025-07-11,-0.002750556947425
zero_cash,defensive_risk_off_12p,benchmark,2025-07-18,0.0063499282876799
zero_cash,defensive_risk_off_12p,benchmark,2025-07-25,0.0151694028131423
zero_cash,defensive_risk_off_12p,benchmark,2025-08-01,-0.0241405905887579
zero_cash,defensive_risk_off_12p,benchmark,2025-08-08,0.0248665795099987
zero_cash,defensive_risk_off_12p,benchmark,2025-08-15,0.0098245205256075
zero_cash,defensive_risk_off_12p,benchmark,2025-08-22,0.0029061210683207
zero_cash,defensive_risk_off_12p,benchmark,2025-08-29,-0.0004028107279857
zero_cash,defensive_risk_off_12p,benchmark,2025-09-05,0.0033950694152806
zero_cash,defensive_risk_off_12p,benchmark,2025-09-12,0.0157127956247666
zero_cash,defensive_risk_off_12p,benchmark,2025-09-19,0.0123669398115859
zero_cash,defensive_risk_off_12p,benchmark,2025-09-26,-0.0028325562231473
zero_cash,defensive_risk_off_12p,benchmark,2025-10-03,0.0111661541395238
zero_cash,defensive_risk_off_12p,benchmark,2025-10-10,-0.0241927820470251
zero_cash,defensive_risk_off_12p,benchmark,2025-10-17,0.0174114706353449
zero_cash,defensive_risk_off_12p,benchmark,2025-10-24,0.0193560707689102
zero_cash,defensive_risk_off_12p,benchmark,2025-10-31,0.0071021742387391
zero_cash,defensive_risk_off_12p,benchmark,2025-11-07,-0.0162595831149804
zero_cash,defensive_risk_off_12p,benchmark,2025-11-14,0.0014308021887614
zero_cash,defensive_risk_off_12p,benchmark,2025-11-21,-0.0191983407406757
zero_cash,defensive_risk_off_12p,benchmark,2025-11-28,0.0369633625376812
zero_cash,defensive_risk_off_12p,benchmark,2025-12-05,0.003365588310136
zero_cash,defensive_risk_off_12p,benchmark,2025-12-12,-0.0057314023718574
zero_cash,defensive_risk_off_12p,benchmark,2025-12-19,0.001233668100784
zero_cash,defensive_risk_off_12p,benchmark,2025-12-26,0.0142816586824037
zero_cash,defensive_risk_off_12p,benchmark,2026-01-02,-0.0103431660037227
zero_cash,defensive_risk_off_12p,benchmark,2026-01-09,0.0159550146686624
zero_cash,defensive_risk_off_12p,benchmark,2026-01-16,-0.0034722813138657
zero_cash,defensive_risk_off_12p,benchmark,2026-01-23,-0.0035133148038901
zero_cash,defensive_risk_off_12p,benchmark,2026-01-30,0.0039754606543944
zero_cash,defensive_risk_off_12p,benchmark,2026-02-06,-0.001950937693641
zero_cash,defensive_risk_off_12p,benchmark,2026-02-13,-0.0128435082371082
zero_cash,defensive_risk_off_12p,benchmark,2026-02-20,0.0112651792695637
zero_cash,defensive_risk_off_12p,benchmark,2026-02-27,-0.0049896771880904
zero_cash,defensive_risk_off_12p,benchmark,2026-03-06,-0.0198399468125016
zero_cash,defensive_risk_off_12p,benchmark,2026-03-13,-0.0271576464413196
zero_cash,defensive_risk_off_12p,benchmark,2026-03-20,-0.1029858341989052
zero_cash,defensive_risk_off_12p,benchmark,2026-03-27,-0.0002
zero_cash,defensive_risk_off_12p,benchmark,2026-04-03,0.0352714034773995
zero_cash,defensive_risk_off_12p,benchmark,2026-04-10,0.017978158764037
zero_cash,defensive_risk_off_12p,benchmark,2026-04-17,0.02013128290136
zero_cash,defensive_risk_off_12p,benchmark,2026-04-24,0.0049510402379591
zero_cash,defensive_risk_off_12p,benchmark,2026-05-01,0.0093985796421414
zero_cash,defensive_risk_off_12p,benchmark,2026-05-08,0.023548144214555
zero_cash,defensive_risk_off_12p,benchmark,2026-05-15,0.0021013364648858
zero_cash,momentum_winner_12p,benchmark,2022-01-07,-0.018675073862314
zero_cash,momentum_winner_12p,benchmark,2022-01-14,-0.0029394357546579
zero_cash,momentum_winner_12p,benchmark,2022-01-21,-0.05753984096402
zero_cash,momentum_winner_12p,benchmark,2022-01-28,-0.0237210025120057
zero_cash,momentum_winner_12p,benchmark,2022-02-04,-0.0002
zero_cash,momentum_winner_12p,benchmark,2022-02-11,0.0
zero_cash,momentum_winner_12p,benchmark,2022-02-18,0.0188437696627774
zero_cash,momentum_winner_12p,benchmark,2022-02-25,-0.0032181124725786
zero_cash,momentum_winner_12p,benchmark,2022-03-04,0.0403851005424973
zero_cash,momentum_winner_12p,benchmark,2022-03-11,0.0076764139717613
zero_cash,momentum_winner_12p,benchmark,2022-03-18,-0.0312820433340055
zero_cash,momentum_winner_12p,benchmark,2022-03-25,0.0171779240302945
zero_cash,momentum_winner_12p,benchmark,2022-04-01,-0.0157912315259726
zero_cash,momentum_winner_12p,benchmark,2022-04-08,-0.0874972893293195
zero_cash,momentum_winner_12p,benchmark,2022-04-15,0.0129620766415495
zero_cash,momentum_winner_12p,benchmark,2022-04-22,-0.0212511728007211
zero_cash,momentum_winner_12p,benchmark,2022-04-29,-0.0199475165005921
zero_cash,momentum_winner_12p,benchmark,2022-05-06,-0.0084223925290845
zero_cash,momentum_winner_12p,benchmark,2022-05-13,-0.0377950345001555
zero_cash,momentum_winner_12p,benchmark,2022-05-20,-0.0002
zero_cash,momentum_winner_12p,benchmark,2022-05-27,0.0
zero_cash,momentum_winner_12p,benchmark,2022-06-03,0.0
zero_cash,momentum_winner_12p,benchmark,2022-06-10,0.0
zero_cash,momentum_winner_12p,benchmark,2022-06-17,0.0
zero_cash,momentum_winner_12p,benchmark,2022-06-24,0.0
zero_cash,momentum_winner_12p,benchmark,2022-07-01,0.0
zero_cash,momentum_winner_12p,benchmark,2022-07-08,0.0
zero_cash,momentum_winner_12p,benchmark,2022-07-15,0.0
zero_cash,momentum_winner_12p,benchmark,2022-07-22,0.0
zero_cash,momentum_winner_12p,benchmark,2022-07-29,0.0
zero_cash,momentum_winner_12p,benchmark,2022-08-05,-0.0065727818678953
zero_cash,momentum_winner_12p,benchmark,2022-08-12,0.0325650009125468
zero_cash,momentum_winner_12p,benchmark,2022-08-19,-0.0116130893937969
zero_cash,momentum_winner_12p,benchmark,2022-08-26,-0.0398684045677907
zero_cash,momentum_winner_12p,benchmark,2022-09-02,-0.0002
zero_cash,momentum_winner_12p,benchmark,2022-09-09,0.0364103972208409
zero_cash,momentum_winner_12p,benchmark,2022-09-16,-0.0478511047644425
zero_cash,momentum_winner_12p,benchmark,2022-09-23,-0.0002
zero_cash,momentum_winner_12p,benchmark,2022-09-30,0.0059516479661584
zero_cash,momentum_winner_12p,benchmark,2022-10-07,-0.001
zero_cash,momentum_winner_12p,benchmark,2022-10-14,0.0
zero_cash,momentum_winner_12p,benchmark,2022-10-21,0.0
zero_cash,momentum_winner_12p,benchmark,2022-10-28,0.0
zero_cash,momentum_winner_12p,benchmark,2022-11-04,0.0
zero_cash,momentum_winner_12p,benchmark,2022-11-11,0.0
zero_cash,momentum_winner_12p,benchmark,2022-11-18,-0.0109559813971843
zero_cash,momentum_winner_12p,benchmark,2022-11-25,0.0026414887419676
zero_cash,momentum_winner_12p,benchmark,2022-12-02,0.0109835551933754
zero_cash,momentum_winner_12p,benchmark,2022-12-09,-0.0015957249480479
zero_cash,momentum_winner_12p,benchmark,2022-12-16,-0.0016162113995377
zero_cash,momentum_winner_12p,benchmark,2022-12-23,0.0028179221753239
zero_cash,momentum_winner_12p,benchmark,2022-12-30,0.0142293731972784
zero_cash,momentum_winner_12p,benchmark,2023-01-06,0.0239920262842627
zero_cash,momentum_winner_12p,benchmark,2023-01-13,0.0290713695111821
zero_cash,momentum_winner_12p,benchmark,2023-01-20,0.0029648623606139
zero_cash,momentum_winner_12p,benchmark,2023-01-27,-0.0003903846731589
zero_cash,momentum_winner_12p,benchmark,2023-02-03,-0.0321392393014365
zero_cash,momentum_winner_12p,benchmark,2023-02-10,-0.0778819037030738
zero_cash,momentum_winner_12p,benchmark,2023-02-17,0.1346077897372455
zero_cash,momentum_winner_12p,benchmark,2023-02-24,-0.0556662374375754
zero_cash,momentum_winner_12p,benchmark,2023-03-03,-0.0360135655483365
zero_cash,momentum_winner_12p,benchmark,2023-03-10,-0.097279734686313
zero_cash,momentum_winner_12p,benchmark,2023-03-17,0.3584781308664031
zero_cash,momentum_winner_12p,benchmark,2023-03-24,0.0025290127833725
zero_cash,momentum_winner_12p,benchmark,2023-03-31,0.035834175987006
zero_cash,momentum_winner_12p,benchmark,2023-04-07,-0.0194050003758319
zero_cash,momentum_winner_12p,benchmark,2023-04-14,0.0916655709453884
zero_cash,momentum_winner_12p,benchmark,2023-04-21,-0.1052555507904
zero_cash,momentum_winner_12p,benchmark,2023-04-28,0.0756446221614004
zero_cash,momentum_winner_12p,benchmark,2023-05-05,0.0066162684142296
zero_cash,momentum_winner_12p,benchmark,2023-05-12,-0.092414131965489
zero_cash,momentum_winner_12p,benchmark,2023-05-19,0.0031762246928863
zero_cash,momentum_winner_12p,benchmark,2023-05-26,-0.0063531822856115
zero_cash,momentum_winner_12p,benchmark,2023-06-02,0.019847039646931
zero_cash,momentum_winner_12p,benchmark,2023-06-09,-0.0282284925446841
zero_cash,momentum_winner_12p,benchmark,2023-06-16,0.0248350275244083
zero_cash,momentum_winner_12p,benchmark,2023-06-23,-0.0142220469227684
zero_cash,momentum_winner_12p,benchmark,2023-06-30,-0.0083090882713755
zero_cash,momentum_winner_12p,benchmark,2023-07-07,-0.0044290846278599
zero_cash,momentum_winner_12p,benchmark,2023-07-14,0.0232672694579735
zero_cash,momentum_winner_12p,benchmark,2023-07-21,-0.0152213377813711
zero_cash,momentum_winner_12p,benchmark,2023-07-28,0.0092827011987507
zero_cash,momentum_winner_12p,benchmark,2023-08-04,-0.0221264645604682
zero_cash,momentum_winner_12p,benchmark,2023-08-11,-0.0025961841170725
zero_cash,momentum_winner_12p,benchmark,2023-08-18,-0.1150917844778273
zero_cash,momentum_winner_12p,benchmark,2023-08-25,0.0067496421806888
zero_cash,momentum_winner_12p,benchmark,2023-09-01,0.0255016161893693
zero_cash,momentum_winner_12p,benchmark,2023-09-08,-0.0125666747198033
zero_cash,momentum_winner_12p,benchmark,2023-09-15,-0.0013155378996895
zero_cash,momentum_winner_12p,benchmark,2023-09-22,-0.0292079772500583
zero_cash,momentum_winner_12p,benchmark,2023-09-29,-0.0405410724719888
zero_cash,momentum_winner_12p,benchmark,2023-10-06,-0.0002
zero_cash,momentum_winner_12p,benchmark,2023-10-13,0.0
zero_cash,momentum_winner_12p,benchmark,2023-10-20,0.0
zero_cash,momentum_winner_12p,benchmark,2023-10-27,0.1413999863136915
zero_cash,momentum_winner_12p,benchmark,2023-11-03,0.024256215564522
zero_cash,momentum_winner_12p,benchmark,2023-11-10,0.0743297371920856
zero_cash,momentum_winner_12p,benchmark,2023-11-17,-0.0192229660976493
zero_cash,momentum_winner_12p,benchmark,2023-11-24,0.0307021715061057
zero_cash,momentum_winner_12p,benchmark,2023-12-01,0.0256750140218002
zero_cash,momentum_winner_12p,benchmark,2023-12-08,0.1415877112209622
zero_cash,momentum_winner_12p,benchmark,2023-12-15,-0.050645593522396
zero_cash,momentum_winner_12p,benchmark,2023-12-22,0.0493240275915318
zero_cash,momentum_winner_12p,benchmark,2023-12-29,-0.0431497843957937
zero_cash,momentum_winner_12p,benchmark,2024-01-05,0.0490099371400294
zero_cash,momentum_winner_12p,benchmark,2024-01-12,-0.0296522561420401
zero_cash,momentum_winner_12p,benchmark,2024-01-19,-0.0288137791738157
zero_cash,momentum_winner_12p,benchmark,2024-01-26,0.0047686795731156
zero_cash,momentum_winner_12p,benchmark,2024-02-02,0.0327377024020003
zero_cash,momentum_winner_12p,benchmark,2024-02-09,0.0917277067327086
zero_cash,momentum_winner_12p,benchmark,2024-02-16,0.1063266533180697
zero_cash,momentum_winner_12p,benchmark,2024-02-23,-0.0273820618149672
zero_cash,momentum_winner_12p,benchmark,2024-03-01,0.2307950665026408
zero_cash,momentum_winner_12p,benchmark,2024-03-08,0.0938405117561043
zero_cash,momentum_winner_12p,benchmark,2024-03-15,0.016159270462202
zero_cash,momentum_winner_12p,benchmark,2024-03-22,-0.0810476353107151
zero_cash,momentum_winner_12p,benchmark,2024-03-29,0.0958636737604228
zero_cash,momentum_winner_12p,benchmark,2024-04-05,-0.0294048410278147
zero_cash,momentum_winner_12p,benchmark,2024-04-12,-0.0094604327566116
zero_cash,momentum_winner_12p,benchmark,2024-04-19,-0.0498884383119264
zero_cash,momentum_winner_12p,benchmark,2024-04-26,-0.0013822848497982
zero_cash,momentum_winner_12p,benchmark,2024-05-03,-0.0135750925688676
zero_cash,momentum_winner_12p,benchmark,2024-05-10,-0.0333449525267335
zero_cash,momentum_winner_12p,benchmark,2024-05-17,0.0214326953330404
zero_cash,momentum_winner_12p,benchmark,2024-05-24,0.0207863585097359
zero_cash,momentum_winner_12p,benchmark,2024-05-31,-0.0040714112747555
zero_cash,momentum_winner_12p,benchmark,2024-06-07,-0.0171853083873515
zero_cash,momentum_winner_12p,benchmark,2024-06-14,0.0195179088133061
zero_cash,momentum_winner_12p,benchmark,2024-06-21,-0.0044036386550622
zero_cash,momentum_winner_12p,benchmark,2024-06-28,-0.0009326532219225
zero_cash,momentum_winner_12p,benchmark,2024-07-05,0.0191465723579478
zero_cash,momentum_winner_12p,benchmark,2024-07-12,0.0096461324458367
zero_cash,momentum_winner_12p,benchmark,2024-07-19,-0.0196435705708679
zero_cash,momentum_winner_12p,benchmark,2024-07-26,-0.0082877402992322
zero_cash,momentum_winner_12p,benchmark,2024-08-02,-0.0968677776315511
zero_cash,momentum_winner_12p,benchmark,2024-08-09,-0.0217533727217372
zero_cash,momentum_winner_12p,benchmark,2024-08-16,0.012258521352831
zero_cash,momentum_winner_12p,benchmark,2024-08-23,0.0097493948849454
zero_cash,momentum_winner_12p,benchmark,2024-08-30,-0.0193106911018653
zero_cash,momentum_winner_12p,benchmark,2024-09-06,-0.0032535104089169
zero_cash,momentum_winner_12p,benchmark,2024-09-13,0.0349043386486467
zero_cash,momentum_winner_12p,benchmark,2024-09-20,0.0147897358237354
zero_cash,momentum_winner_12p,benchmark,2024-09-27,0.0116014924268315
zero_cash,momentum_winner_12p,benchmark,2024-10-04,-0.0577914260488848
zero_cash,momentum_winner_12p,benchmark,2024-10-11,0.0007183723294004
zero_cash,momentum_winner_12p,benchmark,2024-10-18,0.0236281542466079
zero_cash,momentum_winner_12p,benchmark,2024-10-25,0.0081585665495309
zero_cash,momentum_winner_12p,benchmark,2024-11-01,-0.003355463757064
zero_cash,momentum_winner_12p,benchmark,2024-11-08,0.1004516531373246
zero_cash,momentum_winner_12p,benchmark,2024-11-15,0.1896980971585415
zero_cash,momentum_winner_12p,benchmark,2024-11-22,0.0870978803235873
zero_cash,momentum_winner_12p,benchmark,2024-11-29,-0.0155169380969453
zero_cash,momentum_winner_12p,benchmark,2024-12-06,0.0252323933924245
zero_cash,momentum_winner_12p,benchmark,2024-12-13,0.0153976774240762
zero_cash,momentum_winner_12p,benchmark,2024-12-20,-0.0365006427687838
zero_cash,momentum_winner_12p,benchmark,2024-12-27,-0.0367350637856926
zero_cash,momentum_winner_12p,benchmark,2025-01-03,0.0418688068847339
zero_cash,momentum_winner_12p,benchmark,2025-01-10,-0.0347168055808719
zero_cash,momentum_winner_12p,benchmark,2025-01-17,0.1030669077972503
zero_cash,momentum_winner_12p,benchmark,2025-01-24,0.0034217723079876
zero_cash,momentum_winner_12p,benchmark,2025-01-31,-0.0230344668445617
zero_cash,momentum_winner_12p,benchmark,2025-02-07,-0.057379387287443
zero_cash,momentum_winner_12p,benchmark,2025-02-14,0.0078565164975904
zero_cash,momentum_winner_12p,benchmark,2025-02-21,0.0167110351371009
zero_cash,momentum_winner_12p,benchmark,2025-02-28,-0.0275910522647078
zero_cash,momentum_winner_12p,benchmark,2025-03-07,0.0194478134554856
zero_cash,momentum_winner_12p,benchmark,2025-03-14,0.0255224680952093
zero_cash,momentum_winner_12p,benchmark,2025-03-21,0.0118078771810468
zero_cash,momentum_winner_12p,benchmark,2025-03-28,0.020000745159749
zero_cash,momentum_winner_12p,benchmark,2025-04-04,-0.0152784495359836
zero_cash,momentum_winner_12p,benchmark,2025-04-11,0.0651007842685877
zero_cash,momentum_winner_12p,benchmark,2025-04-18,0.027489687653968
zero_cash,momentum_winner_12p,benchmark,2025-04-25,-0.0045406512251094
zero_cash,momentum_winner_12p,benchmark,2025-05-02,-0.0221507556087177
zero_cash,momentum_winner_12p,benchmark,2025-05-09,0.029733488908318
zero_cash,momentum_winner_12p,benchmark,2025-05-16,-0.0410637669596389
zero_cash,momentum_winner_12p,benchmark,2025-05-23,0.0527121067169373
zero_cash,momentum_winner_12p,benchmark,2025-05-30,-0.0318579747026798
zero_cash,momentum_winner_12p,benchmark,2025-06-06,0.0037671040700153
zero_cash,momentum_winner_12p,benchmark,2025-06-13,0.0162910182964122
zero_cash,momentum_winner_12p,benchmark,2025-06-20,-0.0262168139312046
zero_cash,momentum_winner_12p,benchmark,2025-06-27,0.0365777049552735
zero_cash,momentum_winner_12p,benchmark,2025-07-04,0.0088329453775752
zero_cash,momentum_winner_12p,benchmark,2025-07-11,0.0877744669573006
zero_cash,momentum_winner_12p,benchmark,2025-07-18,0.0041375665420726
zero_cash,momentum_winner_12p,benchmark,2025-07-25,-0.003112997506093
zero_cash,momentum_winner_12p,benchmark,2025-08-01,-0.0366877586312583
zero_cash,momentum_winner_12p,benchmark,2025-08-08,0.0236665795099987
zero_cash,momentum_winner_12p,benchmark,2025-08-15,0.0048813501090006
zero_cash,momentum_winner_12p,benchmark,2025-08-22,0.0017061210683207
zero_cash,momentum_winner_12p,benchmark,2025-08-29,-0.0736134005593493
zero_cash,momentum_winner_12p,benchmark,2025-09-05,0.0021950694152806
zero_cash,momentum_winner_12p,benchmark,2025-09-12,0.0157127956247666
zero_cash,momentum_winner_12p,benchmark,2025-09-19,-0.0047548074080065
zero_cash,momentum_winner_12p,benchmark,2025-09-26,0.0210890433452549
zero_cash,momentum_winner_12p,benchmark,2025-10-03,0.0314357291372557
zero_cash,momentum_winner_12p,benchmark,2025-10-10,0.0320992618234703
zero_cash,momentum_winner_12p,benchmark,2025-10-17,0.0538307200369332
zero_cash,momentum_winner_12p,benchmark,2025-10-24,-0.0294866230716944
zero_cash,momentum_winner_12p,benchmark,2025-10-31,-0.0248993276383676
zero_cash,momentum_winner_12p,benchmark,2025-11-07,0.0005161426815345
zero_cash,momentum_winner_12p,benchmark,2025-11-14,0.0207705301164609
zero_cash,momentum_winner_12p,benchmark,2025-11-21,-0.0044951656554342
zero_cash,momentum_winner_12p,benchmark,2025-11-28,0.0363641656254822
zero_cash,momentum_winner_12p,benchmark,2025-12-05,-0.00371249464597
zero_cash,momentum_winner_12p,benchmark,2025-12-12,0.0232895143958722
zero_cash,momentum_winner_12p,benchmark,2025-12-19,0.0090531725423912
zero_cash,momentum_winner_12p,benchmark,2025-12-26,0.0444088058458043
zero_cash,momentum_winner_12p,benchmark,2026-01-02,-0.0442961844019246
zero_cash,momentum_winner_12p,benchmark,2026-01-09,0.0406498003691564
zero_cash,momentum_winner_12p,benchmark,2026-01-16,0.0164547670618677
zero_cash,momentum_winner_12p,benchmark,2026-01-23,0.087137104394831
zero_cash,momentum_winner_12p,benchmark,2026-01-30,-0.0284934231287526
zero_cash,momentum_winner_12p,benchmark,2026-02-06,0.0236205842447683
zero_cash,momentum_winner_12p,benchmark,2026-02-13,0.0157203789497184
zero_cash,momentum_winner_12p,benchmark,2026-02-20,0.0129696080224117
zero_cash,momentum_winner_12p,benchmark,2026-02-27,0.0322862981530034
zero_cash,momentum_winner_12p,benchmark,2026-03-06,-0.0211679384689922
zero_cash,momentum_winner_12p,benchmark,2026-03-13,-0.0267576464413196
zero_cash,momentum_winner_12p,benchmark,2026-03-20,-0.1029858341989052
zero_cash,momentum_winner_12p,benchmark,2026-03-27,-0.0002
zero_cash,momentum_winner_12p,benchmark,2026-04-03,0.0352714034773995
zero_cash,momentum_winner_12p,benchmark,2026-04-10,0.017978158764037
zero_cash,momentum_winner_12p,benchmark,2026-04-17,0.02013128290136
zero_cash,momentum_winner_12p,benchmark,2026-04-24,0.0049510402379591
zero_cash,momentum_winner_12p,benchmark,2026-05-01,0.0093985796421414
zero_cash,momentum_winner_12p,benchmark,2026-05-08,0.0244816488443187
zero_cash,momentum_winner_12p,benchmark,2026-05-15,-0.0139809347435566
zero_cash,risk_adjusted_momentum_winner_12p_12p,benchmark,2022-01-07,-0.018675073862314
zero_cash,risk_adjusted_momentum_winner_12p_12p,benchmark,2022-01-14,-0.0029394357546579
zero_cash,risk_adjusted_momentum_winner_12p_12p,benchmark,2022-01-21,-0.05753984096402
zero_cash,risk_adjusted_momentum_winner_12p_12p,benchmark,2022-01-28,-0.0237210025120057
zero_cash,risk_adjusted_momentum_winner_12p_12p,benchmark,2022-02-04,0.010532581942251
zero_cash,risk_adjusted_momentum_winner_12p_12p,benchmark,2022-02-11,-0.0187641282698778
zero_cash,risk_adjusted_momentum_winner_12p_12p,benchmark,2022-02-18,0.0186437696627774
zero_cash,risk_adjusted_momentum_winner_12p_12p,benchmark,2022-02-25,-0.0032181124725786
zero_cash,risk_adjusted_momentum_winner_12p_12p,benchmark,2022-03-04,0.0403851005424973
zero_cash,risk_adjusted_momentum_winner_12p_12p,benchmark,2022-03-11,0.0076764139717613
zero_cash,risk_adjusted_momentum_winner_12p_12p,benchmark,2022-03-18,-0.0312820433340055
zero_cash,risk_adjusted_momentum_winner_12p_12p,benchmark,2022-03-25,0.0171779240302945
zero_cash,risk_adjusted_momentum_winner_12p_12p,benchmark,2022-04-01,-0.0157912315259726
zero_cash,risk_adjusted_momentum_winner_12p_12p,benchmark,2022-04-08,0.0109749371626914
zero_cash,risk_adjusted_momentum_winner_12p_12p,benchmark,2022-04-15,0.0141620766415495
zero_cash,risk_adjusted_momentum_winner_12p_12p,benchmark,2022-04-22,-0.0203760059595837
zero_cash,risk_adjusted_momentum_winner_12p_12p,benchmark,2022-04-29,-0.0187475165005922
zero_cash,risk_adjusted_momentum_winner_12p_12p,benchmark,2022-05-06,-0.0084223925290845
zero_cash,risk_adjusted_momentum_winner_12p_12p,benchmark,2022-05-13,-0.0377950345001555
zero_cash,risk_adjusted_momentum_winner_12p_12p,benchmark,2022-05-20,0.0191954832753125
zero_cash,risk_adjusted_momentum_winner_12p_12p,benchmark,2022-05-27,0.004766653083982
zero_cash,risk_adjusted_momentum_winner_12p_12p,benchmark,2022-06-03,-0.0117663430896741
zero_cash,risk_adjusted_momentum_winner_12p_12p,benchmark,2022-06-10,-0.0505187898208756
zero_cash,risk_adjusted_momentum_winner_12p_12p,benchmark,2022-06-17,-0.0191348982437005
zero_cash,risk_adjusted_momentum_winner_12p_12p,benchmark,2022-06-24,-0.0068897524676482
zero_cash,risk_adjusted_momentum_winner_12p_12p,benchmark,2022-07-01,-0.0104061911445734
zero_cash,risk_adjusted_momentum_winner_12p_12p,benchmark,2022-07-08,-0.0290650061825886
zero_cash,risk_adjusted_momentum_winner_12p_12p,benchmark,2022-07-15,-0.0095078429946963
zero_cash,risk_adjusted_momentum_winner_12p_12p,benchmark,2022-07-22,0.0203508759565523
zero_cash,risk_adjusted_momentum_winner_12p_12p,benchmark,2022-07-29,-0.0094474820583363
zero_cash,risk_adjusted_momentum_winner_12p_12p,benchmark,2022-08-05,-0.0063727818678953
zero_cash,risk_adjusted_momentum_winner_12p_12p,benchmark,2022-08-12,0.0325650009125468
zero_cash,risk_adjusted_momentum_winner_12p_12p,benchmark,2022-08-19,-0.0116130893937969
zero_cash,risk_adjusted_momentum_winner_12p_12p,benchmark,2022-08-26,-0.0398684045677907
zero_cash,risk_adjusted_momentum_winner_12p_12p,benchmark,2022-09-02,-0.0322469522704795
zero_cash,risk_adjusted_momentum_winner_12p_12p,benchmark,2022-09-09,0.0366103972208409
zero_cash,risk_adjusted_momentum_winner_12p_12p,benchmark,2022-09-16,-0.0478511047644425
zero_cash,risk_adjusted_momentum_winner_12p_12p,benchmark,2022-09-23,-0.0456736214475272
zero_cash,risk_adjusted_momentum_winner_12p_12p,benchmark,2022-09-30,0.0057516479661584
zero_cash,risk_adjusted_momentum_winner_12p_12p,benchmark,2022-10-07,0.0059212533907671
zero_cash,risk_adjusted_momentum_winner_12p_12p,benchmark,2022-10-14,-0.0322362870770779
zero_cash,risk_adjusted_momentum_winner_12p_12p,benchmark,2022-10-21,0.0076480468141018
zero_cash,risk_adjusted_momentum_winner_12p_12p,benchmark,2022-10-28,0.0389545349762172
zero_cash,risk_adjusted_momentum_winner_12p_12p,benchmark,2022-11-04,-0.0325691147485351
zero_cash,risk_adjusted_momentum_winner_12p_12p,benchmark,2022-11-11,-0.1956905980042082
zero_cash,risk_adjusted_momentum_winner_12p_12p,benchmark,2022-11-18,-0.0119559813971843
zero_cash,risk_adjusted_momentum_winner_12p_12p,benchmark,2022-11-25,0.0026414887419676
zero_cash,risk_adjusted_momentum_winner_12p_12p,benchmark,2022-12-02,0.0247518273245814
zero_cash,risk_adjusted_momentum_winner_12p_12p,benchmark,2022-12-09,-0.0011957249480479
zero_cash,risk_adjusted_momentum_winner_12p_12p,benchmark,2022-12-16,-0.0016162113995377
zero_cash,risk_adjusted_momentum_winner_12p_12p,benchmark,2022-12-23,0.0028179221753239
zero_cash,risk_adjusted_momentum_winner_12p_12p,benchmark,2022-12-30,0.0142293731972784
zero_cash,risk_adjusted_momentum_winner_12p_12p,benchmark,2023-01-06,0.0239920262842627
zero_cash,risk_adjusted_momentum_winner_12p_12p,benchmark,2023-01-13,0.0290713695111821
zero_cash,risk_adjusted_momentum_winner_12p_12p,benchmark,2023-01-20,0.0029648623606139
zero_cash,risk_adjusted_momentum_winner_12p_12p,benchmark,2023-01-27,-0.0003903846731589
zero_cash,risk_adjusted_momentum_winner_12p_12p,benchmark,2023-02-03,-0.0321392393014365
zero_cash,risk_adjusted_momentum_winner_12p_12p,benchmark,2023-02-10,-0.0778819037030738
zero_cash,risk_adjusted_momentum_winner_12p_12p,benchmark,2023-02-17,0.1346077897372455
zero_cash,risk_adjusted_momentum_winner_12p_12p,benchmark,2023-02-24,-0.0556662374375754
zero_cash,risk_adjusted_momentum_winner_12p_12p,benchmark,2023-03-03,-0.0360135655483365
zero_cash,risk_adjusted_momentum_winner_12p_12p,benchmark,2023-03-10,-0.097279734686313
zero_cash,risk_adjusted_momentum_winner_12p_12p,benchmark,2023-03-17,0.3584781308664031
zero_cash,risk_adjusted_momentum_winner_12p_12p,benchmark,2023-03-24,0.0025290127833725
zero_cash,risk_adjusted_momentum_winner_12p_12p,benchmark,2023-03-31,0.035834175987006
zero_cash,risk_adjusted_momentum_winner_12p_12p,benchmark,2023-04-07,-0.0194050003758319
zero_cash,risk_adjusted_momentum_winner_12p_12p,benchmark,2023-04-14,0.0916655709453884
zero_cash,risk_adjusted_momentum_winner_12p_12p,benchmark,2023-04-21,-0.1052555507904
zero_cash,risk_adjusted_momentum_winner_12p_12p,benchmark,2023-04-28,0.0756446221614004
zero_cash,risk_adjusted_momentum_winner_12p_12p,benchmark,2023-05-05,0.013193958972849
zero_cash,risk_adjusted_momentum_winner_12p_12p,benchmark,2023-05-12,-0.0034674550943849
zero_cash,risk_adjusted_momentum_winner_12p_12p,benchmark,2023-05-19,-0.0169691034225886
zero_cash,risk_adjusted_momentum_winner_12p_12p,benchmark,2023-05-26,-0.0148115945858385
zero_cash,risk_adjusted_momentum_winner_12p_12p,benchmark,2023-06-02,0.0007185766312638
zero_cash,risk_adjusted_momentum_winner_12p_12p,benchmark,2023-06-09,0.0042269568817182
zero_cash,risk_adjusted_momentum_winner_12p_12p,benchmark,2023-06-16,0.0260350275244083
zero_cash,risk_adjusted_momentum_winner_12p_12p,benchmark,2023-06-23,-0.0142220469227684
zero_cash,risk_adjusted_momentum_winner_12p_12p,benchmark,2023-06-30,0.0232449875411027
zero_cash,risk_adjusted_momentum_winner_12p_12p,benchmark,2023-07-07,-0.0106705021219477
zero_cash,risk_adjusted_momentum_winner_12p_12p,benchmark,2023-07-14,0.0244672694579735
zero_cash,risk_adjusted_momentum_winner_12p_12p,benchmark,2023-07-21,0.0064544953192409
zero_cash,risk_adjusted_momentum_winner_12p_12p,benchmark,2023-07-28,0.0104827011987507
zero_cash,risk_adjusted_momentum_winner_12p_12p,benchmark,2023-08-04,-0.0221264645604682
zero_cash,risk_adjusted_momentum_winner_12p_12p,benchmark,2023-08-11,-0.0025961841170725
zero_cash,risk_adjusted_momentum_winner_12p_12p,benchmark,2023-08-18,-0.0205317902190812
zero_cash,risk_adjusted_momentum_winner_12p_12p,benchmark,2023-08-25,0.0079496421806888
zero_cash,risk_adjusted_momentum_winner_12p_12p,benchmark,2023-09-01,0.0255016161893693
zero_cash,risk_adjusted_momentum_winner_12p_12p,benchmark,2023-09-08,-0.0125666747198033
zero_cash,risk_adjusted_momentum_winner_12p_12p,benchmark,2023-09-15,-0.0013155378996895
zero_cash,risk_adjusted_momentum_winner_12p_12p,benchmark,2023-09-22,-0.0292079772500583
zero_cash,risk_adjusted_momentum_winner_12p_12p,benchmark,2023-09-29,-0.0405410724719888
zero_cash,risk_adjusted_momentum_winner_12p_12p,benchmark,2023-10-06,0.0044188706941028
zero_cash,risk_adjusted_momentum_winner_12p_12p,benchmark,2023-10-13,-0.03999623092536
zero_cash,risk_adjusted_momentum_winner_12p_12p,benchmark,2023-10-20,0.0254174269311523
zero_cash,risk_adjusted_momentum_winner_12p_12p,benchmark,2023-10-27,0.013944101583194
zero_cash,risk_adjusted_momentum_winner_12p_12p,benchmark,2023-11-03,0.023056215564522
zero_cash,risk_adjusted_momentum_winner_12p_12p,benchmark,2023-11-10,0.0743297371920856
zero_cash,risk_adjusted_momentum_winner_12p_12p,benchmark,2023-11-17,-0.0192229660976493
zero_cash,risk_adjusted_momentum_winner_12p_12p,benchmark,2023-11-24,0.0307021715061057
zero_cash,risk_adjusted_momentum_winner_12p_12p,benchmark,2023-12-01,0.0256750140218002
zero_cash,risk_adjusted_momentum_winner_12p_12p,benchmark,2023-12-08,0.1415877112209622
zero_cash,risk_adjusted_momentum_winner_12p_12p,benchmark,2023-12-15,-0.050645593522396
zero_cash,risk_adjusted_momentum_winner_12p_12p,benchmark,2023-12-22,0.0493240275915318
zero_cash,risk_adjusted_momentum_winner_12p_12p,benchmark,2023-12-29,-0.0431497843957937
zero_cash,risk_adjusted_momentum_winner_12p_12p,benchmark,2024-01-05,0.0490099371400294
zero_cash,risk_adjusted_momentum_winner_12p_12p,benchmark,2024-01-12,-0.0296522561420401
zero_cash,risk_adjusted_momentum_winner_12p_12p,benchmark,2024-01-19,-0.0263762590244996
zero_cash,risk_adjusted_momentum_winner_12p_12p,benchmark,2024-01-26,0.0099227974478838
zero_cash,risk_adjusted_momentum_winner_12p_12p,benchmark,2024-02-02,0.0142385063525758
zero_cash,risk_adjusted_momentum_winner_12p_12p,benchmark,2024-02-09,0.0138565687287051
zero_cash,risk_adjusted_momentum_winner_12p_12p,benchmark,2024-02-16,-0.0033719225927447
zero_cash,risk_adjusted_momentum_winner_12p_12p,benchmark,2024-02-23,0.0166963096551018
zero_cash,risk_adjusted_momentum_winner_12p_12p,benchmark,2024-03-01,0.009845492581195
zero_cash,risk_adjusted_momentum_winner_12p_12p,benchmark,2024-03-08,-0.0022033647720639
zero_cash,risk_adjusted_momentum_winner_12p_12p,benchmark,2024-03-15,-0.0005978938595926
zero_cash,risk_adjusted_momentum_winner_12p_12p,benchmark,2024-03-22,0.02232121478972
zero_cash,risk_adjusted_momentum_winner_12p_12p,benchmark,2024-03-29,0.0035684738785528
zero_cash,risk_adjusted_momentum_winner_12p_12p,benchmark,2024-04-05,-0.008870517976383
zero_cash,risk_adjusted_momentum_winner_12p_12p,benchmark,2024-04-12,-0.0146212346324573
zero_cash,risk_adjusted_momentum_winner_12p_12p,benchmark,2024-04-19,0.0186880142067353
zero_cash,risk_adjusted_momentum_winner_12p_12p,benchmark,2024-04-26,-0.0199520593877071
zero_cash,risk_adjusted_momentum_winner_12p_12p,benchmark,2024-05-03,-0.0168958936654962
zero_cash,risk_adjusted_momentum_winner_12p_12p,benchmark,2024-05-10,0.0270003748061751
zero_cash,risk_adjusted_momentum_winner_12p_12p,benchmark,2024-05-17,0.0226326953330404
zero_cash,risk_adjusted_momentum_winner_12p_12p,benchmark,2024-05-24,-0.0346061225361381
zero_cash,risk_adjusted_momentum_winner_12p_12p,benchmark,2024-05-31,-0.0028714112747555
zero_cash,risk_adjusted_momentum_winner_12p_12p,benchmark,2024-06-07,-0.0171853083873515
zero_cash,risk_adjusted_momentum_winner_12p_12p,benchmark,2024-06-14,0.0160228137238257
zero_cash,risk_adjusted_momentum_winner_12p_12p,benchmark,2024-06-21,-0.0048036386550622
zero_cash,risk_adjusted_momentum_winner_12p_12p,benchmark,2024-06-28,-0.0009326532219225
zero_cash,risk_adjusted_momentum_winner_12p_12p,benchmark,2024-07-05,0.0191465723579478
zero_cash,risk_adjusted_momentum_winner_12p_12p,benchmark,2024-07-12,0.0096461324458367
zero_cash,risk_adjusted_momentum_winner_12p_12p,benchmark,2024-07-19,-0.0196435705708679
zero_cash,risk_adjusted_momentum_winner_12p_12p,benchmark,2024-07-26,-0.0082877402992322
zero_cash,risk_adjusted_momentum_winner_12p_12p,benchmark,2024-08-02,-0.0211960072653448
zero_cash,risk_adjusted_momentum_winner_12p_12p,benchmark,2024-08-09,-0.0209533727217372
zero_cash,risk_adjusted_momentum_winner_12p_12p,benchmark,2024-08-16,0.012258521352831
zero_cash,risk_adjusted_momentum_winner_12p_12p,benchmark,2024-08-23,-0.0002706893461505
zero_cash,risk_adjusted_momentum_winner_12p_12p,benchmark,2024-08-30,-0.0031463277859045
zero_cash,risk_adjusted_momentum_winner_12p_12p,benchmark,2024-09-06,-0.0028535104089169
zero_cash,risk_adjusted_momentum_winner_12p_12p,benchmark,2024-09-13,0.0349043386486467
zero_cash,risk_adjusted_momentum_winner_12p_12p,benchmark,2024-09-20,0.0147897358237354
zero_cash,risk_adjusted_momentum_winner_12p_12p,benchmark,2024-09-27,0.0116014924268315
zero_cash,risk_adjusted_momentum_winner_12p_12p,benchmark,2024-10-04,-8.164342548411252e-05
zero_cash,risk_adjusted_momentum_winner_12p_12p,benchmark,2024-10-11,0.0019183723294005
zero_cash,risk_adjusted_momentum_winner_12p_12p,benchmark,2024-10-18,0.0236281542466079
zero_cash,risk_adjusted_momentum_winner_12p_12p,benchmark,2024-10-25,0.0081585665495309
zero_cash,risk_adjusted_momentum_winner_12p_12p,benchmark,2024-11-01,-0.003355463757064
zero_cash,risk_adjusted_momentum_winner_12p_12p,benchmark,2024-11-08,-0.0178634866916066
zero_cash,risk_adjusted_momentum_winner_12p_12p,benchmark,2024-11-15,-0.0458542106312206
zero_cash,risk_adjusted_momentum_winner_12p_12p,benchmark,2024-11-22,0.0858978803235872
zero_cash,risk_adjusted_momentum_winner_12p_12p,benchmark,2024-11-29,-0.0155169380969453
zero_cash,risk_adjusted_momentum_winner_12p_12p,benchmark,2024-12-06,0.0252323933924245
zero_cash,risk_adjusted_momentum_winner_12p_12p,benchmark,2024-12-13,0.0153976774240762
zero_cash,risk_adjusted_momentum_winner_12p_12p,benchmark,2024-12-20,-0.0365006427687838
zero_cash,risk_adjusted_momentum_winner_12p_12p,benchmark,2024-12-27,-0.0367350637856926
zero_cash,risk_adjusted_momentum_winner_12p_12p,benchmark,2025-01-03,0.0418688068847339
zero_cash,risk_adjusted_momentum_winner_12p_12p,benchmark,2025-01-10,-0.0347168055808719
zero_cash,risk_adjusted_momentum_winner_12p_12p,benchmark,2025-01-17,0.1030669077972503
zero_cash,risk_adjusted_momentum_winner_12p_12p,benchmark,2025-01-24,0.0034217723079876
zero_cash,risk_adjusted_momentum_winner_12p_12p,benchmark,2025-01-31,-0.0230344668445617
zero_cash,risk_adjusted_momentum_winner_12p_12p,benchmark,2025-02-07,-0.057379387287443
zero_cash,risk_adjusted_momentum_winner_12p_12p,benchmark,2025-02-14,0.0078565164975904
zero_cash,risk_adjusted_momentum_winner_12p_12p,benchmark,2025-02-21,0.0167110351371009
zero_cash,risk_adjusted_momentum_winner_12p_12p,benchmark,2025-02-28,-0.0275910522647078
zero_cash,risk_adjusted_momentum_winner_12p_12p,benchmark,2025-03-07,0.0194478134554856
zero_cash,risk_adjusted_momentum_winner_12p_12p,benchmark,2025-03-14,0.0255224680952093
zero_cash,risk_adjusted_momentum_winner_12p_12p,benchmark,2025-03-21,0.0118078771810468
zero_cash,risk_adjusted_momentum_winner_12p_12p,benchmark,2025-03-28,0.020000745159749
zero_cash,risk_adjusted_momentum_winner_12p_12p,benchmark,2025-04-04,-0.0152784495359836
zero_cash,risk_adjusted_momentum_winner_12p_12p,benchmark,2025-04-11,0.0651007842685877
zero_cash,risk_adjusted_momentum_winner_12p_12p,benchmark,2025-04-18,0.027489687653968
zero_cash,risk_adjusted_momentum_winner_12p_12p,benchmark,2025-04-25,-0.0045406512251094
zero_cash,risk_adjusted_momentum_winner_12p_12p,benchmark,2025-05-02,-0.0221507556087177
zero_cash,risk_adjusted_momentum_winner_12p_12p,benchmark,2025-05-09,0.029733488908318
zero_cash,risk_adjusted_momentum_winner_12p_12p,benchmark,2025-05-16,-0.0410637669596389
zero_cash,risk_adjusted_momentum_winner_12p_12p,benchmark,2025-05-23,0.0527121067169373
zero_cash,risk_adjusted_momentum_winner_12p_12p,benchmark,2025-05-30,-0.0318579747026798
zero_cash,risk_adjusted_momentum_winner_12p_12p,benchmark,2025-06-06,0.0037671040700153
zero_cash,risk_adjusted_momentum_winner_12p_12p,benchmark,2025-06-13,0.0162910182964122
zero_cash,risk_adjusted_momentum_winner_12p_12p,benchmark,2025-06-20,-0.0262168139312046
zero_cash,risk_adjusted_momentum_winner_12p_12p,benchmark,2025-06-27,0.0365777049552735
zero_cash,risk_adjusted_momentum_winner_12p_12p,benchmark,2025-07-04,0.0157618483537803
zero_cash,risk_adjusted_momentum_winner_12p_12p,benchmark,2025-07-11,0.0865744669573005
zero_cash,risk_adjusted_momentum_winner_12p_12p,benchmark,2025-07-18,0.0041375665420726
zero_cash,risk_adjusted_momentum_winner_12p_12p,benchmark,2025-07-25,-0.003112997506093
zero_cash,risk_adjusted_momentum_winner_12p_12p,benchmark,2025-08-01,-0.0253405905887579
zero_cash,risk_adjusted_momentum_winner_12p_12p,benchmark,2025-08-08,0.0248665795099987
zero_cash,risk_adjusted_momentum_winner_12p_12p,benchmark,2025-08-15,0.0098245205256075
zero_cash,risk_adjusted_momentum_winner_12p_12p,benchmark,2025-08-22,0.0029061210683207
zero_cash,risk_adjusted_momentum_winner_12p_12p,benchmark,2025-08-29,-0.0004028107279857
zero_cash,risk_adjusted_momentum_winner_12p_12p,benchmark,2025-09-05,0.0033950694152806
zero_cash,risk_adjusted_momentum_winner_12p_12p,benchmark,2025-09-12,0.0157127956247666
zero_cash,risk_adjusted_momentum_winner_12p_12p,benchmark,2025-09-19,0.0123669398115859
zero_cash,risk_adjusted_momentum_winner_12p_12p,benchmark,2025-09-26,0.0218890433452548
zero_cash,risk_adjusted_momentum_winner_12p_12p,benchmark,2025-10-03,0.0314357291372557
zero_cash,risk_adjusted_momentum_winner_12p_12p,benchmark,2025-10-10,0.0320992618234703
zero_cash,risk_adjusted_momentum_winner_12p_12p,benchmark,2025-10-17,0.0538307200369332
zero_cash,risk_adjusted_momentum_winner_12p_12p,benchmark,2025-10-24,-0.0294866230716944
zero_cash,risk_adjusted_momentum_winner_12p_12p,benchmark,2025-10-31,-0.0248993276383676
zero_cash,risk_adjusted_momentum_winner_12p_12p,benchmark,2025-11-07,0.0005161426815345
zero_cash,risk_adjusted_momentum_winner_12p_12p,benchmark,2025-11-14,0.0207705301164609
zero_cash,risk_adjusted_momentum_winner_12p_12p,benchmark,2025-11-21,-0.0044951656554342
zero_cash,risk_adjusted_momentum_winner_12p_12p,benchmark,2025-11-28,0.0363641656254822
zero_cash,risk_adjusted_momentum_winner_12p_12p,benchmark,2025-12-05,-0.00371249464597
zero_cash,risk_adjusted_momentum_winner_12p_12p,benchmark,2025-12-12,0.0232895143958722
zero_cash,risk_adjusted_momentum_winner_12p_12p,benchmark,2025-12-19,0.0090531725423912
zero_cash,risk_adjusted_momentum_winner_12p_12p,benchmark,2025-12-26,0.0444088058458043
zero_cash,risk_adjusted_momentum_winner_12p_12p,benchmark,2026-01-02,-0.0442961844019246
zero_cash,risk_adjusted_momentum_winner_12p_12p,benchmark,2026-01-09,0.0155550146686624
zero_cash,risk_adjusted_momentum_winner_12p_12p,benchmark,2026-01-16,-0.0034722813138657
zero_cash,risk_adjusted_momentum_winner_12p_12p,benchmark,2026-01-23,0.086737104394831
zero_cash,risk_adjusted_momentum_winner_12p_12p,benchmark,2026-01-30,-0.0284934231287526
zero_cash,risk_adjusted_momentum_winner_12p_12p,benchmark,2026-02-06,0.0236205842447683
zero_cash,risk_adjusted_momentum_winner_12p_12p,benchmark,2026-02-13,0.0157203789497184
zero_cash,risk_adjusted_momentum_winner_12p_12p,benchmark,2026-02-20,0.0129696080224117
zero_cash,risk_adjusted_momentum_winner_12p_12p,benchmark,2026-02-27,0.0322862981530034
zero_cash,risk_adjusted_momentum_winner_12p_12p,benchmark,2026-03-06,-0.0211679384689922
zero_cash,risk_adjusted_momentum_winner_12p_12p,benchmark,2026-03-13,-0.0267576464413196
zero_cash,risk_adjusted_momentum_winner_12p_12p,benchmark,2026-03-20,-0.1029858341989052
zero_cash,risk_adjusted_momentum_winner_12p_12p,benchmark,2026-03-27,0.0031932055460519
zero_cash,risk_adjusted_momentum_winner_12p_12p,benchmark,2026-04-03,0.0354714034773995
zero_cash,risk_adjusted_momentum_winner_12p_12p,benchmark,2026-04-10,0.017978158764037
zero_cash,risk_adjusted_momentum_winner_12p_12p,benchmark,2026-04-17,0.02013128290136
zero_cash,risk_adjusted_momentum_winner_12p_12p,benchmark,2026-04-24,0.0049510402379591
zero_cash,risk_adjusted_momentum_winner_12p_12p,benchmark,2026-05-01,0.0093985796421414
zero_cash,risk_adjusted_momentum_winner_12p_12p,benchmark,2026-05-08,0.0244816488443187
zero_cash,risk_adjusted_momentum_winner_12p_12p,benchmark,2026-05-15,-0.0139809347435566
zero_cash,rolling_markowitz_long_only_52p,benchmark,2022-01-07,-0.0524203217129238
zero_cash,rolling_markowitz_long_only_52p,benchmark,2022-01-14,0.0082351612013235
zero_cash,rolling_markowitz_long_only_52p,benchmark,2022-01-21,-0.0923987162421552
zero_cash,rolling_markowitz_long_only_52p,benchmark,2022-01-28,0.0150347866050879
zero_cash,rolling_markowitz_long_only_52p,benchmark,2022-02-04,0.0389844545901344
zero_cash,rolling_markowitz_long_only_52p,benchmark,2022-02-11,-0.0015883264443149
zero_cash,rolling_markowitz_long_only_52p,benchmark,2022-02-18,-0.0085554892085039
zero_cash,rolling_markowitz_long_only_52p,benchmark,2022-02-25,0.0034575836024088
zero_cash,rolling_markowitz_long_only_52p,benchmark,2022-03-04,0.0085058387433258
zero_cash,rolling_markowitz_long_only_52p,benchmark,2022-03-11,-0.0066733955129537
zero_cash,rolling_markowitz_long_only_52p,benchmark,2022-03-18,0.0058274965826545
zero_cash,rolling_markowitz_long_only_52p,benchmark,2022-03-25,0.0178187409345992
zero_cash,rolling_markowitz_long_only_52p,benchmark,2022-04-01,-0.0060116364118672
zero_cash,rolling_markowitz_long_only_52p,benchmark,2022-04-08,-0.0026972801551407
zero_cash,rolling_markowitz_long_only_52p,benchmark,2022-04-15,-0.000323334267622
zero_cash,rolling_markowitz_long_only_52p,benchmark,2022-04-22,-0.0229612542913313
zero_cash,rolling_markowitz_long_only_52p,benchmark,2022-04-29,-0.0244305123717347
zero_cash,rolling_markowitz_long_only_52p,benchmark,2022-05-06,-0.0056941200498287
zero_cash,rolling_markowitz_long_only_52p,benchmark,2022-05-13,-0.0320318711449201
zero_cash,rolling_markowitz_long_only_52p,benchmark,2022-05-20,-0.0044393986401967
zero_cash,rolling_markowitz_long_only_52p,benchmark,2022-05-27,0.0291405507591366
zero_cash,rolling_markowitz_long_only_52p,benchmark,2022-06-03,-0.0075246349262414
zero_cash,rolling_markowitz_long_only_52p,benchmark,2022-06-10,-0.0242003460834431
zero_cash,rolling_markowitz_long_only_52p,benchmark,2022-06-17,-0.0342554826232809
zero_cash,rolling_markowitz_long_only_52p,benchmark,2022-06-24,0.0223462370899404
zero_cash,rolling_markowitz_long_only_52p,benchmark,2022-07-01,-0.0153084788074152
zero_cash,rolling_markowitz_long_only_52p,benchmark,2022-07-08,-0.0136635223360845
zero_cash,rolling_markowitz_long_only_52p,benchmark,2022-07-15,-0.0158058302960641
zero_cash,rolling_markowitz_long_only_52p,benchmark,2022-07-22,0.0166082699912773
zero_cash,rolling_markowitz_long_only_52p,benchmark,2022-07-29,0.0299189066492662
zero_cash,rolling_markowitz_long_only_52p,benchmark,2022-08-05,0.0057878450212187
zero_cash,rolling_markowitz_long_only_52p,benchmark,2022-08-12,0.022551365248016
zero_cash,rolling_markowitz_long_only_52p,benchmark,2022-08-19,-0.023052315210482
zero_cash,rolling_markowitz_long_only_52p,benchmark,2022-08-26,-0.0194872095655578
zero_cash,rolling_markowitz_long_only_52p,benchmark,2022-09-02,-0.0221717782557318
zero_cash,rolling_markowitz_long_only_52p,benchmark,2022-09-09,0.0167539648786615
zero_cash,rolling_markowitz_long_only_52p,benchmark,2022-09-16,-0.0340822920018819
zero_cash,rolling_markowitz_long_only_52p,benchmark,2022-09-23,-0.0291652464392163
zero_cash,rolling_markowitz_long_only_52p,benchmark,2022-09-30,-0.0051987856899863
zero_cash,rolling_markowitz_long_only_52p,benchmark,2022-10-07,0.0187348861601268
zero_cash,rolling_markowitz_long_only_52p,benchmark,2022-10-14,-0.0243109466022971
zero_cash,rolling_markowitz_long_only_52p,benchmark,2022-10-21,0.0232225519717166
zero_cash,rolling_markowitz_long_only_52p,benchmark,2022-10-28,0.0118884622931532
zero_cash,rolling_markowitz_long_only_52p,benchmark,2022-11-04,-6.082370255903868e-05
zero_cash,rolling_markowitz_long_only_52p,benchmark,2022-11-11,0.0545744836877185
zero_cash,rolling_markowitz_long_only_52p,benchmark,2022-11-18,-0.0089428285989298
zero_cash,rolling_markowitz_long_only_52p,benchmark,2022-11-25,0.0079480473730529
zero_cash,rolling_markowitz_long_only_52p,benchmark,2022-12-02,0.019404518472099
zero_cash,rolling_markowitz_long_only_52p,benchmark,2022-12-09,-0.0141159625803565
zero_cash,rolling_markowitz_long_only_52p,benchmark,2022-12-16,-0.0093607197273678
zero_cash,rolling_markowitz_long_only_52p,benchmark,2022-12-23,0.0013150278475769
zero_cash,rolling_markowitz_long_only_52p,benchmark,2022-12-30,0.0080362078035986
zero_cash,rolling_markowitz_long_only_52p,benchmark,2023-01-06,0.0203048214519487
zero_cash,rolling_markowitz_long_only_52p,benchmark,2023-01-13,0.028182843291947
zero_cash,rolling_markowitz_long_only_52p,benchmark,2023-01-20,-0.0008508828378403
zero_cash,rolling_markowitz_long_only_52p,benchmark,2023-01-27,0.0096676642228746
zero_cash,rolling_markowitz_long_only_52p,benchmark,2023-02-03,-0.0127068488386755
zero_cash,rolling_markowitz_long_only_52p,benchmark,2023-02-10,-0.0045268415038988
zero_cash,rolling_markowitz_long_only_52p,benchmark,2023-02-17,-0.0080327613511641
zero_cash,rolling_markowitz_long_only_52p,benchmark,2023-02-24,-0.0208810033602454
zero_cash,rolling_markowitz_long_only_52p,benchmark,2023-03-03,0.0226362596166143
zero_cash,rolling_markowitz_long_only_52p,benchmark,2023-03-10,-0.0162164801035529
zero_cash,rolling_markowitz_long_only_52p,benchmark,2023-03-17,0.0399133074550611
zero_cash,rolling_markowitz_long_only_52p,benchmark,2023-03-24,0.0055161088719844
zero_cash,rolling_markowitz_long_only_52p,benchmark,2023-03-31,0.0123816593375207
zero_cash,rolling_markowitz_long_only_52p,benchmark,2023-04-07,0.0105130258151308
zero_cash,rolling_markowitz_long_only_52p,benchmark,2023-04-14,0.0027782470797651
zero_cash,rolling_markowitz_long_only_52p,benchmark,2023-04-21,-0.0070454035795933
zero_cash,rolling_markowitz_long_only_52p,benchmark,2023-04-28,0.0054106105201281
zero_cash,rolling_markowitz_long_only_52p,benchmark,2023-05-05,0.0054628367475325
zero_cash,rolling_markowitz_long_only_52p,benchmark,2023-05-12,-0.0030886967694095
zero_cash,rolling_markowitz_long_only_52p,benchmark,2023-05-19,-0.0043138796378276
zero_cash,rolling_markowitz_long_only_52p,benchmark,2023-05-26,-0.0041901614962966
zero_cash,rolling_markowitz_long_only_52p,benchmark,2023-06-02,0.0078828245517918
zero_cash,rolling_markowitz_long_only_52p,benchmark,2023-06-09,0.0035146351030761
zero_cash,rolling_markowitz_long_only_52p,benchmark,2023-06-16,0.0145352464721684
zero_cash,rolling_markowitz_long_only_52p,benchmark,2023-06-23,0.0573900529203104
zero_cash,rolling_markowitz_long_only_52p,benchmark,2023-06-30,0.0058937646448747
zero_cash,rolling_markowitz_long_only_52p,benchmark,2023-07-07,-0.0069675310681814
zero_cash,rolling_markowitz_long_only_52p,benchmark,2023-07-14,0.0116302063339921
zero_cash,rolling_markowitz_long_only_52p,benchmark,2023-07-21,-0.0043907226405103
zero_cash,rolling_markowitz_long_only_52p,benchmark,2023-07-28,-0.002314004983713
zero_cash,rolling_markowitz_long_only_52p,benchmark,2023-08-04,-0.0165817723227366
zero_cash,rolling_markowitz_long_only_52p,benchmark,2023-08-11,0.001021951099214
zero_cash,rolling_markowitz_long_only_52p,benchmark,2023-08-18,-0.0567834336981004
zero_cash,rolling_markowitz_long_only_52p,benchmark,2023-08-25,0.0070760548491375
zero_cash,rolling_markowitz_long_only_52p,benchmark,2023-09-01,0.00716656558844
zero_cash,rolling_markowitz_long_only_52p,benchmark,2023-09-08,-0.0060583406304271
zero_cash,rolling_markowitz_long_only_52p,benchmark,2023-09-15,0.0093439743199958
zero_cash,rolling_markowitz_long_only_52p,benchmark,2023-09-22,-0.0166743441267867
zero_cash,rolling_markowitz_long_only_52p,benchmark,2023-09-29,0.0020936859673503
zero_cash,rolling_markowitz_long_only_52p,benchmark,2023-10-06,0.0194804577975092
zero_cash,rolling_markowitz_long_only_52p,benchmark,2023-10-13,-0.0170609329592961
zero_cash,rolling_markowitz_long_only_52p,benchmark,2023-10-20,0.0326622580401305
zero_cash,rolling_markowitz_long_only_52p,benchmark,2023-10-27,0.0906648081816656
zero_cash,rolling_markowitz_long_only_52p,benchmark,2023-11-03,0.0116313535021438
zero_cash,rolling_markowitz_long_only_52p,benchmark,2023-11-10,0.0476576909466589
zero_cash,rolling_markowitz_long_only_52p,benchmark,2023-11-17,-0.0023132887367267
zero_cash,rolling_markowitz_long_only_52p,benchmark,2023-11-24,0.0224230852979105
zero_cash,rolling_markowitz_long_only_52p,benchmark,2023-12-01,0.0187434907458438
zero_cash,rolling_markowitz_long_only_52p,benchmark,2023-12-08,0.0832452177713959
zero_cash,rolling_markowitz_long_only_52p,benchmark,2023-12-15,-0.0208274175240202
zero_cash,rolling_markowitz_long_only_52p,benchmark,2023-12-22,0.0332763018080222
zero_cash,rolling_markowitz_long_only_52p,benchmark,2023-12-29,-0.0244880193288629
zero_cash,rolling_markowitz_long_only_52p,benchmark,2024-01-05,0.0231869149539925
zero_cash,rolling_markowitz_long_only_52p,benchmark,2024-01-12,-0.0103029431664195
zero_cash,rolling_markowitz_long_only_52p,benchmark,2024-01-19,-0.0124632205188254
zero_cash,rolling_markowitz_long_only_52p,benchmark,2024-01-26,0.0069903267230228
zero_cash,rolling_markowitz_long_only_52p,benchmark,2024-02-02,0.0253380239822304
zero_cash,rolling_markowitz_long_only_52p,benchmark,2024-02-09,0.0605792515311072
zero_cash,rolling_markowitz_long_only_52p,benchmark,2024-02-16,0.0624472229537439
zero_cash,rolling_markowitz_long_only_52p,benchmark,2024-02-23,-0.0097507132269395
zero_cash,rolling_markowitz_long_only_52p,benchmark,2024-03-01,0.1424152369340624
zero_cash,rolling_markowitz_long_only_52p,benchmark,2024-03-08,0.0554229611448369
zero_cash,rolling_markowitz_long_only_52p,benchmark,2024-03-15,0.0094564047334841
zero_cash,rolling_markowitz_long_only_52p,benchmark,2024-03-22,-0.039700095270541
zero_cash,rolling_markowitz_long_only_52p,benchmark,2024-03-29,0.0589455938076748
zero_cash,rolling_markowitz_long_only_52p,benchmark,2024-04-05,-0.021191111807242
zero_cash,rolling_markowitz_long_only_52p,benchmark,2024-04-12,-0.0115247535069498
zero_cash,rolling_markowitz_long_only_52p,benchmark,2024-04-19,-0.0422184502766139
zero_cash,rolling_markowitz_long_only_52p,benchmark,2024-04-26,0.009753090211894
zero_cash,rolling_markowitz_long_only_52p,benchmark,2024-05-03,-0.0057604764443667
zero_cash,rolling_markowitz_long_only_52p,benchmark,2024-05-10,-0.0125356356425016
zero_cash,rolling_markowitz_long_only_52p,benchmark,2024-05-17,0.0683871598469053
zero_cash,rolling_markowitz_long_only_52p,benchmark,2024-05-24,0.0131842576104238
zero_cash,rolling_markowitz_long_only_52p,benchmark,2024-05-31,-0.0106234628852976
zero_cash,rolling_markowitz_long_only_52p,benchmark,2024-06-07,0.0214933118318011
zero_cash,rolling_markowitz_long_only_52p,benchmark,2024-06-14,-0.0222572484547821
zero_cash,rolling_markowitz_long_only_52p,benchmark,2024-06-21,-0.0148356869640071
zero_cash,rolling_markowitz_long_only_52p,benchmark,2024-06-28,-0.0355605160148712
zero_cash,rolling_markowitz_long_only_52p,benchmark,2024-07-05,-0.0287248600645273
zero_cash,rolling_markowitz_long_only_52p,benchmark,2024-07-12,0.0169580434252581
zero_cash,rolling_markowitz_long_only_52p,benchmark,2024-07-19,0.0834459172864368
zero_cash,rolling_markowitz_long_only_52p,benchmark,2024-07-26,0.0074950082263
zero_cash,rolling_markowitz_long_only_52p,benchmark,2024-08-02,-0.0587895625351051
zero_cash,rolling_markowitz_long_only_52p,benchmark,2024-08-09,-0.0067035562863178
zero_cash,rolling_markowitz_long_only_52p,benchmark,2024-08-16,-0.0063381864357653
zero_cash,rolling_markowitz_long_only_52p,benchmark,2024-08-23,0.0530307104464236
zero_cash,rolling_markowitz_long_only_52p,benchmark,2024-08-30,-0.0472489548863755
zero_cash,rolling_markowitz_long_only_52p,benchmark,2024-09-06,-0.0549903904092574
zero_cash,rolling_markowitz_long_only_52p,benchmark,2024-09-13,0.0876015361092028
zero_cash,rolling_markowitz_long_only_52p,benchmark,2024-09-20,0.0318853790270545
zero_cash,rolling_markowitz_long_only_52p,benchmark,2024-09-27,0.0293049281161167
zero_cash,rolling_markowitz_long_only_52p,benchmark,2024-10-04,-0.0339875129995245
zero_cash,rolling_markowitz_long_only_52p,benchmark,2024-10-11,0.0044176982176998
zero_cash,rolling_markowitz_long_only_52p,benchmark,2024-10-18,0.0653663559215223
zero_cash,rolling_markowitz_long_only_52p,benchmark,2024-10-25,-0.0194970060662339
zero_cash,rolling_markowitz_long_only_52p,benchmark,2024-11-01,0.0200434668045233
zero_cash,rolling_markowitz_long_only_52p,benchmark,2024-11-08,0.0536855972057521
zero_cash,rolling_markowitz_long_only_52p,benchmark,2024-11-15,0.0954771740426366
zero_cash,rolling_markowitz_long_only_52p,benchmark,2024-11-22,0.0636223767699168
zero_cash,rolling_markowitz_long_only_52p,benchmark,2024-11-29,-0.016225615130636
zero_cash,rolling_markowitz_long_only_52p,benchmark,2024-12-06,0.018471319625037
zero_cash,rolling_markowitz_long_only_52p,benchmark,2024-12-13,0.0068694042432721
zero_cash,rolling_markowitz_long_only_52p,benchmark,2024-12-20,-0.0256462667743817
zero_cash,rolling_markowitz_long_only_52p,benchmark,2024-12-27,-0.0231976052922885
zero_cash,rolling_markowitz_long_only_52p,benchmark,2025-01-03,0.0272079841791285
zero_cash,rolling_markowitz_long_only_52p,benchmark,2025-01-10,-0.0131149411984134
zero_cash,rolling_markowitz_long_only_52p,benchmark,2025-01-17,0.0635483716312073
zero_cash,rolling_markowitz_long_only_52p,benchmark,2025-01-24,0.0122909412115203
zero_cash,rolling_markowitz_long_only_52p,benchmark,2025-01-31,-0.0092675743268281
zero_cash,rolling_markowitz_long_only_52p,benchmark,2025-02-07,-0.0261664993459921
zero_cash,rolling_markowitz_long_only_52p,benchmark,2025-02-14,0.0097133064310086
zero_cash,rolling_markowitz_long_only_52p,benchmark,2025-02-21,-0.0018281682813357
zero_cash,rolling_markowitz_long_only_52p,benchmark,2025-02-28,-0.0843938546656065
zero_cash,rolling_markowitz_long_only_52p,benchmark,2025-03-07,0.0226629162888649
zero_cash,rolling_markowitz_long_only_52p,benchmark,2025-03-14,0.0025236036142532
zero_cash,rolling_markowitz_long_only_52p,benchmark,2025-03-21,0.0074379068172694
zero_cash,rolling_markowitz_long_only_52p,benchmark,2025-03-28,0.0134754318391014
zero_cash,rolling_markowitz_long_only_52p,benchmark,2025-04-04,-0.0115823619042044
zero_cash,rolling_markowitz_long_only_52p,benchmark,2025-04-11,0.0369662490422885
zero_cash,rolling_markowitz_long_only_52p,benchmark,2025-04-18,0.0215101584109076
zero_cash,rolling_markowitz_long_only_52p,benchmark,2025-04-25,0.0459178707590753
zero_cash,rolling_markowitz_long_only_52p,benchmark,2025-05-02,-0.0039072791057119
zero_cash,rolling_markowitz_long_only_52p,benchmark,2025-05-09,0.0456302605363326
zero_cash,rolling_markowitz_long_only_52p,benchmark,2025-05-16,-0.0135394474237046
zero_cash,rolling_markowitz_long_only_52p,benchmark,2025-05-23,0.0431074568930005
zero_cash,rolling_markowitz_long_only_52p,benchmark,2025-05-30,-0.0251789236901964
zero_cash,rolling_markowitz_long_only_52p,benchmark,2025-06-06,0.0045097659861539
zero_cash,rolling_markowitz_long_only_52p,benchmark,2025-06-13,0.0282614907748964
zero_cash,rolling_markowitz_long_only_52p,benchmark,2025-06-20,-0.0229027752463683
zero_cash,rolling_markowitz_long_only_52p,benchmark,2025-06-27,0.005924928505575
zero_cash,rolling_markowitz_long_only_52p,benchmark,2025-07-04,0.0130787847849416
zero_cash,rolling_markowitz_long_only_52p,benchmark,2025-07-11,0.0552693554424847
zero_cash,rolling_markowitz_long_only_52p,benchmark,2025-07-18,0.0015121058637029
zero_cash,rolling_markowitz_long_only_52p,benchmark,2025-07-25,-0.0031519136888789
zero_cash,rolling_markowitz_long_only_52p,benchmark,2025-08-01,-0.0197875523953711
zero_cash,rolling_markowitz_long_only_52p,benchmark,2025-08-08,0.0229345766377771
zero_cash,rolling_markowitz_long_only_52p,benchmark,2025-08-15,-0.0035321454833398
zero_cash,rolling_markowitz_long_only_52p,benchmark,2025-08-22,0.0014190671117201
zero_cash,rolling_markowitz_long_only_52p,benchmark,2025-08-29,-0.0338015452930704
zero_cash,rolling_markowitz_long_only_52p,benchmark,2025-09-05,0.0287215321236667
zero_cash,rolling_markowitz_long_only_52p,benchmark,2025-09-12,0.0348358004737904
zero_cash,rolling_markowitz_long_only_52p,benchmark,2025-09-19,0.0023510212227473
zero_cash,rolling_markowitz_long_only_52p,benchmark,2025-09-26,-0.0220780217155719
zero_cash,rolling_markowitz_long_only_52p,benchmark,2025-10-03,0.0812282677097191
zero_cash,rolling_markowitz_long_only_52p,benchmark,2025-10-10,-0.0315820874157946
zero_cash,rolling_markowitz_long_only_52p,benchmark,2025-10-17,-0.0142224220592227
zero_cash,rolling_markowitz_long_only_52p,benchmark,2025-10-24,-0.0007769907154171
zero_cash,rolling_markowitz_long_only_52p,benchmark,2025-10-31,-0.0181851707527593
zero_cash,rolling_markowitz_long_only_52p,benchmark,2025-11-07,-0.0297414135553508
zero_cash,rolling_markowitz_long_only_52p,benchmark,2025-11-14,-0.0224206777599475
zero_cash,rolling_markowitz_long_only_52p,benchmark,2025-11-21,-0.0108564356895307
zero_cash,rolling_markowitz_long_only_52p,benchmark,2025-11-28,0.0366038443903618
zero_cash,rolling_markowitz_long_only_52p,benchmark,2025-12-05,-0.0008812614635276
zero_cash,rolling_markowitz_long_only_52p,benchmark,2025-12-12,0.0116811476887803
zero_cash,rolling_markowitz_long_only_52p,benchmark,2025-12-19,0.0059253707657483
zero_cash,rolling_markowitz_long_only_52p,benchmark,2025-12-26,0.032357946980444
zero_cash,rolling_markowitz_long_only_52p,benchmark,2026-01-02,-0.0307149770426438
zero_cash,rolling_markowitz_long_only_52p,benchmark,2026-01-09,0.0307718860889588
zero_cash,rolling_markowitz_long_only_52p,benchmark,2026-01-16,0.0084839477115743
zero_cash,rolling_markowitz_long_only_52p,benchmark,2026-01-23,0.0508769367153425
zero_cash,rolling_markowitz_long_only_52p,benchmark,2026-01-30,-0.0155058696154938
zero_cash,rolling_markowitz_long_only_52p,benchmark,2026-02-06,0.0133919754694045
zero_cash,rolling_markowitz_long_only_52p,benchmark,2026-02-13,0.0042948240749877
zero_cash,rolling_markowitz_long_only_52p,benchmark,2026-02-20,0.0122878365212725
zero_cash,rolling_markowitz_long_only_52p,benchmark,2026-02-27,0.0173759080165658
zero_cash,rolling_markowitz_long_only_52p,benchmark,2026-03-06,-0.0206367418063959
zero_cash,rolling_markowitz_long_only_52p,benchmark,2026-03-13,-0.0220571346800438
zero_cash,rolling_markowitz_long_only_52p,benchmark,2026-03-20,-0.0690081228325619
zero_cash,rolling_markowitz_long_only_52p,benchmark,2026-03-27,-0.0070144806720786
zero_cash,rolling_markowitz_long_only_52p,benchmark,2026-04-03,0.0349969768708559
zero_cash,rolling_markowitz_long_only_52p,benchmark,2026-04-10,0.0251991693337488
zero_cash,rolling_markowitz_long_only_52p,benchmark,2026-04-17,0.0301401665463021
zero_cash,rolling_markowitz_long_only_52p,benchmark,2026-04-24,-0.0149205480257029
zero_cash,rolling_markowitz_long_only_52p,benchmark,2026-05-01,-0.0101863370860891
zero_cash,rolling_markowitz_long_only_52p,benchmark,2026-05-08,0.0244341400354288
zero_cash,rolling_markowitz_long_only_52p,benchmark,2026-05-15,-0.0219549296731886
zero_cash,rolling_markowitz_min_variance_52p,benchmark,2022-01-07,-0.0294246650249508
zero_cash,rolling_markowitz_min_variance_52p,benchmark,2022-01-14,0.0007314244956148
zero_cash,rolling_markowitz_min_variance_52p,benchmark,2022-01-21,-0.0137834707962964
zero_cash,rolling_markowitz_min_variance_52p,benchmark,2022-01-28,-0.0043964508110249
zero_cash,rolling_markowitz_min_variance_52p,benchmark,2022-02-04,-0.0049158797639939
zero_cash,rolling_markowitz_min_variance_52p,benchmark,2022-02-11,-0.001921954706408
zero_cash,rolling_markowitz_min_variance_52p,benchmark,2022-02-18,-0.0003043201614804
zero_cash,rolling_markowitz_min_variance_52p,benchmark,2022-02-25,-0.0026046134371329
zero_cash,rolling_markowitz_min_variance_52p,benchmark,2022-03-04,0.0171934334032213
zero_cash,rolling_markowitz_min_variance_52p,benchmark,2022-03-11,-0.0239371635628096
zero_cash,rolling_markowitz_min_variance_52p,benchmark,2022-03-18,0.006554453338729
zero_cash,rolling_markowitz_min_variance_52p,benchmark,2022-03-25,-0.0038382379142907
zero_cash,rolling_markowitz_min_variance_52p,benchmark,2022-04-01,0.0077328244293327
zero_cash,rolling_markowitz_min_variance_52p,benchmark,2022-04-08,-0.0218839483768362
zero_cash,rolling_markowitz_min_variance_52p,benchmark,2022-04-15,-0.014710452483266
zero_cash,rolling_markowitz_min_variance_52p,benchmark,2022-04-22,-0.0177268677984055
zero_cash,rolling_markowitz_min_variance_52p,benchmark,2022-04-29,-0.018199183223267
zero_cash,rolling_markowitz_min_variance_52p,benchmark,2022-05-06,-0.0202482401938884
zero_cash,rolling_markowitz_min_variance_52p,benchmark,2022-05-13,-0.0142237683518821
zero_cash,rolling_markowitz_min_variance_52p,benchmark,2022-05-20,0.0053650543828285
zero_cash,rolling_markowitz_min_variance_52p,benchmark,2022-05-27,0.0233770784033027
zero_cash,rolling_markowitz_min_variance_52p,benchmark,2022-06-03,-0.0121821143773731
zero_cash,rolling_markowitz_min_variance_52p,benchmark,2022-06-10,-0.0159179400142716
zero_cash,rolling_markowitz_min_variance_52p,benchmark,2022-06-17,-0.0267627018391012
zero_cash,rolling_markowitz_min_variance_52p,benchmark,2022-06-24,0.0123651707441724
zero_cash,rolling_markowitz_min_variance_52p,benchmark,2022-07-01,0.0009348012087673
zero_cash,rolling_markowitz_min_variance_52p,benchmark,2022-07-08,-0.0224996269679501
zero_cash,rolling_markowitz_min_variance_52p,benchmark,2022-07-15,-0.0002862713676651
zero_cash,rolling_markowitz_min_variance_52p,benchmark,2022-07-22,0.0172266018553551
zero_cash,rolling_markowitz_min_variance_52p,benchmark,2022-07-29,0.0158337912510348
zero_cash,rolling_markowitz_min_variance_52p,benchmark,2022-08-05,0.0017967521961457
zero_cash,rolling_markowitz_min_variance_52p,benchmark,2022-08-12,0.0108932992153929
zero_cash,rolling_markowitz_min_variance_52p,benchmark,2022-08-19,-0.0240228040284939
zero_cash,rolling_markowitz_min_variance_52p,benchmark,2022-08-26,-0.0084247703996419
zero_cash,rolling_markowitz_min_variance_52p,benchmark,2022-09-02,-0.0229793122206731
zero_cash,rolling_markowitz_min_variance_52p,benchmark,2022-09-09,0.0021695966021109
zero_cash,rolling_markowitz_min_variance_52p,benchmark,2022-09-16,-0.0243119576000519
zero_cash,rolling_markowitz_min_variance_52p,benchmark,2022-09-23,-0.0207878487062654
zero_cash,rolling_markowitz_min_variance_52p,benchmark,2022-09-30,-0.0104853877684536
zero_cash,rolling_markowitz_min_variance_52p,benchmark,2022-10-07,0.0082622679374398
zero_cash,rolling_markowitz_min_variance_52p,benchmark,2022-10-14,-0.0259594789324054
zero_cash,rolling_markowitz_min_variance_52p,benchmark,2022-10-21,-0.0101446279865788
zero_cash,rolling_markowitz_min_variance_52p,benchmark,2022-10-28,0.0177774415650326
zero_cash,rolling_markowitz_min_variance_52p,benchmark,2022-11-04,-0.0030834099806438
zero_cash,rolling_markowitz_min_variance_52p,benchmark,2022-11-11,0.048258544925445
zero_cash,rolling_markowitz_min_variance_52p,benchmark,2022-11-18,0.0001534834297093
zero_cash,rolling_markowitz_min_variance_52p,benchmark,2022-11-25,0.0151976938856987
zero_cash,rolling_markowitz_min_variance_52p,benchmark,2022-12-02,0.0290862773816697
zero_cash,rolling_markowitz_min_variance_52p,benchmark,2022-12-09,-0.0078362736190854
zero_cash,rolling_markowitz_min_variance_52p,benchmark,2022-12-16,-0.0007172596266184
zero_cash,rolling_markowitz_min_variance_52p,benchmark,2022-12-23,-0.0136697888286278
zero_cash,rolling_markowitz_min_variance_52p,benchmark,2022-12-30,-0.0005144566371303
zero_cash,rolling_markowitz_min_variance_52p,benchmark,2023-01-06,0.0328337861140038
zero_cash,rolling_markowitz_min_variance_52p,benchmark,2023-01-13,0.0256992294914044
zero_cash,rolling_markowitz_min_variance_52p,benchmark,2023-01-20,-0.0008409721267759
zero_cash,rolling_markowitz_min_variance_52p,benchmark,2023-01-27,0.0048770445937421
zero_cash,rolling_markowitz_min_variance_52p,benchmark,2023-02-03,-0.0153779198811184
zero_cash,rolling_markowitz_min_variance_52p,benchmark,2023-02-10,-0.0110518747044787
zero_cash,rolling_markowitz_min_variance_52p,benchmark,2023-02-17,-0.0100105607120921
zero_cash,rolling_markowitz_min_variance_52p,benchmark,2023-02-24,-0.0174080388109174
zero_cash,rolling_markowitz_min_variance_52p,benchmark,2023-03-03,0.0201908486129499
zero_cash,rolling_markowitz_min_variance_52p,benchmark,2023-03-10,0.0110291337551095
zero_cash,rolling_markowitz_min_variance_52p,benchmark,2023-03-17,0.0390929692554921
zero_cash,rolling_markowitz_min_variance_52p,benchmark,2023-03-24,0.0014308981273489
zero_cash,rolling_markowitz_min_variance_52p,benchmark,2023-03-31,0.00147941537714
zero_cash,rolling_markowitz_min_variance_52p,benchmark,2023-04-07,0.0172393097964182
zero_cash,rolling_markowitz_min_variance_52p,benchmark,2023-04-14,-0.0098405855621927
zero_cash,rolling_markowitz_min_variance_52p,benchmark,2023-04-21,-0.0082747181842183
zero_cash,rolling_markowitz_min_variance_52p,benchmark,2023-04-28,0.0092375599548317
zero_cash,rolling_markowitz_min_variance_52p,benchmark,2023-05-05,0.0028539920584306
zero_cash,rolling_markowitz_min_variance_52p,benchmark,2023-05-12,-0.0041526628216601
zero_cash,rolling_markowitz_min_variance_52p,benchmark,2023-05-19,-0.0162135165447122
zero_cash,rolling_markowitz_min_variance_52p,benchmark,2023-05-26,-0.0078688771572825
zero_cash,rolling_markowitz_min_variance_52p,benchmark,2023-06-02,0.00690152343109
zero_cash,rolling_markowitz_min_variance_52p,benchmark,2023-06-09,0.0034777695289836
zero_cash,rolling_markowitz_min_variance_52p,benchmark,2023-06-16,0.0054261324568729
zero_cash,rolling_markowitz_min_variance_52p,benchmark,2023-06-23,-0.0103225186813395
zero_cash,rolling_markowitz_min_variance_52p,benchmark,2023-06-30,0.0042171797970483
zero_cash,rolling_markowitz_min_variance_52p,benchmark,2023-07-07,-0.0118773909839133
zero_cash,rolling_markowitz_min_variance_52p,benchmark,2023-07-14,0.0191166177501811
zero_cash,rolling_markowitz_min_variance_52p,benchmark,2023-07-21,0.0045918133222844
zero_cash,rolling_markowitz_min_variance_52p,benchmark,2023-07-28,-0.0043767445285432
zero_cash,rolling_markowitz_min_variance_52p,benchmark,2023-08-04,-0.0172712230761772
zero_cash,rolling_markowitz_min_variance_52p,benchmark,2023-08-11,-0.0115150695559659
zero_cash,rolling_markowitz_min_variance_52p,benchmark,2023-08-18,-0.0153651030330254
zero_cash,rolling_markowitz_min_variance_52p,benchmark,2023-08-25,0.0126600817906153
zero_cash,rolling_markowitz_min_variance_52p,benchmark,2023-09-01,0.0130385474985258
zero_cash,rolling_markowitz_min_variance_52p,benchmark,2023-09-08,-0.0101094077067432
zero_cash,rolling_markowitz_min_variance_52p,benchmark,2023-09-15,-0.0029720929687063
zero_cash,rolling_markowitz_min_variance_52p,benchmark,2023-09-22,-0.0098790657451957
zero_cash,rolling_markowitz_min_variance_52p,benchmark,2023-09-29,-0.0290636934346282
zero_cash,rolling_markowitz_min_variance_52p,benchmark,2023-10-06,-0.0111637469344641
zero_cash,rolling_markowitz_min_variance_52p,benchmark,2023-10-13,0.0332122944588934
zero_cash,rolling_markowitz_min_variance_52p,benchmark,2023-10-20,-0.0038694310463611
zero_cash,rolling_markowitz_min_variance_52p,benchmark,2023-10-27,0.0003668747727293
zero_cash,rolling_markowitz_min_variance_52p,benchmark,2023-11-03,0.027475681138625
zero_cash,rolling_markowitz_min_variance_52p,benchmark,2023-11-10,-0.0066565039717273
zero_cash,rolling_markowitz_min_variance_52p,benchmark,2023-11-17,0.0231265234559656
zero_cash,rolling_markowitz_min_variance_52p,benchmark,2023-11-24,0.0089247000038805
zero_cash,rolling_markowitz_min_variance_52p,benchmark,2023-12-01,0.0241907918939484
zero_cash,rolling_markowitz_min_variance_52p,benchmark,2023-12-08,-0.0126713397849653
zero_cash,rolling_markowitz_min_variance_52p,benchmark,2023-12-15,0.0202491011077184
zero_cash,rolling_markowitz_min_variance_52p,benchmark,2023-12-22,0.0116749274347598
zero_cash,rolling_markowitz_min_variance_52p,benchmark,2023-12-29,0.0040810251907718
zero_cash,rolling_markowitz_min_variance_52p,benchmark,2024-01-05,-0.0139372541758164
zero_cash,rolling_markowitz_min_variance_52p,benchmark,2024-01-12,0.0094112375970903
zero_cash,rolling_markowitz_min_variance_52p,benchmark,2024-01-19,-0.0021030786076578
zero_cash,rolling_markowitz_min_variance_52p,benchmark,2024-01-26,0.0021291455086546
zero_cash,rolling_markowitz_min_variance_52p,benchmark,2024-02-02,0.0134779648280655
zero_cash,rolling_markowitz_min_variance_52p,benchmark,2024-02-09,0.0021330353857074
zero_cash,rolling_markowitz_min_variance_52p,benchmark,2024-02-16,-0.0046613961306601
zero_cash,rolling_markowitz_min_variance_52p,benchmark,2024-02-23,0.0138571454908287
zero_cash,rolling_markowitz_min_variance_52p,benchmark,2024-03-01,0.0184947718956866
zero_cash,rolling_markowitz_min_variance_52p,benchmark,2024-03-08,0.0204088068889603
zero_cash,rolling_markowitz_min_variance_52p,benchmark,2024-03-15,-0.0043247983754178
zero_cash,rolling_markowitz_min_variance_52p,benchmark,2024-03-22,0.0092757734687216
zero_cash,rolling_markowitz_min_variance_52p,benchmark,2024-03-29,0.0179815391177363
zero_cash,rolling_markowitz_min_variance_52p,benchmark,2024-04-05,0.0120470925443092
zero_cash,rolling_markowitz_min_variance_52p,benchmark,2024-04-12,-0.0056069805680677
zero_cash,rolling_markowitz_min_variance_52p,benchmark,2024-04-19,-0.0120714062107962
zero_cash,rolling_markowitz_min_variance_52p,benchmark,2024-04-26,0.0054685852366514
zero_cash,rolling_markowitz_min_variance_52p,benchmark,2024-05-03,-0.0046826711802424
zero_cash,rolling_markowitz_min_variance_52p,benchmark,2024-05-10,0.0194457020754289
zero_cash,rolling_markowitz_min_variance_52p,benchmark,2024-05-17,0.0243177101479394
zero_cash,rolling_markowitz_min_variance_52p,benchmark,2024-05-24,-0.0128097310129447
zero_cash,rolling_markowitz_min_variance_52p,benchmark,2024-05-31,-0.0042295343005185
zero_cash,rolling_markowitz_min_variance_52p,benchmark,2024-06-07,0.0019685550281267
zero_cash,rolling_markowitz_min_variance_52p,benchmark,2024-06-14,0.0141232141892838
zero_cash,rolling_markowitz_min_variance_52p,benchmark,2024-06-21,0.0001923177622407
zero_cash,rolling_markowitz_min_variance_52p,benchmark,2024-06-28,-0.0029032081073993
zero_cash,rolling_markowitz_min_variance_52p,benchmark,2024-07-05,0.0185610162076158
zero_cash,rolling_markowitz_min_variance_52p,benchmark,2024-07-12,0.0103712736528628
zero_cash,rolling_markowitz_min_variance_52p,benchmark,2024-07-19,-0.0058702284989033
zero_cash,rolling_markowitz_min_variance_52p,benchmark,2024-07-26,-0.0055420616602959
zero_cash,rolling_markowitz_min_variance_52p,benchmark,2024-08-02,-0.0099554564227259
zero_cash,rolling_markowitz_min_variance_52p,benchmark,2024-08-09,-0.0028015556336565
zero_cash,rolling_markowitz_min_variance_52p,benchmark,2024-08-16,0.0321994316927786
zero_cash,rolling_markowitz_min_variance_52p,benchmark,2024-08-23,0.0144633715446813
zero_cash,rolling_markowitz_min_variance_52p,benchmark,2024-08-30,-0.0067838278380329
zero_cash,rolling_markowitz_min_variance_52p,benchmark,2024-09-06,-0.0264994240559893
zero_cash,rolling_markowitz_min_variance_52p,benchmark,2024-09-13,0.0389328697378307
zero_cash,rolling_markowitz_min_variance_52p,benchmark,2024-09-20,0.0109974854226636
zero_cash,rolling_markowitz_min_variance_52p,benchmark,2024-09-27,0.0079028183745697
zero_cash,rolling_markowitz_min_variance_52p,benchmark,2024-10-04,-0.0063756338465481
zero_cash,rolling_markowitz_min_variance_52p,benchmark,2024-10-11,0.0023001447331264
zero_cash,rolling_markowitz_min_variance_52p,benchmark,2024-10-18,0.0164287934410689
zero_cash,rolling_markowitz_min_variance_52p,benchmark,2024-10-25,-0.0055328309844541
zero_cash,rolling_markowitz_min_variance_52p,benchmark,2024-11-01,-0.007915221289106
zero_cash,rolling_markowitz_min_variance_52p,benchmark,2024-11-08,0.0230890441123115
zero_cash,rolling_markowitz_min_variance_52p,benchmark,2024-11-15,-0.0263877979038889
zero_cash,rolling_markowitz_min_variance_52p,benchmark,2024-11-22,0.0288657877534
zero_cash,rolling_markowitz_min_variance_52p,benchmark,2024-11-29,0.0099482538469295
zero_cash,rolling_markowitz_min_variance_52p,benchmark,2024-12-06,0.0034201419381747
zero_cash,rolling_markowitz_min_variance_52p,benchmark,2024-12-13,-0.0118135716163293
zero_cash,rolling_markowitz_min_variance_52p,benchmark,2024-12-20,-0.0156515245937096
zero_cash,rolling_markowitz_min_variance_52p,benchmark,2024-12-27,-0.0027465987704785
zero_cash,rolling_markowitz_min_variance_52p,benchmark,2025-01-03,0.0020682199240133
zero_cash,rolling_markowitz_min_variance_52p,benchmark,2025-01-10,-0.0086857828311972
zero_cash,rolling_markowitz_min_variance_52p,benchmark,2025-01-17,0.0206258613838145
zero_cash,rolling_markowitz_min_variance_52p,benchmark,2025-01-24,0.0153991967621384
zero_cash,rolling_markowitz_min_variance_52p,benchmark,2025-01-31,0.0010479750161383
zero_cash,rolling_markowitz_min_variance_52p,benchmark,2025-02-07,0.0107552868322745
zero_cash,rolling_markowitz_min_variance_52p,benchmark,2025-02-14,0.0083507808468291
zero_cash,rolling_markowitz_min_variance_52p,benchmark,2025-02-21,0.0005466951377296
zero_cash,rolling_markowitz_min_variance_52p,benchmark,2025-02-28,-0.0052233738748066
zero_cash,rolling_markowitz_min_variance_52p,benchmark,2025-03-07,-0.0110429960192568
zero_cash,rolling_markowitz_min_variance_52p,benchmark,2025-03-14,0.0013788555180387
zero_cash,rolling_markowitz_min_variance_52p,benchmark,2025-03-21,0.0076116236907702
zero_cash,rolling_markowitz_min_variance_52p,benchmark,2025-03-28,0.0009686773535924
zero_cash,rolling_markowitz_min_variance_52p,benchmark,2025-04-04,-0.0195803041561167
zero_cash,rolling_markowitz_min_variance_52p,benchmark,2025-04-11,0.0107104618832643
zero_cash,rolling_markowitz_min_variance_52p,benchmark,2025-04-18,0.0107517775616396
zero_cash,rolling_markowitz_min_variance_52p,benchmark,2025-04-25,0.0205609415238279
zero_cash,rolling_markowitz_min_variance_52p,benchmark,2025-05-02,-0.005979399953838
zero_cash,rolling_markowitz_min_variance_52p,benchmark,2025-05-09,0.0097471151176404
zero_cash,rolling_markowitz_min_variance_52p,benchmark,2025-05-16,-0.0075723890088843
zero_cash,rolling_markowitz_min_variance_52p,benchmark,2025-05-23,0.0058763576506453
zero_cash,rolling_markowitz_min_variance_52p,benchmark,2025-05-30,0.0036307673447225
zero_cash,rolling_markowitz_min_variance_52p,benchmark,2025-06-06,0.002623484270029
zero_cash,rolling_markowitz_min_variance_52p,benchmark,2025-06-13,0.0171745236904398
zero_cash,rolling_markowitz_min_variance_52p,benchmark,2025-06-20,-0.007107507295912
zero_cash,rolling_markowitz_min_variance_52p,benchmark,2025-06-27,0.0039520478608123
zero_cash,rolling_markowitz_min_variance_52p,benchmark,2025-07-04,0.0099361429745063
zero_cash,rolling_markowitz_min_variance_52p,benchmark,2025-07-11,-0.0007649491536486
zero_cash,rolling_markowitz_min_variance_52p,benchmark,2025-07-18,-0.0019518107528964
zero_cash,rolling_markowitz_min_variance_52p,benchmark,2025-07-25,0.0080647312882048
zero_cash,rolling_markowitz_min_variance_52p,benchmark,2025-08-01,0.0035141725964648
zero_cash,rolling_markowitz_min_variance_52p,benchmark,2025-08-08,0.0071499054233698
zero_cash,rolling_markowitz_min_variance_52p,benchmark,2025-08-15,-0.0084538490094652
zero_cash,rolling_markowitz_min_variance_52p,benchmark,2025-08-22,0.0072767594553563
zero_cash,rolling_markowitz_min_variance_52p,benchmark,2025-08-29,0.004539142764366
zero_cash,rolling_markowitz_min_variance_52p,benchmark,2025-09-05,0.0261547429137552
zero_cash,rolling_markowitz_min_variance_52p,benchmark,2025-09-12,0.015619483067077
zero_cash,rolling_markowitz_min_variance_52p,benchmark,2025-09-19,0.0018020589562994
zero_cash,rolling_markowitz_min_variance_52p,benchmark,2025-09-26,0.0041618229867243
zero_cash,rolling_markowitz_min_variance_52p,benchmark,2025-10-03,0.019953008526527
zero_cash,rolling_markowitz_min_variance_52p,benchmark,2025-10-10,0.0082940136840467
zero_cash,rolling_markowitz_min_variance_52p,benchmark,2025-10-17,0.0211114359907654
zero_cash,rolling_markowitz_min_variance_52p,benchmark,2025-10-24,-0.0011253911532439
zero_cash,rolling_markowitz_min_variance_52p,benchmark,2025-10-31,-0.0119918818957085
zero_cash,rolling_markowitz_min_variance_52p,benchmark,2025-11-07,-0.0080764008652599
zero_cash,rolling_markowitz_min_variance_52p,benchmark,2025-11-14,-0.0019064761117272
zero_cash,rolling_markowitz_min_variance_52p,benchmark,2025-11-21,-0.0032115779801491
zero_cash,rolling_markowitz_min_variance_52p,benchmark,2025-11-28,0.0240146300527097
zero_cash,rolling_markowitz_min_variance_52p,benchmark,2025-12-05,-0.0092302427405276
zero_cash,rolling_markowitz_min_variance_52p,benchmark,2025-12-12,0.0006281024824635
zero_cash,rolling_markowitz_min_variance_52p,benchmark,2025-12-19,0.0057879455361233
zero_cash,rolling_markowitz_min_variance_52p,benchmark,2025-12-26,0.0162898029852844
zero_cash,rolling_markowitz_min_variance_52p,benchmark,2026-01-02,-0.0179426679858164
zero_cash,rolling_markowitz_min_variance_52p,benchmark,2026-01-09,0.0188133991332177
zero_cash,rolling_markowitz_min_variance_52p,benchmark,2026-01-16,0.0022372321704972
zero_cash,rolling_markowitz_min_variance_52p,benchmark,2026-01-23,0.0164754489833737
zero_cash,rolling_markowitz_min_variance_52p,benchmark,2026-01-30,-0.0106589552685252
zero_cash,rolling_markowitz_min_variance_52p,benchmark,2026-02-06,0.005110760632768
zero_cash,rolling_markowitz_min_variance_52p,benchmark,2026-02-13,0.0125148814704413
zero_cash,rolling_markowitz_min_variance_52p,benchmark,2026-02-20,0.0032192633583337
zero_cash,rolling_markowitz_min_variance_52p,benchmark,2026-02-27,0.012166923687717
zero_cash,rolling_markowitz_min_variance_52p,benchmark,2026-03-06,-0.0207649402598559
zero_cash,rolling_markowitz_min_variance_52p,benchmark,2026-03-13,-0.0194678768461631
zero_cash,rolling_markowitz_min_variance_52p,benchmark,2026-03-20,-0.024023535894965
zero_cash,rolling_markowitz_min_variance_52p,benchmark,2026-03-27,-0.0093021907538624
zero_cash,rolling_markowitz_min_variance_52p,benchmark,2026-04-03,0.0238826728603448
zero_cash,rolling_markowitz_min_variance_52p,benchmark,2026-04-10,0.0133735665918993
zero_cash,rolling_markowitz_min_variance_52p,benchmark,2026-04-17,0.02040937929699
zero_cash,rolling_markowitz_min_variance_52p,benchmark,2026-04-24,-0.0031544963950397
zero_cash,rolling_markowitz_min_variance_52p,benchmark,2026-05-01,-0.0037565714030145
zero_cash,rolling_markowitz_min_variance_52p,benchmark,2026-05-08,0.0128725406973546
zero_cash,rolling_markowitz_min_variance_52p,benchmark,2026-05-15,-0.0188078728761957
zero_cash,rolling_risk_parity_inverse_vol_12p,benchmark,2022-01-07,-0.0305828285341227
zero_cash,rolling_risk_parity_inverse_vol_12p,benchmark,2022-01-14,0.0059129948949674
zero_cash,rolling_risk_parity_inverse_vol_12p,benchmark,2022-01-21,-0.024484305495391
zero_cash,rolling_risk_parity_inverse_vol_12p,benchmark,2022-01-28,-0.0046144870651624
zero_cash,rolling_risk_parity_inverse_vol_12p,benchmark,2022-02-04,0.006805884984158
zero_cash,rolling_risk_parity_inverse_vol_12p,benchmark,2022-02-11,0.0071611496000704
zero_cash,rolling_risk_parity_inverse_vol_12p,benchmark,2022-02-18,-0.0009215468475198
zero_cash,rolling_risk_parity_inverse_vol_12p,benchmark,2022-02-25,-0.0037354450872301
zero_cash,rolling_risk_parity_inverse_vol_12p,benchmark,2022-03-04,0.0209514790407246
zero_cash,rolling_risk_parity_inverse_vol_12p,benchmark,2022-03-11,-0.0181425607350848
zero_cash,rolling_risk_parity_inverse_vol_12p,benchmark,2022-03-18,0.0084790905308215
zero_cash,rolling_risk_parity_inverse_vol_12p,benchmark,2022-03-25,0.0025049174987475
zero_cash,rolling_risk_parity_inverse_vol_12p,benchmark,2022-04-01,0.0094708773946134
zero_cash,rolling_risk_parity_inverse_vol_12p,benchmark,2022-04-08,-0.0259232559973812
zero_cash,rolling_risk_parity_inverse_vol_12p,benchmark,2022-04-15,-0.0148902396525328
zero_cash,rolling_risk_parity_inverse_vol_12p,benchmark,2022-04-22,-0.0184210743670171
zero_cash,rolling_risk_parity_inverse_vol_12p,benchmark,2022-04-29,-0.0199713787073403
zero_cash,rolling_risk_parity_inverse_vol_12p,benchmark,2022-05-06,-0.0255035099863938
zero_cash,rolling_risk_parity_inverse_vol_12p,benchmark,2022-05-13,-0.039678321315218
zero_cash,rolling_risk_parity_inverse_vol_12p,benchmark,2022-05-20,0.0032194045855037
zero_cash,rolling_risk_parity_inverse_vol_12p,benchmark,2022-05-27,0.020035853639686
zero_cash,rolling_risk_parity_inverse_vol_12p,benchmark,2022-06-03,-0.0055323176680975
zero_cash,rolling_risk_parity_inverse_vol_12p,benchmark,2022-06-10,-0.0145085730889897
zero_cash,rolling_risk_parity_inverse_vol_12p,benchmark,2022-06-17,-0.0569673008140181
zero_cash,rolling_risk_parity_inverse_vol_12p,benchmark,2022-06-24,0.0166106043085904
zero_cash,rolling_risk_parity_inverse_vol_12p,benchmark,2022-07-01,-0.0065306991374639
zero_cash,rolling_risk_parity_inverse_vol_12p,benchmark,2022-07-08,-0.0111391863639336
zero_cash,rolling_risk_parity_inverse_vol_12p,benchmark,2022-07-15,-0.0026842554666469
zero_cash,rolling_risk_parity_inverse_vol_12p,benchmark,2022-07-22,0.0219956703415426
zero_cash,rolling_risk_parity_inverse_vol_12p,benchmark,2022-07-29,0.0180881103541514
zero_cash,rolling_risk_parity_inverse_vol_12p,benchmark,2022-08-05,-0.0002038501111434
zero_cash,rolling_risk_parity_inverse_vol_12p,benchmark,2022-08-12,0.0128579509169588
zero_cash,rolling_risk_parity_inverse_vol_12p,benchmark,2022-08-19,-0.0316934886382604
zero_cash,rolling_risk_parity_inverse_vol_12p,benchmark,2022-08-26,-0.0103478045530465
zero_cash,rolling_risk_parity_inverse_vol_12p,benchmark,2022-09-02,-0.0229928521476797
zero_cash,rolling_risk_parity_inverse_vol_12p,benchmark,2022-09-09,0.0071123956950446
zero_cash,rolling_risk_parity_inverse_vol_12p,benchmark,2022-09-16,-0.0297793885914979
zero_cash,rolling_risk_parity_inverse_vol_12p,benchmark,2022-09-23,-0.0229776719629962
zero_cash,rolling_risk_parity_inverse_vol_12p,benchmark,2022-09-30,-0.0125685329397955
zero_cash,rolling_risk_parity_inverse_vol_12p,benchmark,2022-10-07,0.0070754370176256
zero_cash,rolling_risk_parity_inverse_vol_12p,benchmark,2022-10-14,-0.024137602892131
zero_cash,rolling_risk_parity_inverse_vol_12p,benchmark,2022-10-21,-0.0184045669952792
zero_cash,rolling_risk_parity_inverse_vol_12p,benchmark,2022-10-28,0.0281413679835756
zero_cash,rolling_risk_parity_inverse_vol_12p,benchmark,2022-11-04,-0.002414997007162
zero_cash,rolling_risk_parity_inverse_vol_12p,benchmark,2022-11-11,0.020164808697473
zero_cash,rolling_risk_parity_inverse_vol_12p,benchmark,2022-11-18,-0.0020661278163663
zero_cash,rolling_risk_parity_inverse_vol_12p,benchmark,2022-11-25,0.0129619589787152
zero_cash,rolling_risk_parity_inverse_vol_12p,benchmark,2022-12-02,0.0280701672506745
zero_cash,rolling_risk_parity_inverse_vol_12p,benchmark,2022-12-09,-0.0100529618618872
zero_cash,rolling_risk_parity_inverse_vol_12p,benchmark,2022-12-16,-0.0068362324266679
zero_cash,rolling_risk_parity_inverse_vol_12p,benchmark,2022-12-23,-0.0094176465244446
zero_cash,rolling_risk_parity_inverse_vol_12p,benchmark,2022-12-30,-0.0022886334536791
zero_cash,rolling_risk_parity_inverse_vol_12p,benchmark,2023-01-06,0.0286118433048801
zero_cash,rolling_risk_parity_inverse_vol_12p,benchmark,2023-01-13,0.0425026367417359
zero_cash,rolling_risk_parity_inverse_vol_12p,benchmark,2023-01-20,0.0106245389047524
zero_cash,rolling_risk_parity_inverse_vol_12p,benchmark,2023-01-27,0.0092247007177934
zero_cash,rolling_risk_parity_inverse_vol_12p,benchmark,2023-02-03,-0.0061338264132626
zero_cash,rolling_risk_parity_inverse_vol_12p,benchmark,2023-02-10,-0.0177556769065954
zero_cash,rolling_risk_parity_inverse_vol_12p,benchmark,2023-02-17,0.0048597244761724
zero_cash,rolling_risk_parity_inverse_vol_12p,benchmark,2023-02-24,-0.0228491496566814
zero_cash,rolling_risk_parity_inverse_vol_12p,benchmark,2023-03-03,0.0152083041241748
zero_cash,rolling_risk_parity_inverse_vol_12p,benchmark,2023-03-10,-0.0119989865096092
zero_cash,rolling_risk_parity_inverse_vol_12p,benchmark,2023-03-17,0.056228329253861
zero_cash,rolling_risk_parity_inverse_vol_12p,benchmark,2023-03-24,0.004852575582325
zero_cash,rolling_risk_parity_inverse_vol_12p,benchmark,2023-03-31,0.0110848281253955
zero_cash,rolling_risk_parity_inverse_vol_12p,benchmark,2023-04-07,0.0128323969255963
zero_cash,rolling_risk_parity_inverse_vol_12p,benchmark,2023-04-14,-0.0049723582322336
zero_cash,rolling_risk_parity_inverse_vol_12p,benchmark,2023-04-21,-0.0116888264205654
zero_cash,rolling_risk_parity_inverse_vol_12p,benchmark,2023-04-28,0.0143588084995355
zero_cash,rolling_risk_parity_inverse_vol_12p,benchmark,2023-05-05,-0.0012676688931944
zero_cash,rolling_risk_parity_inverse_vol_12p,benchmark,2023-05-12,-0.0084975813915636
zero_cash,rolling_risk_parity_inverse_vol_12p,benchmark,2023-05-19,-0.0103804324950515
zero_cash,rolling_risk_parity_inverse_vol_12p,benchmark,2023-05-26,-0.0040647245572441
zero_cash,rolling_risk_parity_inverse_vol_12p,benchmark,2023-06-02,0.0109238331538626
zero_cash,rolling_risk_parity_inverse_vol_12p,benchmark,2023-06-09,0.0019014116017269
zero_cash,rolling_risk_parity_inverse_vol_12p,benchmark,2023-06-16,0.0089125434893536
zero_cash,rolling_risk_parity_inverse_vol_12p,benchmark,2023-06-23,0.0014600399506956
zero_cash,rolling_risk_parity_inverse_vol_12p,benchmark,2023-06-30,0.007107647617634
zero_cash,rolling_risk_parity_inverse_vol_12p,benchmark,2023-07-07,-0.0114948978789137
zero_cash,rolling_risk_parity_inverse_vol_12p,benchmark,2023-07-14,0.0190002408884396
zero_cash,rolling_risk_parity_inverse_vol_12p,benchmark,2023-07-21,0.0035975666423041
zero_cash,rolling_risk_parity_inverse_vol_12p,benchmark,2023-07-28,-0.0038497981744988
zero_cash,rolling_risk_parity_inverse_vol_12p,benchmark,2023-08-04,-0.0179468903696304
zero_cash,rolling_risk_parity_inverse_vol_12p,benchmark,2023-08-11,-0.0085752343221142
zero_cash,rolling_risk_parity_inverse_vol_12p,benchmark,2023-08-18,-0.0239427370152019
zero_cash,rolling_risk_parity_inverse_vol_12p,benchmark,2023-08-25,0.0114859226423364
zero_cash,rolling_risk_parity_inverse_vol_12p,benchmark,2023-09-01,0.0115738241771197
zero_cash,rolling_risk_parity_inverse_vol_12p,benchmark,2023-09-08,-0.0088163571206859
zero_cash,rolling_risk_parity_inverse_vol_12p,benchmark,2023-09-15,-0.0017282173733334
zero_cash,rolling_risk_parity_inverse_vol_12p,benchmark,2023-09-22,-0.0107239857087404
zero_cash,rolling_risk_parity_inverse_vol_12p,benchmark,2023-09-29,-0.0234202063353021
zero_cash,rolling_risk_parity_inverse_vol_12p,benchmark,2023-10-06,-0.0085119594856425
zero_cash,rolling_risk_parity_inverse_vol_12p,benchmark,2023-10-13,0.0228174454376186
zero_cash,rolling_risk_parity_inverse_vol_12p,benchmark,2023-10-20,-0.0005832918680197
zero_cash,rolling_risk_parity_inverse_vol_12p,benchmark,2023-10-27,0.0144888258048282
zero_cash,rolling_risk_parity_inverse_vol_12p,benchmark,2023-11-03,0.033762552746588
zero_cash,rolling_risk_parity_inverse_vol_12p,benchmark,2023-11-10,0.004653572884836
zero_cash,rolling_risk_parity_inverse_vol_12p,benchmark,2023-11-17,0.0171236800007487
zero_cash,rolling_risk_parity_inverse_vol_12p,benchmark,2023-11-24,0.0096365696747355
zero_cash,rolling_risk_parity_inverse_vol_12p,benchmark,2023-12-01,0.0265059277694138
zero_cash,rolling_risk_parity_inverse_vol_12p,benchmark,2023-12-08,0.016500676633506
zero_cash,rolling_risk_parity_inverse_vol_12p,benchmark,2023-12-15,0.0165254184382923
zero_cash,rolling_risk_parity_inverse_vol_12p,benchmark,2023-12-22,0.0126638807008374
zero_cash,rolling_risk_parity_inverse_vol_12p,benchmark,2023-12-29,-0.0015413146289587
zero_cash,rolling_risk_parity_inverse_vol_12p,benchmark,2024-01-05,-0.009745829624695
zero_cash,rolling_risk_parity_inverse_vol_12p,benchmark,2024-01-12,0.0037215898989414
zero_cash,rolling_risk_parity_inverse_vol_12p,benchmark,2024-01-19,-0.0092270110818919
zero_cash,rolling_risk_parity_inverse_vol_12p,benchmark,2024-01-26,0.0017820959491813
zero_cash,rolling_risk_parity_inverse_vol_12p,benchmark,2024-02-02,0.0171867602671296
zero_cash,rolling_risk_parity_inverse_vol_12p,benchmark,2024-02-09,0.0082667386519009
zero_cash,rolling_risk_parity_inverse_vol_12p,benchmark,2024-02-16,0.0029690209268945
zero_cash,rolling_risk_parity_inverse_vol_12p,benchmark,2024-02-23,0.0111726383135678
zero_cash,rolling_risk_parity_inverse_vol_12p,benchmark,2024-03-01,0.0291902745603057
zero_cash,rolling_risk_parity_inverse_vol_12p,benchmark,2024-03-08,0.0235071981430964
zero_cash,rolling_risk_parity_inverse_vol_12p,benchmark,2024-03-15,-0.0092824295251031
zero_cash,rolling_risk_parity_inverse_vol_12p,benchmark,2024-03-22,0.0087147948420976
zero_cash,rolling_risk_parity_inverse_vol_12p,benchmark,2024-03-29,0.0160401901849445
zero_cash,rolling_risk_parity_inverse_vol_12p,benchmark,2024-04-05,-0.0018222314932198
zero_cash,rolling_risk_parity_inverse_vol_12p,benchmark,2024-04-12,-0.0085789545475879
zero_cash,rolling_risk_parity_inverse_vol_12p,benchmark,2024-04-19,-0.0146427479954784
zero_cash,rolling_risk_parity_inverse_vol_12p,benchmark,2024-04-26,0.0006756003735949
zero_cash,rolling_risk_parity_inverse_vol_12p,benchmark,2024-05-03,0.0039972964739217
zero_cash,rolling_risk_parity_inverse_vol_12p,benchmark,2024-05-10,0.0123697345795566
zero_cash,rolling_risk_parity_inverse_vol_12p,benchmark,2024-05-17,0.0230516102619207
zero_cash,rolling_risk_parity_inverse_vol_12p,benchmark,2024-05-24,-0.0076256821671183
zero_cash,rolling_risk_parity_inverse_vol_12p,benchmark,2024-05-31,-0.0068966468431557
zero_cash,rolling_risk_parity_inverse_vol_12p,benchmark,2024-06-07,0.0079631796508232
zero_cash,rolling_risk_parity_inverse_vol_12p,benchmark,2024-06-14,0.0171743046947809
zero_cash,rolling_risk_parity_inverse_vol_12p,benchmark,2024-06-21,-0.0043827137464964
zero_cash,rolling_risk_parity_inverse_vol_12p,benchmark,2024-06-28,-0.0146265987772216
zero_cash,rolling_risk_parity_inverse_vol_12p,benchmark,2024-07-05,0.0098480603325128
zero_cash,rolling_risk_parity_inverse_vol_12p,benchmark,2024-07-12,0.012641007522719
zero_cash,rolling_risk_parity_inverse_vol_12p,benchmark,2024-07-19,0.000822502090621
zero_cash,rolling_risk_parity_inverse_vol_12p,benchmark,2024-07-26,-0.0030909015389242
zero_cash,rolling_risk_parity_inverse_vol_12p,benchmark,2024-08-02,0.0084354358821664
zero_cash,rolling_risk_parity_inverse_vol_12p,benchmark,2024-08-09,-0.0065277255167218
zero_cash,rolling_risk_parity_inverse_vol_12p,benchmark,2024-08-16,0.0259756716081746
zero_cash,rolling_risk_parity_inverse_vol_12p,benchmark,2024-08-23,0.0146491069049546
zero_cash,rolling_risk_parity_inverse_vol_12p,benchmark,2024-08-30,-0.0110676668726935
zero_cash,rolling_risk_parity_inverse_vol_12p,benchmark,2024-09-06,-0.0131399237208431
zero_cash,rolling_risk_parity_inverse_vol_12p,benchmark,2024-09-13,0.0369040969590654
zero_cash,rolling_risk_parity_inverse_vol_12p,benchmark,2024-09-20,0.0089310046714855
zero_cash,rolling_risk_parity_inverse_vol_12p,benchmark,2024-09-27,0.0083618422485015
zero_cash,rolling_risk_parity_inverse_vol_12p,benchmark,2024-10-04,-0.0107073804554805
zero_cash,rolling_risk_parity_inverse_vol_12p,benchmark,2024-10-11,-0.0004947068962571
zero_cash,rolling_risk_parity_inverse_vol_12p,benchmark,2024-10-18,0.0207702733124443
zero_cash,rolling_risk_parity_inverse_vol_12p,benchmark,2024-10-25,-0.0054973437197629
zero_cash,rolling_risk_parity_inverse_vol_12p,benchmark,2024-11-01,-0.0046100812669343
zero_cash,rolling_risk_parity_inverse_vol_12p,benchmark,2024-11-08,0.0178511245851741
zero_cash,rolling_risk_parity_inverse_vol_12p,benchmark,2024-11-15,-0.0162523243754133
zero_cash,rolling_risk_parity_inverse_vol_12p,benchmark,2024-11-22,0.0300073881782203
zero_cash,rolling_risk_parity_inverse_vol_12p,benchmark,2024-11-29,0.0117987649219535
zero_cash,rolling_risk_parity_inverse_vol_12p,benchmark,2024-12-06,0.0051632537931558
zero_cash,rolling_risk_parity_inverse_vol_12p,benchmark,2024-12-13,-0.0133166059121988
zero_cash,rolling_risk_parity_inverse_vol_12p,benchmark,2024-12-20,-0.0171562533194439
zero_cash,rolling_risk_parity_inverse_vol_12p,benchmark,2024-12-27,-0.0058538224458339
zero_cash,rolling_risk_parity_inverse_vol_12p,benchmark,2025-01-03,0.0051150333027592
zero_cash,rolling_risk_parity_inverse_vol_12p,benchmark,2025-01-10,-0.0111272513117453
zero_cash,rolling_risk_parity_inverse_vol_12p,benchmark,2025-01-17,0.0269486243468352
zero_cash,rolling_risk_parity_inverse_vol_12p,benchmark,2025-01-24,0.0132834106056093
zero_cash,rolling_risk_parity_inverse_vol_12p,benchmark,2025-01-31,-0.0006904997624942
zero_cash,rolling_risk_parity_inverse_vol_12p,benchmark,2025-02-07,0.0051356263014354
zero_cash,rolling_risk_parity_inverse_vol_12p,benchmark,2025-02-14,0.0086870141923755
zero_cash,rolling_risk_parity_inverse_vol_12p,benchmark,2025-02-21,0.0004395658102806
zero_cash,rolling_risk_parity_inverse_vol_12p,benchmark,2025-02-28,-0.0180155676292123
zero_cash,rolling_risk_parity_inverse_vol_12p,benchmark,2025-03-07,-0.0060936632492549
zero_cash,rolling_risk_parity_inverse_vol_12p,benchmark,2025-03-14,-0.0006908827673286
zero_cash,rolling_risk_parity_inverse_vol_12p,benchmark,2025-03-21,0.0071910263190018
zero_cash,rolling_risk_parity_inverse_vol_12p,benchmark,2025-03-28,0.0012163783041471
zero_cash,rolling_risk_parity_inverse_vol_12p,benchmark,2025-04-04,-0.0195245883488166
zero_cash,rolling_risk_parity_inverse_vol_12p,benchmark,2025-04-11,0.009967126384
zero_cash,rolling_risk_parity_inverse_vol_12p,benchmark,2025-04-18,0.0102093879103615
zero_cash,rolling_risk_parity_inverse_vol_12p,benchmark,2025-04-25,0.034931462918747
zero_cash,rolling_risk_parity_inverse_vol_12p,benchmark,2025-05-02,-0.0010089012377645
zero_cash,rolling_risk_parity_inverse_vol_12p,benchmark,2025-05-09,0.0155583013195719
zero_cash,rolling_risk_parity_inverse_vol_12p,benchmark,2025-05-16,-0.0037464574661857
zero_cash,rolling_risk_parity_inverse_vol_12p,benchmark,2025-05-23,0.0087811848153468
zero_cash,rolling_risk_parity_inverse_vol_12p,benchmark,2025-05-30,-0.0012335380627394
zero_cash,rolling_risk_parity_inverse_vol_12p,benchmark,2025-06-06,0.0029904382660744
zero_cash,rolling_risk_parity_inverse_vol_12p,benchmark,2025-06-13,0.0158944211703518
zero_cash,rolling_risk_parity_inverse_vol_12p,benchmark,2025-06-20,-0.0101492760763884
zero_cash,rolling_risk_parity_inverse_vol_12p,benchmark,2025-06-27,0.0109593868367826
zero_cash,rolling_risk_parity_inverse_vol_12p,benchmark,2025-07-04,0.0100414371456622
zero_cash,rolling_risk_parity_inverse_vol_12p,benchmark,2025-07-11,0.0062993164303675
zero_cash,rolling_risk_parity_inverse_vol_12p,benchmark,2025-07-18,-0.0012640106516722
zero_cash,rolling_risk_parity_inverse_vol_12p,benchmark,2025-07-25,0.0086479277262015
zero_cash,rolling_risk_parity_inverse_vol_12p,benchmark,2025-08-01,-0.0022461188857235
zero_cash,rolling_risk_parity_inverse_vol_12p,benchmark,2025-08-08,0.0107778034685397
zero_cash,rolling_risk_parity_inverse_vol_12p,benchmark,2025-08-15,-0.0041543650050663
zero_cash,rolling_risk_parity_inverse_vol_12p,benchmark,2025-08-22,0.0052988316207806
zero_cash,rolling_risk_parity_inverse_vol_12p,benchmark,2025-08-29,-0.005903762446572
zero_cash,rolling_risk_parity_inverse_vol_12p,benchmark,2025-09-05,0.0226506153315111
zero_cash,rolling_risk_parity_inverse_vol_12p,benchmark,2025-09-12,0.018903027908674
zero_cash,rolling_risk_parity_inverse_vol_12p,benchmark,2025-09-19,0.0024889791473441
zero_cash,rolling_risk_parity_inverse_vol_12p,benchmark,2025-09-26,-0.0004685938886654
zero_cash,rolling_risk_parity_inverse_vol_12p,benchmark,2025-10-03,0.0257659085997271
zero_cash,rolling_risk_parity_inverse_vol_12p,benchmark,2025-10-10,-0.0016658179095855
zero_cash,rolling_risk_parity_inverse_vol_12p,benchmark,2025-10-17,0.0170121916171627
zero_cash,rolling_risk_parity_inverse_vol_12p,benchmark,2025-10-24,0.0031296827077154
zero_cash,rolling_risk_parity_inverse_vol_12p,benchmark,2025-10-31,-0.0084409515258191
zero_cash,rolling_risk_parity_inverse_vol_12p,benchmark,2025-11-07,-0.0121954706687873
zero_cash,rolling_risk_parity_inverse_vol_12p,benchmark,2025-11-14,-0.0055863053469503
zero_cash,rolling_risk_parity_inverse_vol_12p,benchmark,2025-11-21,-0.0121276544456952
zero_cash,rolling_risk_parity_inverse_vol_12p,benchmark,2025-11-28,0.0272500446512394
zero_cash,rolling_risk_parity_inverse_vol_12p,benchmark,2025-12-05,-0.0103581103478207
zero_cash,rolling_risk_parity_inverse_vol_12p,benchmark,2025-12-12,-0.0008495182054457
zero_cash,rolling_risk_parity_inverse_vol_12p,benchmark,2025-12-19,0.0032620342958905
zero_cash,rolling_risk_parity_inverse_vol_12p,benchmark,2025-12-26,0.0126426305419147
zero_cash,rolling_risk_parity_inverse_vol_12p,benchmark,2026-01-02,-0.0115917947576647
zero_cash,rolling_risk_parity_inverse_vol_12p,benchmark,2026-01-09,0.0159577619005219
zero_cash,rolling_risk_parity_inverse_vol_12p,benchmark,2026-01-16,0.0058812452153817
zero_cash,rolling_risk_parity_inverse_vol_12p,benchmark,2026-01-23,0.0086082295697521
zero_cash,rolling_risk_parity_inverse_vol_12p,benchmark,2026-01-30,-0.0122032733529561
zero_cash,rolling_risk_parity_inverse_vol_12p,benchmark,2026-02-06,-0.0067114432561177
zero_cash,rolling_risk_parity_inverse_vol_12p,benchmark,2026-02-13,0.0085168000413959
zero_cash,rolling_risk_parity_inverse_vol_12p,benchmark,2026-02-20,0.0033939404180355
zero_cash,rolling_risk_parity_inverse_vol_12p,benchmark,2026-02-27,0.0049486990594307
zero_cash,rolling_risk_parity_inverse_vol_12p,benchmark,2026-03-06,-0.0171829465408826
zero_cash,rolling_risk_parity_inverse_vol_12p,benchmark,2026-03-13,-0.0144287239939086
zero_cash,rolling_risk_parity_inverse_vol_12p,benchmark,2026-03-20,-0.0249035701980981
zero_cash,rolling_risk_parity_inverse_vol_12p,benchmark,2026-03-27,-0.0156721018530602
zero_cash,rolling_risk_parity_inverse_vol_12p,benchmark,2026-04-03,0.0259369270103715
zero_cash,rolling_risk_parity_inverse_vol_12p,benchmark,2026-04-10,0.0233573690314547
zero_cash,rolling_risk_parity_inverse_vol_12p,benchmark,2026-04-17,0.0261561768087414
zero_cash,rolling_risk_parity_inverse_vol_12p,benchmark,2026-04-24,-0.0048142697249125
zero_cash,rolling_risk_parity_inverse_vol_12p,benchmark,2026-05-01,-0.0044350463660026
zero_cash,rolling_risk_parity_inverse_vol_12p,benchmark,2026-05-08,0.016413288093865
zero_cash,rolling_risk_parity_inverse_vol_12p,benchmark,2026-05-15,-0.0201602385771268
zero_cash,trend_spy_cash_12p,benchmark,2022-01-07,-0.018675073862314
zero_cash,trend_spy_cash_12p,benchmark,2022-01-14,-0.0029394357546579
zero_cash,trend_spy_cash_12p,benchmark,2022-01-21,-0.05753984096402
zero_cash,trend_spy_cash_12p,benchmark,2022-01-28,-0.0002
zero_cash,trend_spy_cash_12p,benchmark,2022-02-04,0.0
zero_cash,trend_spy_cash_12p,benchmark,2022-02-11,0.0
zero_cash,trend_spy_cash_12p,benchmark,2022-02-18,0.0
zero_cash,trend_spy_cash_12p,benchmark,2022-02-25,0.0
zero_cash,trend_spy_cash_12p,benchmark,2022-03-04,0.0
zero_cash,trend_spy_cash_12p,benchmark,2022-03-11,0.0
zero_cash,trend_spy_cash_12p,benchmark,2022-03-18,0.0
zero_cash,trend_spy_cash_12p,benchmark,2022-03-25,0.0
zero_cash,trend_spy_cash_12p,benchmark,2022-04-01,0.0
zero_cash,trend_spy_cash_12p,benchmark,2022-04-08,0.0
zero_cash,trend_spy_cash_12p,benchmark,2022-04-15,0.0
zero_cash,trend_spy_cash_12p,benchmark,2022-04-22,-0.0270391267889528
zero_cash,trend_spy_cash_12p,benchmark,2022-04-29,-0.0002
zero_cash,trend_spy_cash_12p,benchmark,2022-05-06,0.0
zero_cash,trend_spy_cash_12p,benchmark,2022-05-13,0.0
zero_cash,trend_spy_cash_12p,benchmark,2022-05-20,0.0
zero_cash,trend_spy_cash_12p,benchmark,2022-05-27,0.0
zero_cash,trend_spy_cash_12p,benchmark,2022-06-03,0.0
zero_cash,trend_spy_cash_12p,benchmark,2022-06-10,0.0
zero_cash,trend_spy_cash_12p,benchmark,2022-06-17,0.0
zero_cash,trend_spy_cash_12p,benchmark,2022-06-24,0.0
zero_cash,trend_spy_cash_12p,benchmark,2022-07-01,0.0
zero_cash,trend_spy_cash_12p,benchmark,2022-07-08,0.0
zero_cash,trend_spy_cash_12p,benchmark,2022-07-15,0.0
zero_cash,trend_spy_cash_12p,benchmark,2022-07-22,0.0
zero_cash,trend_spy_cash_12p,benchmark,2022-07-29,0.0
zero_cash,trend_spy_cash_12p,benchmark,2022-08-05,0.0033922164071882
zero_cash,trend_spy_cash_12p,benchmark,2022-08-12,0.0329650009125468
zero_cash,trend_spy_cash_12p,benchmark,2022-08-19,-0.0116130893937969
zero_cash,trend_spy_cash_12p,benchmark,2022-08-26,-0.0398684045677907
zero_cash,trend_spy_cash_12p,benchmark,2022-09-02,-0.0002
zero_cash,trend_spy_cash_12p,benchmark,2022-09-09,0.0364103972208409
zero_cash,trend_spy_cash_12p,benchmark,2022-09-16,-0.0478511047644425
zero_cash,trend_spy_cash_12p,benchmark,2022-09-23,-0.0002
zero_cash,trend_spy_cash_12p,benchmark,2022-09-30,0.0
zero_cash,trend_spy_cash_12p,benchmark,2022-10-07,0.0
zero_cash,trend_spy_cash_12p,benchmark,2022-10-14,0.0
zero_cash,trend_spy_cash_12p,benchmark,2022-10-21,0.0
zero_cash,trend_spy_cash_12p,benchmark,2022-10-28,0.0
zero_cash,trend_spy_cash_12p,benchmark,2022-11-04,0.0
zero_cash,trend_spy_cash_12p,benchmark,2022-11-11,0.0
zero_cash,trend_spy_cash_12p,benchmark,2022-11-18,0.0
zero_cash,trend_spy_cash_12p,benchmark,2022-11-25,0.0
zero_cash,trend_spy_cash_12p,benchmark,2022-12-02,0.0111835551933754
zero_cash,trend_spy_cash_12p,benchmark,2022-12-09,-0.0334963190288196
zero_cash,trend_spy_cash_12p,benchmark,2022-12-16,-0.0209774822191132
zero_cash,trend_spy_cash_12p,benchmark,2022-12-23,-0.0009393136440435
zero_cash,trend_spy_cash_12p,benchmark,2022-12-30,-0.0012535402869209
zero_cash,trend_spy_cash_12p,benchmark,2023-01-06,0.0147740142034777
zero_cash,trend_spy_cash_12p,benchmark,2023-01-13,0.0268500539630944
zero_cash,trend_spy_cash_12p,benchmark,2023-01-20,-0.0065745006355217
zero_cash,trend_spy_cash_12p,benchmark,2023-01-27,0.024754737566925
zero_cash,trend_spy_cash_12p,benchmark,2023-02-03,0.0164417368554659
zero_cash,trend_spy_cash_12p,benchmark,2023-02-10,-0.0104522983321717
zero_cash,trend_spy_cash_12p,benchmark,2023-02-17,-0.0019115691359679
zero_cash,trend_spy_cash_12p,benchmark,2023-02-24,-0.0267150463838714
zero_cash,trend_spy_cash_12p,benchmark,2023-03-03,-0.0002
zero_cash,trend_spy_cash_12p,benchmark,2023-03-10,-0.0454262703631985
zero_cash,trend_spy_cash_12p,benchmark,2023-03-17,0.0144291150071853
zero_cash,trend_spy_cash_12p,benchmark,2023-03-24,0.0147698420759161
zero_cash,trend_spy_cash_12p,benchmark,2023-03-31,0.0344662040753984
zero_cash,trend_spy_cash_12p,benchmark,2023-04-07,-0.0004885651205714
zero_cash,trend_spy_cash_12p,benchmark,2023-04-14,0.0079912894162594
zero_cash,trend_spy_cash_12p,benchmark,2023-04-21,-0.0006302458820078
zero_cash,trend_spy_cash_12p,benchmark,2023-04-28,0.0090488895153177
zero_cash,trend_spy_cash_12p,benchmark,2023-05-05,-0.007933846590442
zero_cash,trend_spy_cash_12p,benchmark,2023-05-12,-0.0025205592819464
zero_cash,trend_spy_cash_12p,benchmark,2023-05-19,0.0170801138674256
zero_cash,trend_spy_cash_12p,benchmark,2023-05-26,0.003344323505914
zero_cash,trend_spy_cash_12p,benchmark,2023-06-02,0.0188086699731147
zero_cash,trend_spy_cash_12p,benchmark,2023-06-09,0.0046269568817183
zero_cash,trend_spy_cash_12p,benchmark,2023-06-16,0.0260350275244083
zero_cash,trend_spy_cash_12p,benchmark,2023-06-23,-0.0142220469227684
zero_cash,trend_spy_cash_12p,benchmark,2023-06-30,0.0232449875411027
zero_cash,trend_spy_cash_12p,benchmark,2023-07-07,-0.0106705021219477
zero_cash,trend_spy_cash_12p,benchmark,2023-07-14,0.0244672694579735
zero_cash,trend_spy_cash_12p,benchmark,2023-07-21,0.0064544953192409
zero_cash,trend_spy_cash_12p,benchmark,2023-07-28,0.0104827011987507
zero_cash,trend_spy_cash_12p,benchmark,2023-08-04,-0.0221264645604682
zero_cash,trend_spy_cash_12p,benchmark,2023-08-11,-0.0025961841170725
zero_cash,trend_spy_cash_12p,benchmark,2023-08-18,-0.0205317902190812
zero_cash,trend_spy_cash_12p,benchmark,2023-08-25,0.0079496421806888
zero_cash,trend_spy_cash_12p,benchmark,2023-09-01,0.0255016161893693
zero_cash,trend_spy_cash_12p,benchmark,2023-09-08,-0.0125666747198033
zero_cash,trend_spy_cash_12p,benchmark,2023-09-15,-0.0013155378996895
zero_cash,trend_spy_cash_12p,benchmark,2023-09-22,-0.0292079772500583
zero_cash,trend_spy_cash_12p,benchmark,2023-09-29,-0.0002
zero_cash,trend_spy_cash_12p,benchmark,2023-10-06,0.0
zero_cash,trend_spy_cash_12p,benchmark,2023-10-13,0.0
zero_cash,trend_spy_cash_12p,benchmark,2023-10-20,0.0
zero_cash,trend_spy_cash_12p,benchmark,2023-10-27,0.0
zero_cash,trend_spy_cash_12p,benchmark,2023-11-03,0.0
zero_cash,trend_spy_cash_12p,benchmark,2023-11-10,0.0
zero_cash,trend_spy_cash_12p,benchmark,2023-11-17,0.0229045317569407
zero_cash,trend_spy_cash_12p,benchmark,2023-11-24,0.0100044559856178
zero_cash,trend_spy_cash_12p,benchmark,2023-12-01,0.0083462058319092
zero_cash,trend_spy_cash_12p,benchmark,2023-12-08,0.0023960075593085
zero_cash,trend_spy_cash_12p,benchmark,2023-12-15,0.0239739558087515
zero_cash,trend_spy_cash_12p,benchmark,2023-12-22,0.0092047131327579
zero_cash,trend_spy_cash_12p,benchmark,2023-12-29,0.0035046282715331
zero_cash,trend_spy_cash_12p,benchmark,2024-01-05,-0.0155476183250625
zero_cash,trend_spy_cash_12p,benchmark,2024-01-12,0.0187210262970112
zero_cash,trend_spy_cash_12p,benchmark,2024-01-19,0.0120626174636597
zero_cash,trend_spy_cash_12p,benchmark,2024-01-26,0.0103227974478838
zero_cash,trend_spy_cash_12p,benchmark,2024-02-02,0.0142385063525758
zero_cash,trend_spy_cash_12p,benchmark,2024-02-09,0.0138565687287051
zero_cash,trend_spy_cash_12p,benchmark,2024-02-16,-0.0033719225927447
zero_cash,trend_spy_cash_12p,benchmark,2024-02-23,0.0166963096551018
zero_cash,trend_spy_cash_12p,benchmark,2024-03-01,0.009845492581195
zero_cash,trend_spy_cash_12p,benchmark,2024-03-08,-0.0022033647720639
zero_cash,trend_spy_cash_12p,benchmark,2024-03-15,-0.0005978938595926
zero_cash,trend_spy_cash_12p,benchmark,2024-03-22,0.02232121478972
zero_cash,trend_spy_cash_12p,benchmark,2024-03-29,0.0035684738785528
zero_cash,trend_spy_cash_12p,benchmark,2024-04-05,-0.008870517976383
zero_cash,trend_spy_cash_12p,benchmark,2024-04-12,-0.0146212346324573
zero_cash,trend_spy_cash_12p,benchmark,2024-04-19,-0.0307134682236452
zero_cash,trend_spy_cash_12p,benchmark,2024-04-26,0.0264561528044324
zero_cash,trend_spy_cash_12p,benchmark,2024-05-03,0.0059614477423846
zero_cash,trend_spy_cash_12p,benchmark,2024-05-10,0.0186783396838461
zero_cash,trend_spy_cash_12p,benchmark,2024-05-17,0.0165310257878721
zero_cash,trend_spy_cash_12p,benchmark,2024-05-24,-1.8893738544245583e-05
zero_cash,trend_spy_cash_12p,benchmark,2024-05-31,-0.0039098968925589
zero_cash,trend_spy_cash_12p,benchmark,2024-06-07,0.0125908935283143
zero_cash,trend_spy_cash_12p,benchmark,2024-06-14,0.0164228137238258
zero_cash,trend_spy_cash_12p,benchmark,2024-06-21,0.0064237988680226
zero_cash,trend_spy_cash_12p,benchmark,2024-06-28,-0.0005326532219225
zero_cash,trend_spy_cash_12p,benchmark,2024-07-05,0.0191465723579478
zero_cash,trend_spy_cash_12p,benchmark,2024-07-12,0.0096461324458367
zero_cash,trend_spy_cash_12p,benchmark,2024-07-19,-0.0196435705708679
zero_cash,trend_spy_cash_12p,benchmark,2024-07-26,-0.0082877402992322
zero_cash,trend_spy_cash_12p,benchmark,2024-08-02,-0.0211960072653448
zero_cash,trend_spy_cash_12p,benchmark,2024-08-09,0.000168867281777
zero_cash,trend_spy_cash_12p,benchmark,2024-08-16,0.0400006407454722
zero_cash,trend_spy_cash_12p,benchmark,2024-08-23,0.014107589454104
zero_cash,trend_spy_cash_12p,benchmark,2024-08-30,0.0027576108407343
zero_cash,trend_spy_cash_12p,benchmark,2024-09-06,-0.0413711397046833
zero_cash,trend_spy_cash_12p,benchmark,2024-09-13,-0.0002
zero_cash,trend_spy_cash_12p,benchmark,2024-09-20,0.0140044944213933
zero_cash,trend_spy_cash_12p,benchmark,2024-09-27,0.0056663344011966
zero_cash,trend_spy_cash_12p,benchmark,2024-10-04,0.0026424944991518
zero_cash,trend_spy_cash_12p,benchmark,2024-10-11,0.0115185439677361
zero_cash,trend_spy_cash_12p,benchmark,2024-10-18,0.0086442192888969
zero_cash,trend_spy_cash_12p,benchmark,2024-10-25,-0.0094940102351918
zero_cash,trend_spy_cash_12p,benchmark,2024-11-01,-0.0138158184860914
zero_cash,trend_spy_cash_12p,benchmark,2024-11-08,0.0475449032477348
zero_cash,trend_spy_cash_12p,benchmark,2024-11-15,-0.0207962006609542
zero_cash,trend_spy_cash_12p,benchmark,2024-11-22,0.0166624398823458
zero_cash,trend_spy_cash_12p,benchmark,2024-11-29,0.0118217259686528
zero_cash,trend_spy_cash_12p,benchmark,2024-12-06,0.0087297089739559
zero_cash,trend_spy_cash_12p,benchmark,2024-12-13,-0.005923005527934
zero_cash,trend_spy_cash_12p,benchmark,2024-12-20,-0.0183218775754889
zero_cash,trend_spy_cash_12p,benchmark,2024-12-27,0.0065295452048217
zero_cash,trend_spy_cash_12p,benchmark,2025-01-03,-0.0051427530764628
zero_cash,trend_spy_cash_12p,benchmark,2025-01-10,-0.019359859043548
zero_cash,trend_spy_cash_12p,benchmark,2025-01-17,-0.0002
zero_cash,trend_spy_cash_12p,benchmark,2025-01-24,0.0171866189743703
zero_cash,trend_spy_cash_12p,benchmark,2025-01-31,-0.0101155476231773
zero_cash,trend_spy_cash_12p,benchmark,2025-02-07,-0.0017445828264772
zero_cash,trend_spy_cash_12p,benchmark,2025-02-14,0.014864248820869
zero_cash,trend_spy_cash_12p,benchmark,2025-02-21,-0.0160079378539966
zero_cash,trend_spy_cash_12p,benchmark,2025-02-28,-0.0002
zero_cash,trend_spy_cash_12p,benchmark,2025-03-07,0.0
zero_cash,trend_spy_cash_12p,benchmark,2025-03-14,0.0
zero_cash,trend_spy_cash_12p,benchmark,2025-03-21,0.0
zero_cash,trend_spy_cash_12p,benchmark,2025-03-28,0.0
zero_cash,trend_spy_cash_12p,benchmark,2025-04-04,0.0
zero_cash,trend_spy_cash_12p,benchmark,2025-04-11,0.0
zero_cash,trend_spy_cash_12p,benchmark,2025-04-18,0.0
zero_cash,trend_spy_cash_12p,benchmark,2025-04-25,0.0
zero_cash,trend_spy_cash_12p,benchmark,2025-05-02,0.0
zero_cash,trend_spy_cash_12p,benchmark,2025-05-09,0.0
zero_cash,trend_spy_cash_12p,benchmark,2025-05-16,0.0
zero_cash,trend_spy_cash_12p,benchmark,2025-05-23,0.0
zero_cash,trend_spy_cash_12p,benchmark,2025-05-30,0.0
zero_cash,trend_spy_cash_12p,benchmark,2025-06-06,0.0163424721711946
zero_cash,trend_spy_cash_12p,benchmark,2025-06-13,-0.0035717468886059
zero_cash,trend_spy_cash_12p,benchmark,2025-06-20,-0.0016132749958093
zero_cash,trend_spy_cash_12p,benchmark,2025-06-27,0.0347142713616763
zero_cash,trend_spy_cash_12p,benchmark,2025-07-04,0.0169618483537803
zero_cash,trend_spy_cash_12p,benchmark,2025-07-11,-0.002750556947425
zero_cash,trend_spy_cash_12p,benchmark,2025-07-18,0.0063499282876799
zero_cash,trend_spy_cash_12p,benchmark,2025-07-25,0.0151694028131423
zero_cash,trend_spy_cash_12p,benchmark,2025-08-01,-0.0241405905887579
zero_cash,trend_spy_cash_12p,benchmark,2025-08-08,0.0248665795099987
zero_cash,trend_spy_cash_12p,benchmark,2025-08-15,0.0098245205256075
zero_cash,trend_spy_cash_12p,benchmark,2025-08-22,0.0029061210683207
zero_cash,trend_spy_cash_12p,benchmark,2025-08-29,-0.0004028107279857
zero_cash,trend_spy_cash_12p,benchmark,2025-09-05,0.0033950694152806
zero_cash,trend_spy_cash_12p,benchmark,2025-09-12,0.0157127956247666
zero_cash,trend_spy_cash_12p,benchmark,2025-09-19,0.0123669398115859
zero_cash,trend_spy_cash_12p,benchmark,2025-09-26,-0.0028325562231473
zero_cash,trend_spy_cash_12p,benchmark,2025-10-03,0.0111661541395238
zero_cash,trend_spy_cash_12p,benchmark,2025-10-10,-0.0241927820470251
zero_cash,trend_spy_cash_12p,benchmark,2025-10-17,0.0174114706353449
zero_cash,trend_spy_cash_12p,benchmark,2025-10-24,0.0193560707689102
zero_cash,trend_spy_cash_12p,benchmark,2025-10-31,0.0071021742387391
zero_cash,trend_spy_cash_12p,benchmark,2025-11-07,-0.0162595831149804
zero_cash,trend_spy_cash_12p,benchmark,2025-11-14,0.0014308021887614
zero_cash,trend_spy_cash_12p,benchmark,2025-11-21,-0.0191983407406757
zero_cash,trend_spy_cash_12p,benchmark,2025-11-28,0.0369633625376812
zero_cash,trend_spy_cash_12p,benchmark,2025-12-05,0.003365588310136
zero_cash,trend_spy_cash_12p,benchmark,2025-12-12,-0.0057314023718574
zero_cash,trend_spy_cash_12p,benchmark,2025-12-19,0.001233668100784
zero_cash,trend_spy_cash_12p,benchmark,2025-12-26,0.0142816586824037
zero_cash,trend_spy_cash_12p,benchmark,2026-01-02,-0.0103431660037227
zero_cash,trend_spy_cash_12p,benchmark,2026-01-09,0.0159550146686624
zero_cash,trend_spy_cash_12p,benchmark,2026-01-16,-0.0034722813138657
zero_cash,trend_spy_cash_12p,benchmark,2026-01-23,-0.0035133148038901
zero_cash,trend_spy_cash_12p,benchmark,2026-01-30,0.0039754606543944
zero_cash,trend_spy_cash_12p,benchmark,2026-02-06,-0.001950937693641
zero_cash,trend_spy_cash_12p,benchmark,2026-02-13,-0.0128435082371082
zero_cash,trend_spy_cash_12p,benchmark,2026-02-20,0.0112651792695637
zero_cash,trend_spy_cash_12p,benchmark,2026-02-27,-0.0049896771880904
zero_cash,trend_spy_cash_12p,benchmark,2026-03-06,-0.0198399468125016
zero_cash,trend_spy_cash_12p,benchmark,2026-03-13,-0.0002
zero_cash,trend_spy_cash_12p,benchmark,2026-03-20,0.0
zero_cash,trend_spy_cash_12p,benchmark,2026-03-27,0.0
zero_cash,trend_spy_cash_12p,benchmark,2026-04-03,0.0
zero_cash,trend_spy_cash_12p,benchmark,2026-04-10,0.0
zero_cash,trend_spy_cash_12p,benchmark,2026-04-17,0.0
zero_cash,trend_spy_cash_12p,benchmark,2026-04-24,0.0051510402379592
zero_cash,trend_spy_cash_12p,benchmark,2026-05-01,0.0093985796421414
zero_cash,trend_spy_cash_12p,benchmark,2026-05-08,0.023548144214555
zero_cash,trend_spy_cash_12p,benchmark,2026-05-15,0.0021013364648858
bil_cash,60_40_SPY_TLT,benchmark,2022-01-07,-0.0272114946976909
bil_cash,60_40_SPY_TLT,benchmark,2022-01-14,-0.0022134537367688
bil_cash,60_40_SPY_TLT,benchmark,2022-01-21,-0.0302171348452359
bil_cash,60_40_SPY_TLT,benchmark,2022-01-28,0.0040459967233071
bil_cash,60_40_SPY_TLT,benchmark,2022-02-04,-0.0018088812129722
bil_cash,60_40_SPY_TLT,benchmark,2022-02-11,-0.0132054657800563
bil_cash,60_40_SPY_TLT,benchmark,2022-02-18,-0.0085444275730144
bil_cash,60_40_SPY_TLT,benchmark,2022-02-25,0.0009283771500674
bil_cash,60_40_SPY_TLT,benchmark,2022-03-04,0.0027433164846795
bil_cash,60_40_SPY_TLT,benchmark,2022-03-11,-0.0320015475966932
bil_cash,60_40_SPY_TLT,benchmark,2022-03-18,0.0325367458704657
bil_cash,60_40_SPY_TLT,benchmark,2022-03-25,-0.0033008121438668
bil_cash,60_40_SPY_TLT,benchmark,2022-04-01,0.0125005190799746
bil_cash,60_40_SPY_TLT,benchmark,2022-04-08,-0.0290241282012098
bil_cash,60_40_SPY_TLT,benchmark,2022-04-15,-0.0270813541543792
bil_cash,60_40_SPY_TLT,benchmark,2022-04-22,-0.0186213250100731
bil_cash,60_40_SPY_TLT,benchmark,2022-04-29,-0.021572825157668
bil_cash,60_40_SPY_TLT,benchmark,2022-05-06,-0.0196686807799022
bil_cash,60_40_SPY_TLT,benchmark,2022-05-13,-0.0059032897199892
bil_cash,60_40_SPY_TLT,benchmark,2022-05-20,-0.0093316397128028
bil_cash,60_40_SPY_TLT,benchmark,2022-05-27,0.041391995805816
bil_cash,60_40_SPY_TLT,benchmark,2022-06-03,-0.0163715564358396
bil_cash,60_40_SPY_TLT,benchmark,2022-06-10,-0.0381025137770932
bil_cash,60_40_SPY_TLT,benchmark,2022-06-17,-0.0403588494121713
bil_cash,60_40_SPY_TLT,benchmark,2022-06-24,0.0414329615163504
bil_cash,60_40_SPY_TLT,benchmark,2022-07-01,-0.0011971298400943
bil_cash,60_40_SPY_TLT,benchmark,2022-07-08,0.0002273386799938
bil_cash,60_40_SPY_TLT,benchmark,2022-07-15,0.0074775218529427
bil_cash,60_40_SPY_TLT,benchmark,2022-07-22,0.0238169928827438
bil_cash,60_40_SPY_TLT,benchmark,2022-07-29,0.0218861558381757
bil_cash,60_40_SPY_TLT,benchmark,2022-08-05,-0.0003935644261321
bil_cash,60_40_SPY_TLT,benchmark,2022-08-12,0.0166190527773889
bil_cash,60_40_SPY_TLT,benchmark,2022-08-19,-0.0156566534507771
bil_cash,60_40_SPY_TLT,benchmark,2022-08-26,-0.0218686696079714
bil_cash,60_40_SPY_TLT,benchmark,2022-09-02,-0.0304976753669538
bil_cash,60_40_SPY_TLT,benchmark,2022-09-09,0.0150345733998289
bil_cash,60_40_SPY_TLT,benchmark,2022-09-16,-0.0332898944572817
bil_cash,60_40_SPY_TLT,benchmark,2022-09-23,-0.0325224591471364
bil_cash,60_40_SPY_TLT,benchmark,2022-09-30,-0.0298611883943758
bil_cash,60_40_SPY_TLT,benchmark,2022-10-07,0.0046649205720192
bil_cash,60_40_SPY_TLT,benchmark,2022-10-14,-0.0181191607069711
bil_cash,60_40_SPY_TLT,benchmark,2022-10-21,0.0060374099926625
bil_cash,60_40_SPY_TLT,benchmark,2022-10-28,0.0391971396043238
bil_cash,60_40_SPY_TLT,benchmark,2022-11-04,-0.0292440998153465
bil_cash,60_40_SPY_TLT,benchmark,2022-11-11,0.0509093051770566
bil_cash,60_40_SPY_TLT,benchmark,2022-11-18,0.0034170222466419
bil_cash,60_40_SPY_TLT,benchmark,2022-11-25,0.0226317601249897
bil_cash,60_40_SPY_TLT,benchmark,2022-12-02,0.0241090163247712
bil_cash,60_40_SPY_TLT,benchmark,2022-12-09,-0.0229367548473416
bil_cash,60_40_SPY_TLT,benchmark,2022-12-16,-0.0086773718685459
bil_cash,60_40_SPY_TLT,benchmark,2022-12-23,-0.0190492661203883
bil_cash,60_40_SPY_TLT,benchmark,2022-12-30,-0.0109321607805093
bil_cash,60_40_SPY_TLT,benchmark,2023-01-06,0.0314435879593515
bil_cash,60_40_SPY_TLT,benchmark,2023-01-13,0.0220808276244495
bil_cash,60_40_SPY_TLT,benchmark,2023-01-20,-0.006005606843678
bil_cash,60_40_SPY_TLT,benchmark,2023-01-27,0.0167738318541227
bil_cash,60_40_SPY_TLT,benchmark,2023-02-03,0.0108562973752941
bil_cash,60_40_SPY_TLT,benchmark,2023-02-10,-0.0186798685935389
bil_cash,60_40_SPY_TLT,benchmark,2023-02-17,-0.0050544580318031
bil_cash,60_40_SPY_TLT,benchmark,2023-02-24,-0.0215380083916786
bil_cash,60_40_SPY_TLT,benchmark,2023-03-03,0.0164611412322366
bil_cash,60_40_SPY_TLT,benchmark,2023-03-10,-0.0126102284953004
bil_cash,60_40_SPY_TLT,benchmark,2023-03-17,0.0134308474384086
bil_cash,60_40_SPY_TLT,benchmark,2023-03-24,0.0088619045249225
bil_cash,60_40_SPY_TLT,benchmark,2023-03-31,0.018882674443592
bil_cash,60_40_SPY_TLT,benchmark,2023-04-07,0.0088640339213324
bil_cash,60_40_SPY_TLT,benchmark,2023-04-14,-0.0079205259351366
bil_cash,60_40_SPY_TLT,benchmark,2023-04-21,-0.0029665536481386
bil_cash,60_40_SPY_TLT,benchmark,2023-04-28,0.0133219267782096
bil_cash,60_40_SPY_TLT,benchmark,2023-05-05,-0.0096645286621363
bil_cash,60_40_SPY_TLT,benchmark,2023-05-12,-0.0038766390128127
bil_cash,60_40_SPY_TLT,benchmark,2023-05-19,-0.00191270204072
bil_cash,60_40_SPY_TLT,benchmark,2023-05-26,0.0019668989476515
bil_cash,60_40_SPY_TLT,benchmark,2023-06-02,0.0159189705394288
bil_cash,60_40_SPY_TLT,benchmark,2023-06-09,0.0025015965761319
bil_cash,60_40_SPY_TLT,benchmark,2023-06-16,0.0182897659007227
bil_cash,60_40_SPY_TLT,benchmark,2023-06-23,-0.0056872335820894
bil_cash,60_40_SPY_TLT,benchmark,2023-06-30,0.0124375476561204
bil_cash,60_40_SPY_TLT,benchmark,2023-07-07,-0.0203588390136717
bil_cash,60_40_SPY_TLT,benchmark,2023-07-14,0.0236021763521124
bil_cash,60_40_SPY_TLT,benchmark,2023-07-21,0.0056106110060661
bil_cash,60_40_SPY_TLT,benchmark,2023-07-28,-0.0012598787823726
bil_cash,60_40_SPY_TLT,benchmark,2023-08-04,-0.0253545052883831
bil_cash,60_40_SPY_TLT,benchmark,2023-08-11,-0.0063644789223466
bil_cash,60_40_SPY_TLT,benchmark,2023-08-18,-0.0190299228443951
bil_cash,60_40_SPY_TLT,benchmark,2023-08-25,0.0109551137766009
bil_cash,60_40_SPY_TLT,benchmark,2023-09-01,0.0149419286921352
bil_cash,60_40_SPY_TLT,benchmark,2023-09-08,-0.009564411126341
bil_cash,60_40_SPY_TLT,benchmark,2023-09-15,-0.0067659120780346
bil_cash,60_40_SPY_TLT,benchmark,2023-09-22,-0.0241080383472605
bil_cash,60_40_SPY_TLT,benchmark,2023-09-29,-0.016085776911142
bil_cash,60_40_SPY_TLT,benchmark,2023-10-06,-0.013486897562766
bil_cash,60_40_SPY_TLT,benchmark,2023-10-13,0.0160414059337138
bil_cash,60_40_SPY_TLT,benchmark,2023-10-20,-0.0342881849146103
bil_cash,60_40_SPY_TLT,benchmark,2023-10-27,-0.0095418046340367
bil_cash,60_40_SPY_TLT,benchmark,2023-11-03,0.051960647161561
bil_cash,60_40_SPY_TLT,benchmark,2023-11-10,0.0098145892099316
bil_cash,60_40_SPY_TLT,benchmark,2023-11-17,0.0231818943190384
bil_cash,60_40_SPY_TLT,benchmark,2023-11-24,0.0049365297786922
bil_cash,60_40_SPY_TLT,benchmark,2023-12-01,0.0205284981906398
bil_cash,60_40_SPY_TLT,benchmark,2023-12-08,0.0081051733485336
bil_cash,60_40_SPY_TLT,benchmark,2023-12-15,0.03524096114709
bil_cash,60_40_SPY_TLT,benchmark,2023-12-22,0.0028197016300558
bil_cash,60_40_SPY_TLT,benchmark,2023-12-29,0.0037275646581751
bil_cash,60_40_SPY_TLT,benchmark,2024-01-05,-0.0198060777900879
bil_cash,60_40_SPY_TLT,benchmark,2024-01-12,0.0121881504311398
bil_cash,60_40_SPY_TLT,benchmark,2024-01-19,-0.0028328087401906
bil_cash,60_40_SPY_TLT,benchmark,2024-01-26,0.0048757731923405
bil_cash,60_40_SPY_TLT,benchmark,2024-02-02,0.0196290478224313
bil_cash,60_40_SPY_TLT,benchmark,2024-02-09,-0.0009293210596214
bil_cash,60_40_SPY_TLT,benchmark,2024-02-16,-0.0066687378226404
bil_cash,60_40_SPY_TLT,benchmark,2024-02-23,0.0148042183619415
bil_cash,60_40_SPY_TLT,benchmark,2024-03-01,0.0097288714215246
bil_cash,60_40_SPY_TLT,benchmark,2024-03-08,0.0040130870534164
bil_cash,60_40_SPY_TLT,benchmark,2024-03-15,-0.012016570355236
bil_cash,60_40_SPY_TLT,benchmark,2024-03-22,0.0178686887718121
bil_cash,60_40_SPY_TLT,benchmark,2024-03-29,0.0048651250095236
bil_cash,60_40_SPY_TLT,benchmark,2024-04-05,-0.0176987913040778
bil_cash,60_40_SPY_TLT,benchmark,2024-04-12,-0.0135872106315075
bil_cash,60_40_SPY_TLT,benchmark,2024-04-19,-0.0234784159884062
bil_cash,60_40_SPY_TLT,benchmark,2024-04-26,0.0117905697353561
bil_cash,60_40_SPY_TLT,benchmark,2024-05-03,0.012256552323512
bil_cash,60_40_SPY_TLT,benchmark,2024-05-10,0.0124537351869681
bil_cash,60_40_SPY_TLT,benchmark,2024-05-17,0.0155556203635015
bil_cash,60_40_SPY_TLT,benchmark,2024-05-24,-5.519067125526735e-05
bil_cash,60_40_SPY_TLT,benchmark,2024-05-31,-0.0064169225389387
bil_cash,60_40_SPY_TLT,benchmark,2024-06-07,0.0135806524629968
bil_cash,60_40_SPY_TLT,benchmark,2024-06-14,0.0237115717989554
bil_cash,60_40_SPY_TLT,benchmark,2024-06-21,0.0008544417098124
bil_cash,60_40_SPY_TLT,benchmark,2024-06-28,-0.0096001851892377
bil_cash,60_40_SPY_TLT,benchmark,2024-07-05,0.016170597492184
bil_cash,60_40_SPY_TLT,benchmark,2024-07-12,0.0117512401801378
bil_cash,60_40_SPY_TLT,benchmark,2024-07-19,-0.016129249963409
bil_cash,60_40_SPY_TLT,benchmark,2024-07-26,-0.0046713760419889
bil_cash,60_40_SPY_TLT,benchmark,2024-08-02,0.0114466505366552
bil_cash,60_40_SPY_TLT,benchmark,2024-08-09,-0.0081198199356152
bil_cash,60_40_SPY_TLT,benchmark,2024-08-16,0.0289037205138652
bil_cash,60_40_SPY_TLT,benchmark,2024-08-23,0.0123643233194634
bil_cash,60_40_SPY_TLT,benchmark,2024-08-30,-0.0060699667760956
bil_cash,60_40_SPY_TLT,benchmark,2024-09-06,-0.0107526977171335
bil_cash,60_40_SPY_TLT,benchmark,2024-09-13,0.0274546431097257
bil_cash,60_40_SPY_TLT,benchmark,2024-09-20,0.0024275173531374
bil_cash,60_40_SPY_TLT,benchmark,2024-09-27,0.0021459338128948
bil_cash,60_40_SPY_TLT,benchmark,2024-10-04,-0.0094168323037442
bil_cash,60_40_SPY_TLT,benchmark,2024-10-11,-0.000833448442182
bil_cash,60_40_SPY_TLT,benchmark,2024-10-18,0.0059123265356526
bil_cash,60_40_SPY_TLT,benchmark,2024-10-25,-0.0130683225303474
bil_cash,60_40_SPY_TLT,benchmark,2024-11-01,-0.0126021100451992
bil_cash,60_40_SPY_TLT,benchmark,2024-11-08,0.0357925177836783
bil_cash,60_40_SPY_TLT,benchmark,2024-11-15,-0.0229004190041266
bil_cash,60_40_SPY_TLT,benchmark,2024-11-22,0.0113740890478623
bil_cash,60_40_SPY_TLT,benchmark,2024-11-29,0.0229354455241674
bil_cash,60_40_SPY_TLT,benchmark,2024-12-06,0.0084200191097189
bil_cash,60_40_SPY_TLT,benchmark,2024-12-13,-0.0215218065320003
bil_cash,60_40_SPY_TLT,benchmark,2024-12-20,-0.0176341013090276
bil_cash,60_40_SPY_TLT,benchmark,2024-12-27,-0.0015629035611592
bil_cash,60_40_SPY_TLT,benchmark,2025-01-03,-0.0022130165344075
bil_cash,60_40_SPY_TLT,benchmark,2025-01-10,-0.0200017349648076
bil_cash,60_40_SPY_TLT,benchmark,2025-01-17,0.0257617488363267
bil_cash,60_40_SPY_TLT,benchmark,2025-01-24,0.0105695744612093
bil_cash,60_40_SPY_TLT,benchmark,2025-01-31,-0.0035927797617794
bil_cash,60_40_SPY_TLT,benchmark,2025-02-07,0.0072872413643671
bil_cash,60_40_SPY_TLT,benchmark,2025-02-14,0.0083809513319786
bil_cash,60_40_SPY_TLT,benchmark,2025-02-21,-0.0075408159383017
bil_cash,60_40_SPY_TLT,benchmark,2025-02-28,0.0068272604391611
bil_cash,60_40_SPY_TLT,benchmark,2025-03-07,-0.027251500638632
bil_cash,60_40_SPY_TLT,benchmark,2025-03-14,-0.0133918798991221
bil_cash,60_40_SPY_TLT,benchmark,2025-03-21,0.005407093991738
bil_cash,60_40_SPY_TLT,benchmark,2025-03-28,-0.0113209508672193
bil_cash,60_40_SPY_TLT,benchmark,2025-04-04,-0.0408936005882908
bil_cash,60_40_SPY_TLT,benchmark,2025-04-11,0.0083567920157106
bil_cash,60_40_SPY_TLT,benchmark,2025-04-18,-0.0055153246513892
bil_cash,60_40_SPY_TLT,benchmark,2025-04-25,0.0338321786500094
bil_cash,60_40_SPY_TLT,benchmark,2025-05-02,0.0137976976640771
bil_cash,60_40_SPY_TLT,benchmark,2025-05-09,-0.0056622926880218
bil_cash,60_40_SPY_TLT,benchmark,2025-05-16,0.0283004274403793
bil_cash,60_40_SPY_TLT,benchmark,2025-05-23,-0.0233485286634276
bil_cash,60_40_SPY_TLT,benchmark,2025-05-30,0.0188353748323323
bil_cash,60_40_SPY_TLT,benchmark,2025-06-06,0.0070869917821869
bil_cash,60_40_SPY_TLT,benchmark,2025-06-13,0.0024497977628221
bil_cash,60_40_SPY_TLT,benchmark,2025-06-20,-0.0002266880995159
bil_cash,60_40_SPY_TLT,benchmark,2025-06-27,0.0249908506475214
bil_cash,60_40_SPY_TLT,benchmark,2025-07-04,0.0097398553668142
bil_cash,60_40_SPY_TLT,benchmark,2025-07-11,-0.0070774816946972
bil_cash,60_40_SPY_TLT,benchmark,2025-07-18,0.0012454912062008
bil_cash,60_40_SPY_TLT,benchmark,2025-07-25,0.0146858926746601
bil_cash,60_40_SPY_TLT,benchmark,2025-08-01,-0.0064977577934956
bil_cash,60_40_SPY_TLT,benchmark,2025-08-08,0.012505981255369
bil_cash,60_40_SPY_TLT,benchmark,2025-08-15,0.0018163497773793
bil_cash,60_40_SPY_TLT,benchmark,2025-08-22,0.0047529271699072
bil_cash,60_40_SPY_TLT,benchmark,2025-08-29,-0.0023095191198113
bil_cash,60_40_SPY_TLT,benchmark,2025-09-05,0.0126454036855516
bil_cash,60_40_SPY_TLT,benchmark,2025-09-12,0.0157058704260543
bil_cash,60_40_SPY_TLT,benchmark,2025-09-19,0.0032844493431863
bil_cash,60_40_SPY_TLT,benchmark,2025-09-26,-0.0022386316689795
bil_cash,60_40_SPY_TLT,benchmark,2025-10-03,0.01025925437014
bil_cash,60_40_SPY_TLT,benchmark,2025-10-10,-0.008966319326928
bil_cash,60_40_SPY_TLT,benchmark,2025-10-17,0.0130070108351923
bil_cash,60_40_SPY_TLT,benchmark,2025-10-24,0.0127978637494914
bil_cash,60_40_SPY_TLT,benchmark,2025-10-31,-0.0008988836455468
bil_cash,60_40_SPY_TLT,benchmark,2025-11-07,-0.0115119422805962
bil_cash,60_40_SPY_TLT,benchmark,2025-11-14,-0.0022675630229977
bil_cash,60_40_SPY_TLT,benchmark,2025-11-21,-0.0086834427857887
bil_cash,60_40_SPY_TLT,benchmark,2025-11-28,0.0253512053178276
bil_cash,60_40_SPY_TLT,benchmark,2025-12-05,-0.0056301422956878
bil_cash,60_40_SPY_TLT,benchmark,2025-12-12,-0.0072042780457348
bil_cash,60_40_SPY_TLT,benchmark,2025-12-19,0.0032624815065447
bil_cash,60_40_SPY_TLT,benchmark,2025-12-26,0.0094370912760883
bil_cash,60_40_SPY_TLT,benchmark,2026-01-02,-0.0094427809475939
bil_cash,60_40_SPY_TLT,benchmark,2026-01-09,0.0137095088362562
bil_cash,60_40_SPY_TLT,benchmark,2026-01-16,-0.0026747103135116
bil_cash,60_40_SPY_TLT,benchmark,2026-01-23,-0.0015157718508352
bil_cash,60_40_SPY_TLT,benchmark,2026-01-30,-0.0012540095205664
bil_cash,60_40_SPY_TLT,benchmark,2026-02-06,0.0022488621360396
bil_cash,60_40_SPY_TLT,benchmark,2026-02-13,0.0022551366673304
bil_cash,60_40_SPY_TLT,benchmark,2026-02-20,0.0053770174382828
bil_cash,60_40_SPY_TLT,benchmark,2026-02-27,0.0033141843433345
bil_cash,60_40_SPY_TLT,benchmark,2026-03-06,-0.0210026102405466
bil_cash,60_40_SPY_TLT,benchmark,2026-03-13,-0.017685706902297
bil_cash,60_40_SPY_TLT,benchmark,2026-03-20,-0.0141066552928163
bil_cash,60_40_SPY_TLT,benchmark,2026-03-27,-0.014281059690716
bil_cash,60_40_SPY_TLT,benchmark,2026-04-03,0.027562215427962
bil_cash,60_40_SPY_TLT,benchmark,2026-04-10,0.0202357435999899
bil_cash,60_40_SPY_TLT,benchmark,2026-04-17,0.0297745104485687
bil_cash,60_40_SPY_TLT,benchmark,2026-04-24,0.0015567870627508
bil_cash,60_40_SPY_TLT,benchmark,2026-05-01,0.0020230714329311
bil_cash,60_40_SPY_TLT,benchmark,2026-05-08,0.0163248743828394
bil_cash,60_40_SPY_TLT,benchmark,2026-05-15,0.0031913037969432
bil_cash,BuyHold_BTC-USD,benchmark,2022-01-07,-0.1025460481085162
bil_cash,BuyHold_BTC-USD,benchmark,2022-01-14,0.0370999686713464
bil_cash,BuyHold_BTC-USD,benchmark,2022-01-21,-0.1541166860303821
bil_cash,BuyHold_BTC-USD,benchmark,2022-01-28,0.0363991581336609
bil_cash,BuyHold_BTC-USD,benchmark,2022-02-04,0.0983620132724905
bil_cash,BuyHold_BTC-USD,benchmark,2022-02-11,0.0218564668817222
bil_cash,BuyHold_BTC-USD,benchmark,2022-02-18,-0.0560499066359924
bil_cash,BuyHold_BTC-USD,benchmark,2022-02-25,-0.0204031448302242
bil_cash,BuyHold_BTC-USD,benchmark,2022-03-04,-0.0019537117834331
bil_cash,BuyHold_BTC-USD,benchmark,2022-03-11,-0.0087545675928891
bil_cash,BuyHold_BTC-USD,benchmark,2022-03-18,0.077488998906813
bil_cash,BuyHold_BTC-USD,benchmark,2022-03-25,0.0609450658138195
bil_cash,BuyHold_BTC-USD,benchmark,2022-04-01,0.0435844282817072
bil_cash,BuyHold_BTC-USD,benchmark,2022-04-08,-0.0862972893293195
bil_cash,BuyHold_BTC-USD,benchmark,2022-04-15,-0.0410095770763525
bil_cash,BuyHold_BTC-USD,benchmark,2022-04-22,-0.0200511728007211
bil_cash,BuyHold_BTC-USD,benchmark,2022-04-29,-0.0284470805685582
bil_cash,BuyHold_BTC-USD,benchmark,2022-05-06,-0.0665349401539743
bil_cash,BuyHold_BTC-USD,benchmark,2022-05-13,-0.1875040372944123
bil_cash,BuyHold_BTC-USD,benchmark,2022-05-20,-0.002812655468914
bil_cash,BuyHold_BTC-USD,benchmark,2022-05-27,-0.0196284755463244
bil_cash,BuyHold_BTC-USD,benchmark,2022-06-03,0.0376146577429785
bil_cash,BuyHold_BTC-USD,benchmark,2022-06-10,-0.0208920608853594
bil_cash,BuyHold_BTC-USD,benchmark,2022-06-17,-0.2961208947097115
bil_cash,BuyHold_BTC-USD,benchmark,2022-06-24,0.0371333063458418
bil_cash,BuyHold_BTC-USD,benchmark,2022-07-01,-0.0924227973265157
bil_cash,BuyHold_BTC-USD,benchmark,2022-07-08,0.1277545845717722
bil_cash,BuyHold_BTC-USD,benchmark,2022-07-15,-0.0411754745409358
bil_cash,BuyHold_BTC-USD,benchmark,2022-07-22,0.0901622579254233
bil_cash,BuyHold_BTC-USD,benchmark,2022-07-29,0.0479707386086876
bil_cash,BuyHold_BTC-USD,benchmark,2022-08-05,-0.0216478180291191
bil_cash,BuyHold_BTC-USD,benchmark,2022-08-12,0.0478117940522113
bil_cash,BuyHold_BTC-USD,benchmark,2022-08-19,-0.1444614131484396
bil_cash,BuyHold_BTC-USD,benchmark,2022-08-26,-0.0295788117976216
bil_cash,BuyHold_BTC-USD,benchmark,2022-09-02,-0.0143261484238604
bil_cash,BuyHold_BTC-USD,benchmark,2022-09-09,0.0706758642921532
bil_cash,BuyHold_BTC-USD,benchmark,2022-09-16,-0.0752330058508379
bil_cash,BuyHold_BTC-USD,benchmark,2022-09-23,-0.0240203967713739
bil_cash,BuyHold_BTC-USD,benchmark,2022-09-30,0.0069516479661584
bil_cash,BuyHold_BTC-USD,benchmark,2022-10-07,0.0059212533907671
bil_cash,BuyHold_BTC-USD,benchmark,2022-10-14,-0.0184783413487646
bil_cash,BuyHold_BTC-USD,benchmark,2022-10-21,-0.0006873624664259
bil_cash,BuyHold_BTC-USD,benchmark,2022-10-28,0.0742148979901193
bil_cash,BuyHold_BTC-USD,benchmark,2022-11-04,0.0267962848109308
bil_cash,BuyHold_BTC-USD,benchmark,2022-11-11,-0.1944905980042082
bil_cash,BuyHold_BTC-USD,benchmark,2022-11-18,-0.019755185942695
bil_cash,BuyHold_BTC-USD,benchmark,2022-11-25,-0.0105364650188519
bil_cash,BuyHold_BTC-USD,benchmark,2022-12-02,0.0343072138290423
bil_cash,BuyHold_BTC-USD,benchmark,2022-12-09,0.0026036088899414
bil_cash,BuyHold_BTC-USD,benchmark,2022-12-16,-0.0283466789418449
bil_cash,BuyHold_BTC-USD,benchmark,2022-12-23,0.0089784586447463
bil_cash,BuyHold_BTC-USD,benchmark,2022-12-30,-0.0115715740857019
bil_cash,BuyHold_BTC-USD,benchmark,2023-01-06,0.0210438791773306
bil_cash,BuyHold_BTC-USD,benchmark,2023-01-13,0.1744697334196066
bil_cash,BuyHold_BTC-USD,benchmark,2023-01-20,0.1389772822474111
bil_cash,BuyHold_BTC-USD,benchmark,2023-01-27,0.017735313914815
bil_cash,BuyHold_BTC-USD,benchmark,2023-02-03,0.0160578062066589
bil_cash,BuyHold_BTC-USD,benchmark,2023-02-10,-0.0766819037030738
bil_cash,BuyHold_BTC-USD,benchmark,2023-02-17,0.1346077897372455
bil_cash,BuyHold_BTC-USD,benchmark,2023-02-24,-0.0556662374375754
bil_cash,BuyHold_BTC-USD,benchmark,2023-03-03,-0.0360135655483365
bil_cash,BuyHold_BTC-USD,benchmark,2023-03-10,-0.097279734686313
bil_cash,BuyHold_BTC-USD,benchmark,2023-03-17,0.3584781308664031
bil_cash,BuyHold_BTC-USD,benchmark,2023-03-24,0.0025290127833725
bil_cash,BuyHold_BTC-USD,benchmark,2023-03-31,0.035834175987006
bil_cash,BuyHold_BTC-USD,benchmark,2023-04-07,-0.0194050003758319
bil_cash,BuyHold_BTC-USD,benchmark,2023-04-14,0.0916655709453884
bil_cash,BuyHold_BTC-USD,benchmark,2023-04-21,-0.1052555507904
bil_cash,BuyHold_BTC-USD,benchmark,2023-04-28,0.0756446221614004
bil_cash,BuyHold_BTC-USD,benchmark,2023-05-05,0.0066162684142296
bil_cash,BuyHold_BTC-USD,benchmark,2023-05-12,-0.092414131965489
bil_cash,BuyHold_BTC-USD,benchmark,2023-05-19,0.0031762246928863
bil_cash,BuyHold_BTC-USD,benchmark,2023-05-26,-0.0063531822856115
bil_cash,BuyHold_BTC-USD,benchmark,2023-06-02,0.019847039646931
bil_cash,BuyHold_BTC-USD,benchmark,2023-06-09,-0.0282284925446841
bil_cash,BuyHold_BTC-USD,benchmark,2023-06-16,-0.0057745447099974
bil_cash,BuyHold_BTC-USD,benchmark,2023-06-23,0.1659106263874143
bil_cash,BuyHold_BTC-USD,benchmark,2023-06-30,-0.0071090882713755
bil_cash,BuyHold_BTC-USD,benchmark,2023-07-07,-0.0044290846278599
bil_cash,BuyHold_BTC-USD,benchmark,2023-07-14,-0.0002701599717802
bil_cash,BuyHold_BTC-USD,benchmark,2023-07-21,-0.0140213377813711
bil_cash,BuyHold_BTC-USD,benchmark,2023-07-28,-0.019709889659803
bil_cash,BuyHold_BTC-USD,benchmark,2023-08-04,-0.0083615484549331
bil_cash,BuyHold_BTC-USD,benchmark,2023-08-11,0.0111309769927114
bil_cash,BuyHold_BTC-USD,benchmark,2023-08-18,-0.1138917844778273
bil_cash,BuyHold_BTC-USD,benchmark,2023-08-25,-7.25030333934562e-05
bil_cash,BuyHold_BTC-USD,benchmark,2023-09-01,-0.0094804402325484
bil_cash,BuyHold_BTC-USD,benchmark,2023-09-08,0.0040669279289107
bil_cash,BuyHold_BTC-USD,benchmark,2023-09-15,0.0271384406833843
bil_cash,BuyHold_BTC-USD,benchmark,2023-09-22,-0.0010945670877798
bil_cash,BuyHold_BTC-USD,benchmark,2023-09-29,0.0124965288848584
bil_cash,BuyHold_BTC-USD,benchmark,2023-10-06,0.0384545070358444
bil_cash,BuyHold_BTC-USD,benchmark,2023-10-13,-0.03879623092536
bil_cash,BuyHold_BTC-USD,benchmark,2023-10-20,0.1050009248530705
bil_cash,BuyHold_BTC-USD,benchmark,2023-10-27,0.1423999863136915
bil_cash,BuyHold_BTC-USD,benchmark,2023-11-03,0.024256215564522
bil_cash,BuyHold_BTC-USD,benchmark,2023-11-10,0.0743297371920856
bil_cash,BuyHold_BTC-USD,benchmark,2023-11-17,-0.0192229660976493
bil_cash,BuyHold_BTC-USD,benchmark,2023-11-24,0.0307021715061057
bil_cash,BuyHold_BTC-USD,benchmark,2023-12-01,0.0256750140218002
bil_cash,BuyHold_BTC-USD,benchmark,2023-12-08,0.1415877112209622
bil_cash,BuyHold_BTC-USD,benchmark,2023-12-15,-0.050645593522396
bil_cash,BuyHold_BTC-USD,benchmark,2023-12-22,0.0493240275915318
bil_cash,BuyHold_BTC-USD,benchmark,2023-12-29,-0.0431497843957937
bil_cash,BuyHold_BTC-USD,benchmark,2024-01-05,0.0490099371400294
bil_cash,BuyHold_BTC-USD,benchmark,2024-01-12,-0.0296522561420401
bil_cash,BuyHold_BTC-USD,benchmark,2024-01-19,-0.0288137791738157
bil_cash,BuyHold_BTC-USD,benchmark,2024-01-26,0.0047686795731156
bil_cash,BuyHold_BTC-USD,benchmark,2024-02-02,0.0327377024020003
bil_cash,BuyHold_BTC-USD,benchmark,2024-02-09,0.0917277067327086
bil_cash,BuyHold_BTC-USD,benchmark,2024-02-16,0.1063266533180697
bil_cash,BuyHold_BTC-USD,benchmark,2024-02-23,-0.0273820618149672
bil_cash,BuyHold_BTC-USD,benchmark,2024-03-01,0.2307950665026408
bil_cash,BuyHold_BTC-USD,benchmark,2024-03-08,0.0938405117561043
bil_cash,BuyHold_BTC-USD,benchmark,2024-03-15,0.016159270462202
bil_cash,BuyHold_BTC-USD,benchmark,2024-03-22,-0.0810476353107151
bil_cash,BuyHold_BTC-USD,benchmark,2024-03-29,0.0958636737604228
bil_cash,BuyHold_BTC-USD,benchmark,2024-04-05,-0.0294048410278147
bil_cash,BuyHold_BTC-USD,benchmark,2024-04-12,-0.0094604327566116
bil_cash,BuyHold_BTC-USD,benchmark,2024-04-19,-0.0498884383119264
bil_cash,BuyHold_BTC-USD,benchmark,2024-04-26,-0.0013822848497982
bil_cash,BuyHold_BTC-USD,benchmark,2024-05-03,-0.0135750925688676
bil_cash,BuyHold_BTC-USD,benchmark,2024-05-10,-0.0333449525267335
bil_cash,BuyHold_BTC-USD,benchmark,2024-05-17,0.1029579158862608
bil_cash,BuyHold_BTC-USD,benchmark,2024-05-24,0.0219863585097359
bil_cash,BuyHold_BTC-USD,benchmark,2024-05-31,-0.0150991735471235
bil_cash,BuyHold_BTC-USD,benchmark,2024-06-07,0.0274282573674591
bil_cash,BuyHold_BTC-USD,benchmark,2024-06-14,-0.0480439565738541
bil_cash,BuyHold_BTC-USD,benchmark,2024-06-21,-0.0290086775186936
bil_cash,BuyHold_BTC-USD,benchmark,2024-06-28,-0.0589124245435038
bil_cash,BuyHold_BTC-USD,benchmark,2024-07-05,-0.0606391483461776
bil_cash,BuyHold_BTC-USD,benchmark,2024-07-12,0.0218326507448725
bil_cash,BuyHold_BTC-USD,benchmark,2024-07-19,0.1521722425246401
bil_cash,BuyHold_BTC-USD,benchmark,2024-07-26,0.0180168405766549
bil_cash,BuyHold_BTC-USD,benchmark,2024-08-02,-0.0956677776315511
bil_cash,BuyHold_BTC-USD,benchmark,2024-08-09,-0.0087104542305853
bil_cash,BuyHold_BTC-USD,benchmark,2024-08-16,-0.0326216182175149
bil_cash,BuyHold_BTC-USD,benchmark,2024-08-23,0.0882983103081398
bil_cash,BuyHold_BTC-USD,benchmark,2024-08-30,-0.0776180502926745
bil_cash,BuyHold_BTC-USD,benchmark,2024-09-06,-0.0874622536751252
bil_cash,BuyHold_BTC-USD,benchmark,2024-09-13,0.1227562528415096
bil_cash,BuyHold_BTC-USD,benchmark,2024-09-20,0.0432824744959339
bil_cash,BuyHold_BTC-USD,benchmark,2024-09-27,0.0411072185756402
bil_cash,BuyHold_BTC-USD,benchmark,2024-10-04,-0.0565914260488848
bil_cash,BuyHold_BTC-USD,benchmark,2024-10-11,0.0060839154765661
bil_cash,BuyHold_BTC-USD,benchmark,2024-10-18,0.0956632336296958
bil_cash,BuyHold_BTC-USD,benchmark,2024-10-25,-0.025963262787029
bil_cash,BuyHold_BTC-USD,benchmark,2024-11-01,0.0426163236649332
bil_cash,BuyHold_BTC-USD,benchmark,2024-11-08,0.1016516531373246
bil_cash,BuyHold_BTC-USD,benchmark,2024-11-15,0.1896980971585415
bil_cash,BuyHold_BTC-USD,benchmark,2024-11-22,0.0870978803235873
bil_cash,BuyHold_BTC-USD,benchmark,2024-11-29,-0.0155169380969453
bil_cash,BuyHold_BTC-USD,benchmark,2024-12-06,0.0252323933924245
bil_cash,BuyHold_BTC-USD,benchmark,2024-12-13,0.0153976774240762
bil_cash,BuyHold_BTC-USD,benchmark,2024-12-20,-0.0365006427687838
bil_cash,BuyHold_BTC-USD,benchmark,2024-12-27,-0.0367350637856926
bil_cash,BuyHold_BTC-USD,benchmark,2025-01-03,0.0418688068847339
bil_cash,BuyHold_BTC-USD,benchmark,2025-01-10,-0.0347168055808719
bil_cash,BuyHold_BTC-USD,benchmark,2025-01-17,0.1030669077972503
bil_cash,BuyHold_BTC-USD,benchmark,2025-01-24,0.0034217723079876
bil_cash,BuyHold_BTC-USD,benchmark,2025-01-31,-0.0230344668445617
bil_cash,BuyHold_BTC-USD,benchmark,2025-02-07,-0.057379387287443
bil_cash,BuyHold_BTC-USD,benchmark,2025-02-14,0.0101511663866209
bil_cash,BuyHold_BTC-USD,benchmark,2025-02-21,-0.0141876372269602
bil_cash,BuyHold_BTC-USD,benchmark,2025-02-28,-0.122262389599539
bil_cash,BuyHold_BTC-USD,benchmark,2025-03-07,0.028085570538934
bil_cash,BuyHold_BTC-USD,benchmark,2025-03-14,-0.0319746931071807
bil_cash,BuyHold_BTC-USD,benchmark,2025-03-21,0.0008829512716033
bil_cash,BuyHold_BTC-USD,benchmark,2025-03-28,0.0036874618581301
bil_cash,BuyHold_BTC-USD,benchmark,2025-04-04,-0.0060382304565358
bil_cash,BuyHold_BTC-USD,benchmark,2025-04-11,-0.0052355537971602
bil_cash,BuyHold_BTC-USD,benchmark,2025-04-18,0.0125408645463171
bil_cash,BuyHold_BTC-USD,benchmark,2025-04-25,0.1216056537353524
bil_cash,BuyHold_BTC-USD,benchmark,2025-05-02,0.0231161186068484
bil_cash,BuyHold_BTC-USD,benchmark,2025-05-09,0.0625402626420161
bil_cash,BuyHold_BTC-USD,benchmark,2025-05-16,0.0050347986069176
bil_cash,BuyHold_BTC-USD,benchmark,2025-05-23,0.036704357010376
bil_cash,BuyHold_BTC-USD,benchmark,2025-05-30,-0.0306579747026798
bil_cash,BuyHold_BTC-USD,benchmark,2025-06-06,0.0037671040700153
bil_cash,BuyHold_BTC-USD,benchmark,2025-06-13,0.0162910182964122
bil_cash,BuyHold_BTC-USD,benchmark,2025-06-20,-0.0262168139312046
bil_cash,BuyHold_BTC-USD,benchmark,2025-06-27,0.0365777049552735
bil_cash,BuyHold_BTC-USD,benchmark,2025-07-04,0.0088329453775752
bil_cash,BuyHold_BTC-USD,benchmark,2025-07-11,0.0877744669573006
bil_cash,BuyHold_BTC-USD,benchmark,2025-07-18,0.0041375665420726
bil_cash,BuyHold_BTC-USD,benchmark,2025-07-25,-0.003112997506093
bil_cash,BuyHold_BTC-USD,benchmark,2025-08-01,-0.0366877586312583
bil_cash,BuyHold_BTC-USD,benchmark,2025-08-08,0.0297267743589422
bil_cash,BuyHold_BTC-USD,benchmark,2025-08-15,0.0060813501090006
bil_cash,BuyHold_BTC-USD,benchmark,2025-08-22,-0.0044656983511467
bil_cash,BuyHold_BTC-USD,benchmark,2025-08-29,-0.0724134005593493
bil_cash,BuyHold_BTC-USD,benchmark,2025-09-05,0.0206635104150609
bil_cash,BuyHold_BTC-USD,benchmark,2025-09-12,0.049259333577438
bil_cash,BuyHold_BTC-USD,benchmark,2025-09-19,-0.0035548074080065
bil_cash,BuyHold_BTC-USD,benchmark,2025-09-26,-0.0516560650894566
bil_cash,BuyHold_BTC-USD,benchmark,2025-10-03,0.1144232934246949
bil_cash,BuyHold_BTC-USD,benchmark,2025-10-10,-0.0740363202419713
bil_cash,BuyHold_BTC-USD,benchmark,2025-10-17,-0.0595911834566601
bil_cash,BuyHold_BTC-USD,benchmark,2025-10-24,0.0428874578189986
bil_cash,BuyHold_BTC-USD,benchmark,2025-10-31,-0.0133090661623538
bil_cash,BuyHold_BTC-USD,benchmark,2025-11-07,-0.0564437233214214
bil_cash,BuyHold_BTC-USD,benchmark,2025-11-14,-0.0868183059006619
bil_cash,BuyHold_BTC-USD,benchmark,2025-11-21,-0.0985944867452123
bil_cash,BuyHold_BTC-USD,benchmark,2025-11-28,0.0684984255768295
bil_cash,BuyHold_BTC-USD,benchmark,2025-12-05,-0.0168447006470198
bil_cash,BuyHold_BTC-USD,benchmark,2025-12-12,0.0098744645978419
bil_cash,BuyHold_BTC-USD,benchmark,2025-12-19,-0.0240059965660468
bil_cash,BuyHold_BTC-USD,benchmark,2025-12-26,-0.0091024101390828
bil_cash,BuyHold_BTC-USD,benchmark,2026-01-02,0.0302774609128591
bil_cash,BuyHold_BTC-USD,benchmark,2026-01-09,0.0063195083159173
bil_cash,BuyHold_BTC-USD,benchmark,2026-01-16,0.0553733717934652
bil_cash,BuyHold_BTC-USD,benchmark,2026-01-23,-0.0630330782602579
bil_cash,BuyHold_BTC-USD,benchmark,2026-01-30,-0.0600557098784829
bil_cash,BuyHold_BTC-USD,benchmark,2026-02-06,-0.1613393845809821
bil_cash,BuyHold_BTC-USD,benchmark,2026-02-13,-0.0240597757302828
bil_cash,BuyHold_BTC-USD,benchmark,2026-02-20,-0.0123794447891057
bil_cash,BuyHold_BTC-USD,benchmark,2026-02-27,-0.0312272895520508
bil_cash,BuyHold_BTC-USD,benchmark,2026-03-06,0.0342233427053897
bil_cash,BuyHold_BTC-USD,benchmark,2026-03-13,0.0415603055952373
bil_cash,BuyHold_BTC-USD,benchmark,2026-03-20,-0.006279985618572
bil_cash,BuyHold_BTC-USD,benchmark,2026-03-27,-0.059331501842661
bil_cash,BuyHold_BTC-USD,benchmark,2026-04-03,0.0089348972220075
bil_cash,BuyHold_BTC-USD,benchmark,2026-04-10,0.0903607616087485
bil_cash,BuyHold_BTC-USD,benchmark,2026-04-17,0.0568358769073058
bil_cash,BuyHold_BTC-USD,benchmark,2026-04-24,0.0042584053872272
bil_cash,BuyHold_BTC-USD,benchmark,2026-05-01,0.0093432906877755
bil_cash,BuyHold_BTC-USD,benchmark,2026-05-08,0.0256816488443187
bil_cash,BuyHold_BTC-USD,benchmark,2026-05-15,0.0107808859512157
bil_cash,BuyHold_GLD,benchmark,2022-01-07,-0.0187763604808446
bil_cash,BuyHold_GLD,benchmark,2022-01-14,0.011445592661373
bil_cash,BuyHold_GLD,benchmark,2022-01-21,0.0083691765442903
bil_cash,BuyHold_GLD,benchmark,2022-01-28,-0.0233210025120057
bil_cash,BuyHold_GLD,benchmark,2022-02-04,0.010532581942251
bil_cash,BuyHold_GLD,benchmark,2022-02-11,0.0293142066229432
bil_cash,BuyHold_GLD,benchmark,2022-02-18,0.0190437696627774
bil_cash,BuyHold_GLD,benchmark,2022-02-25,-0.0032181124725786
bil_cash,BuyHold_GLD,benchmark,2022-03-04,0.0403851005424973
bil_cash,BuyHold_GLD,benchmark,2022-03-11,0.0076764139717613
bil_cash,BuyHold_GLD,benchmark,2022-03-18,-0.0312820433340055
bil_cash,BuyHold_GLD,benchmark,2022-03-25,0.0171779240302945
bil_cash,BuyHold_GLD,benchmark,2022-04-01,-0.0157912315259726
bil_cash,BuyHold_GLD,benchmark,2022-04-08,0.0109749371626914
bil_cash,BuyHold_GLD,benchmark,2022-04-15,0.0141620766415495
bil_cash,BuyHold_GLD,benchmark,2022-04-22,-0.0203760059595837
bil_cash,BuyHold_GLD,benchmark,2022-04-29,-0.0187475165005922
bil_cash,BuyHold_GLD,benchmark,2022-05-06,-0.0084223925290845
bil_cash,BuyHold_GLD,benchmark,2022-05-13,-0.0377950345001555
bil_cash,BuyHold_GLD,benchmark,2022-05-20,0.0191954832753125
bil_cash,BuyHold_GLD,benchmark,2022-05-27,0.004766653083982
bil_cash,BuyHold_GLD,benchmark,2022-06-03,-0.0015620726810923
bil_cash,BuyHold_GLD,benchmark,2022-06-10,0.0113570021687496
bil_cash,BuyHold_GLD,benchmark,2022-06-17,-0.0187348982437005
bil_cash,BuyHold_GLD,benchmark,2022-06-24,-0.0068897524676482
bil_cash,BuyHold_GLD,benchmark,2022-07-01,-0.0104061911445734
bil_cash,BuyHold_GLD,benchmark,2022-07-08,-0.0357652329521658
bil_cash,BuyHold_GLD,benchmark,2022-07-15,-0.0202711551636427
bil_cash,BuyHold_GLD,benchmark,2022-07-22,0.0104396183853587
bil_cash,BuyHold_GLD,benchmark,2022-07-29,0.0213481544386628
bil_cash,BuyHold_GLD,benchmark,2022-08-05,0.0072515974305724
bil_cash,BuyHold_GLD,benchmark,2022-08-12,0.0156089414716622
bil_cash,BuyHold_GLD,benchmark,2022-08-19,-0.0306784657549388
bil_cash,BuyHold_GLD,benchmark,2022-08-26,-0.0058997462307359
bil_cash,BuyHold_GLD,benchmark,2022-09-02,-0.0154549955792335
bil_cash,BuyHold_GLD,benchmark,2022-09-09,0.0035163433172087
bil_cash,BuyHold_GLD,benchmark,2022-09-16,-0.0249030834935083
bil_cash,BuyHold_GLD,benchmark,2022-09-23,-0.0181596631003424
bil_cash,BuyHold_GLD,benchmark,2022-09-30,0.0108489884432694
bil_cash,BuyHold_GLD,benchmark,2022-10-07,0.0207539067166788
bil_cash,BuyHold_GLD,benchmark,2022-10-14,-0.0310362870770779
bil_cash,BuyHold_GLD,benchmark,2022-10-21,0.0076480468141018
bil_cash,BuyHold_GLD,benchmark,2022-10-28,-0.0064222528288895
bil_cash,BuyHold_GLD,benchmark,2022-11-04,0.0216113703280917
bil_cash,BuyHold_GLD,benchmark,2022-11-11,0.0517031780838268
bil_cash,BuyHold_GLD,benchmark,2022-11-18,-0.0107559813971843
bil_cash,BuyHold_GLD,benchmark,2022-11-25,0.0026414887419676
bil_cash,BuyHold_GLD,benchmark,2022-12-02,0.0247518273245814
bil_cash,BuyHold_GLD,benchmark,2022-12-09,-0.0011957249480479
bil_cash,BuyHold_GLD,benchmark,2022-12-16,-0.0016162113995377
bil_cash,BuyHold_GLD,benchmark,2022-12-23,0.0028179221753239
bil_cash,BuyHold_GLD,benchmark,2022-12-30,0.0142293731972784
bil_cash,BuyHold_GLD,benchmark,2023-01-06,0.0239920262842627
bil_cash,BuyHold_GLD,benchmark,2023-01-13,0.0290713695111821
bil_cash,BuyHold_GLD,benchmark,2023-01-20,0.0029648623606139
bil_cash,BuyHold_GLD,benchmark,2023-01-27,-0.0003903846731589
bil_cash,BuyHold_GLD,benchmark,2023-02-03,-0.0321392393014365
bil_cash,BuyHold_GLD,benchmark,2023-02-10,-0.0005765369517169
bil_cash,BuyHold_GLD,benchmark,2023-02-17,-0.0121135561612949
bil_cash,BuyHold_GLD,benchmark,2023-02-24,-0.0169916413444948
bil_cash,BuyHold_GLD,benchmark,2023-03-03,0.0245916200745655
bil_cash,BuyHold_GLD,benchmark,2023-03-10,0.0080004033861436
bil_cash,BuyHold_GLD,benchmark,2023-03-17,0.0569391466802589
bil_cash,BuyHold_GLD,benchmark,2023-03-24,-0.0006530465973033
bil_cash,BuyHold_GLD,benchmark,2023-03-31,-0.0023413704877311
bil_cash,BuyHold_GLD,benchmark,2023-04-07,0.0178474197722657
bil_cash,BuyHold_GLD,benchmark,2023-04-14,-0.0006971144778976
bil_cash,BuyHold_GLD,benchmark,2023-04-21,-0.0113221753779837
bil_cash,BuyHold_GLD,benchmark,2023-04-28,0.0029850911900017
bil_cash,BuyHold_GLD,benchmark,2023-05-05,0.014393958972849
bil_cash,BuyHold_GLD,benchmark,2023-05-12,-0.0034674550943849
bil_cash,BuyHold_GLD,benchmark,2023-05-19,-0.0169691034225886
bil_cash,BuyHold_GLD,benchmark,2023-05-26,-0.0148115945858385
bil_cash,BuyHold_GLD,benchmark,2023-06-02,0.0007185766312638
bil_cash,BuyHold_GLD,benchmark,2023-06-09,0.0054680487030536
bil_cash,BuyHold_GLD,benchmark,2023-06-16,-0.0022521886312965
bil_cash,BuyHold_GLD,benchmark,2023-06-23,-0.0188845886822683
bil_cash,BuyHold_GLD,benchmark,2023-06-30,0.0003928581673269
bil_cash,BuyHold_GLD,benchmark,2023-07-07,0.0020754760100976
bil_cash,BuyHold_GLD,benchmark,2023-07-14,0.0156179651571051
bil_cash,BuyHold_GLD,benchmark,2023-07-21,0.0041338258847878
bil_cash,BuyHold_GLD,benchmark,2023-07-28,-0.0017564610730836
bil_cash,BuyHold_GLD,benchmark,2023-08-04,-0.0091828778364705
bil_cash,BuyHold_GLD,benchmark,2023-08-11,-0.014373696114094
bil_cash,BuyHold_GLD,benchmark,2023-08-18,-0.0127815551489218
bil_cash,BuyHold_GLD,benchmark,2023-08-25,0.0130610463823495
bil_cash,BuyHold_GLD,benchmark,2023-09-01,0.0140187229006578
bil_cash,BuyHold_GLD,benchmark,2023-09-08,-0.0112708831959229
bil_cash,BuyHold_GLD,benchmark,2023-09-15,0.0014599871078313
bil_cash,BuyHold_GLD,benchmark,2023-09-22,0.0015700279524868
bil_cash,BuyHold_GLD,benchmark,2023-09-29,-0.0401410724719888
bil_cash,BuyHold_GLD,benchmark,2023-10-06,-0.0102070576328344
bil_cash,BuyHold_GLD,benchmark,2023-10-13,0.0538008547259851
bil_cash,BuyHold_GLD,benchmark,2023-10-20,0.0266174269311523
bil_cash,BuyHold_GLD,benchmark,2023-10-27,0.013944101583194
bil_cash,BuyHold_GLD,benchmark,2023-11-03,-0.0073059395914234
bil_cash,BuyHold_GLD,benchmark,2023-11-10,-0.0285729691603008
bil_cash,BuyHold_GLD,benchmark,2023-11-17,0.023174217533336
bil_cash,BuyHold_GLD,benchmark,2023-11-24,0.0100724458101966
bil_cash,BuyHold_GLD,benchmark,2023-12-01,0.0349826977410132
bil_cash,BuyHold_GLD,benchmark,2023-12-08,-0.0331753309693507
bil_cash,BuyHold_GLD,benchmark,2023-12-15,0.0073260106379176
bil_cash,BuyHold_GLD,benchmark,2023-12-22,0.0174866538634275
bil_cash,BuyHold_GLD,benchmark,2023-12-29,0.00473008817089
bil_cash,BuyHold_GLD,benchmark,2024-01-05,-0.0095202808121663
bil_cash,BuyHold_GLD,benchmark,2024-01-12,0.0019012442500516
bil_cash,BuyHold_GLD,benchmark,2024-01-19,-0.0093828157455641
bil_cash,BuyHold_GLD,benchmark,2024-01-26,-0.0048954302389214
bil_cash,BuyHold_GLD,benchmark,2024-02-02,0.0085557250976613
bil_cash,BuyHold_GLD,benchmark,2024-02-09,-0.0053549361304678
bil_cash,BuyHold_GLD,benchmark,2024-02-16,-0.0067164697474996
bil_cash,BuyHold_GLD,benchmark,2024-02-23,0.0122356918756323
bil_cash,BuyHold_GLD,benchmark,2024-03-01,0.0226381316032164
bil_cash,BuyHold_GLD,benchmark,2024-03-08,0.0453108275225238
bil_cash,BuyHold_GLD,benchmark,2024-03-15,-0.0095223831892541
bil_cash,BuyHold_GLD,benchmark,2024-03-22,0.0032046435738464
bil_cash,BuyHold_GLD,benchmark,2024-03-29,0.0268030693965288
bil_cash,BuyHold_GLD,benchmark,2024-04-05,0.0457903855388335
bil_cash,BuyHold_GLD,benchmark,2024-04-12,0.0081342381935705
bil_cash,BuyHold_GLD,benchmark,2024-04-19,0.0190880142067353
bil_cash,BuyHold_GLD,benchmark,2024-04-26,-0.0199520593877071
bil_cash,BuyHold_GLD,benchmark,2024-05-03,-0.0168958936654962
bil_cash,BuyHold_GLD,benchmark,2024-05-10,0.0270003748061751
bil_cash,BuyHold_GLD,benchmark,2024-05-17,0.0226326953330404
bil_cash,BuyHold_GLD,benchmark,2024-05-24,-0.0346061225361381
bil_cash,BuyHold_GLD,benchmark,2024-05-31,-0.0028714112747555
bil_cash,BuyHold_GLD,benchmark,2024-06-07,-0.0171853083873515
bil_cash,BuyHold_GLD,benchmark,2024-06-14,0.0195179088133061
bil_cash,BuyHold_GLD,benchmark,2024-06-21,-0.0044036386550622
bil_cash,BuyHold_GLD,benchmark,2024-06-28,0.0010708433226849
bil_cash,BuyHold_GLD,benchmark,2024-07-05,0.0275335952755306
bil_cash,BuyHold_GLD,benchmark,2024-07-12,0.0098674150492981
bil_cash,BuyHold_GLD,benchmark,2024-07-19,-0.0061853116356832
bil_cash,BuyHold_GLD,benchmark,2024-07-26,-0.0049609473951293
bil_cash,BuyHold_GLD,benchmark,2024-08-02,0.0213479189178273
bil_cash,BuyHold_GLD,benchmark,2024-08-09,-0.0034614306912799
bil_cash,BuyHold_GLD,benchmark,2024-08-16,0.0330869612368589
bil_cash,BuyHold_GLD,benchmark,2024-08-23,0.0001293106538495
bil_cash,BuyHold_GLD,benchmark,2024-08-30,-0.0031463277859045
bil_cash,BuyHold_GLD,benchmark,2024-09-06,-0.0028535104089169
bil_cash,BuyHold_GLD,benchmark,2024-09-13,0.0349043386486467
bil_cash,BuyHold_GLD,benchmark,2024-09-20,0.0147897358237354
bil_cash,BuyHold_GLD,benchmark,2024-09-27,0.0116014924268315
bil_cash,BuyHold_GLD,benchmark,2024-10-04,-8.164342548411252e-05
bil_cash,BuyHold_GLD,benchmark,2024-10-11,0.0019183723294005
bil_cash,BuyHold_GLD,benchmark,2024-10-18,0.0236281542466079
bil_cash,BuyHold_GLD,benchmark,2024-10-25,0.0081585665495309
bil_cash,BuyHold_GLD,benchmark,2024-11-01,-0.003355463757064
bil_cash,BuyHold_GLD,benchmark,2024-11-08,-0.0178634866916066
bil_cash,BuyHold_GLD,benchmark,2024-11-15,-0.0458542106312206
bil_cash,BuyHold_GLD,benchmark,2024-11-22,0.0560040585193499
bil_cash,BuyHold_GLD,benchmark,2024-11-29,-0.0170108872170018
bil_cash,BuyHold_GLD,benchmark,2024-12-06,-0.0107496210310465
bil_cash,BuyHold_GLD,benchmark,2024-12-13,0.0055155231723509
bil_cash,BuyHold_GLD,benchmark,2024-12-20,-0.0089647027827787
bil_cash,BuyHold_GLD,benchmark,2024-12-27,-0.0028914175521826
bil_cash,BuyHold_GLD,benchmark,2025-01-03,0.0086578775870884
bil_cash,BuyHold_GLD,benchmark,2025-01-10,0.0193847842384464
bil_cash,BuyHold_GLD,benchmark,2025-01-17,0.004270567382143
bil_cash,BuyHold_GLD,benchmark,2025-01-24,0.0255946945668195
bil_cash,BuyHold_GLD,benchmark,2025-01-31,0.0113827644497721
bil_cash,BuyHold_GLD,benchmark,2025-02-07,0.0206528325661841
bil_cash,BuyHold_GLD,benchmark,2025-02-14,0.0090565164975904
bil_cash,BuyHold_GLD,benchmark,2025-02-21,0.0167110351371009
bil_cash,BuyHold_GLD,benchmark,2025-02-28,-0.0275910522647078
bil_cash,BuyHold_GLD,benchmark,2025-03-07,0.0194478134554856
bil_cash,BuyHold_GLD,benchmark,2025-03-14,0.0255224680952093
bil_cash,BuyHold_GLD,benchmark,2025-03-21,0.0118078771810468
bil_cash,BuyHold_GLD,benchmark,2025-03-28,0.020000745159749
bil_cash,BuyHold_GLD,benchmark,2025-04-04,-0.0152784495359836
bil_cash,BuyHold_GLD,benchmark,2025-04-11,0.0651007842685877
bil_cash,BuyHold_GLD,benchmark,2025-04-18,0.027489687653968
bil_cash,BuyHold_GLD,benchmark,2025-04-25,-0.0045406512251094
bil_cash,BuyHold_GLD,benchmark,2025-05-02,-0.0221507556087177
bil_cash,BuyHold_GLD,benchmark,2025-05-09,0.029733488908318
bil_cash,BuyHold_GLD,benchmark,2025-05-16,-0.0410637669596389
bil_cash,BuyHold_GLD,benchmark,2025-05-23,0.0527121067169373
bil_cash,BuyHold_GLD,benchmark,2025-05-30,-0.0198547018449858
bil_cash,BuyHold_GLD,benchmark,2025-06-06,0.0052041717407835
bil_cash,BuyHold_GLD,benchmark,2025-06-13,0.0364047976137928
bil_cash,BuyHold_GLD,benchmark,2025-06-20,-0.019475808579753
bil_cash,BuyHold_GLD,benchmark,2025-06-27,-0.0287298988225153
bil_cash,BuyHold_GLD,benchmark,2025-07-04,0.0196534539663479
bil_cash,BuyHold_GLD,benchmark,2025-07-11,0.0065116881702609
bil_cash,BuyHold_GLD,benchmark,2025-07-18,-0.0024260851538514
bil_cash,BuyHold_GLD,benchmark,2025-07-25,-0.0032102879630578
bil_cash,BuyHold_GLD,benchmark,2025-08-01,0.0055627569584597
bil_cash,BuyHold_GLD,benchmark,2025-08-08,0.0127462800560296
bil_cash,BuyHold_GLD,benchmark,2025-08-15,-0.0179523888718506
bil_cash,BuyHold_GLD,benchmark,2025-08-22,0.0102462153060205
bil_cash,BuyHold_GLD,benchmark,2025-08-29,0.0241162376063479
bil_cash,BuyHold_GLD,benchmark,2025-09-05,0.0408085646865756
bil_cash,BuyHold_GLD,benchmark,2025-09-12,0.0132005008183191
bil_cash,BuyHold_GLD,benchmark,2025-09-19,0.0112097641688782
bil_cash,BuyHold_GLD,benchmark,2025-09-26,0.0222890433452549
bil_cash,BuyHold_GLD,benchmark,2025-10-03,0.0314357291372557
bil_cash,BuyHold_GLD,benchmark,2025-10-10,0.0320992618234703
bil_cash,BuyHold_GLD,benchmark,2025-10-17,0.0538307200369332
bil_cash,BuyHold_GLD,benchmark,2025-10-24,-0.0294866230716944
bil_cash,BuyHold_GLD,benchmark,2025-10-31,-0.0248993276383676
bil_cash,BuyHold_GLD,benchmark,2025-11-07,0.0005161426815345
bil_cash,BuyHold_GLD,benchmark,2025-11-14,0.0207705301164609
bil_cash,BuyHold_GLD,benchmark,2025-11-21,-0.0044951656554342
bil_cash,BuyHold_GLD,benchmark,2025-11-28,0.0363641656254822
bil_cash,BuyHold_GLD,benchmark,2025-12-05,-0.00371249464597
bil_cash,BuyHold_GLD,benchmark,2025-12-12,0.0232895143958722
bil_cash,BuyHold_GLD,benchmark,2025-12-19,0.0090531725423912
bil_cash,BuyHold_GLD,benchmark,2025-12-26,0.0444088058458043
bil_cash,BuyHold_GLD,benchmark,2026-01-02,-0.0442961844019246
bil_cash,BuyHold_GLD,benchmark,2026-01-09,0.0406498003691564
bil_cash,BuyHold_GLD,benchmark,2026-01-16,0.0164547670618677
bil_cash,BuyHold_GLD,benchmark,2026-01-23,0.087137104394831
bil_cash,BuyHold_GLD,benchmark,2026-01-30,-0.0284934231287526
bil_cash,BuyHold_GLD,benchmark,2026-02-06,0.0236205842447683
bil_cash,BuyHold_GLD,benchmark,2026-02-13,0.0157203789497184
bil_cash,BuyHold_GLD,benchmark,2026-02-20,0.0129696080224117
bil_cash,BuyHold_GLD,benchmark,2026-02-27,0.0322862981530034
bil_cash,BuyHold_GLD,benchmark,2026-03-06,-0.0211679384689922
bil_cash,BuyHold_GLD,benchmark,2026-03-13,-0.0267576464413196
bil_cash,BuyHold_GLD,benchmark,2026-03-20,-0.1029858341989052
bil_cash,BuyHold_GLD,benchmark,2026-03-27,0.0031932055460519
bil_cash,BuyHold_GLD,benchmark,2026-04-03,0.0354714034773995
bil_cash,BuyHold_GLD,benchmark,2026-04-10,0.017978158764037
bil_cash,BuyHold_GLD,benchmark,2026-04-17,0.02013128290136
bil_cash,BuyHold_GLD,benchmark,2026-04-24,-0.0284349402014777
bil_cash,BuyHold_GLD,benchmark,2026-05-01,-0.0232429482382429
bil_cash,BuyHold_GLD,benchmark,2026-05-08,0.0250248039160114
bil_cash,BuyHold_GLD,benchmark,2026-05-15,-0.0151232167386918
bil_cash,BuyHold_SPY,benchmark,2022-01-07,-0.0186751432462762
bil_cash,BuyHold_SPY,benchmark,2022-01-14,-0.0029394361626996
bil_cash,BuyHold_SPY,benchmark,2022-01-21,-0.0575399185878348
bil_cash,BuyHold_SPY,benchmark,2022-01-28,0.0090643762089503
bil_cash,BuyHold_SPY,benchmark,2022-02-04,0.0152732645293578
bil_cash,BuyHold_SPY,benchmark,2022-02-11,-0.0183641990440358
bil_cash,BuyHold_SPY,benchmark,2022-02-18,-0.0141442711544725
bil_cash,BuyHold_SPY,benchmark,2022-02-25,0.0081063500921982
bil_cash,BuyHold_SPY,benchmark,2022-03-04,-0.0127470015140971
bil_cash,BuyHold_SPY,benchmark,2022-03-11,-0.0279983322117431
bil_cash,BuyHold_SPY,benchmark,2022-03-18,0.0614919699529763
bil_cash,BuyHold_SPY,benchmark,2022-03-25,0.0183793580882349
bil_cash,BuyHold_SPY,benchmark,2022-04-01,0.0005080936280057
bil_cash,BuyHold_SPY,benchmark,2022-04-08,-0.0118122332697114
bil_cash,BuyHold_SPY,benchmark,2022-04-15,-0.0218511639804654
bil_cash,BuyHold_SPY,benchmark,2022-04-22,-0.0268394891878126
bil_cash,BuyHold_SPY,benchmark,2022-04-29,-0.0329545569812468
bil_cash,BuyHold_SPY,benchmark,2022-05-06,-0.0016020239387746
bil_cash,BuyHold_SPY,benchmark,2022-05-13,-0.0233869693061904
bil_cash,BuyHold_SPY,benchmark,2022-05-20,-0.0300953763917017
bil_cash,BuyHold_SPY,benchmark,2022-05-27,0.0657800791196159
bil_cash,BuyHold_SPY,benchmark,2022-06-03,-0.0113663430896742
bil_cash,BuyHold_SPY,benchmark,2022-06-10,-0.0505188683765942
bil_cash,BuyHold_SPY,benchmark,2022-06-17,-0.0573617065073557
bil_cash,BuyHold_SPY,benchmark,2022-06-24,0.0661999523057501
bil_cash,BuyHold_SPY,benchmark,2022-07-01,-0.0226618317123065
bil_cash,BuyHold_SPY,benchmark,2022-07-08,0.0194890452295843
bil_cash,BuyHold_SPY,benchmark,2022-07-15,-0.0091078437471779
bil_cash,BuyHold_SPY,benchmark,2022-07-22,0.0258611661779577
bil_cash,BuyHold_SPY,benchmark,2022-07-29,0.0427750419183869
bil_cash,BuyHold_SPY,benchmark,2022-08-05,0.0035925287374238
bil_cash,BuyHold_SPY,benchmark,2022-08-12,0.032964762801517
bil_cash,BuyHold_SPY,benchmark,2022-08-19,-0.0116131654520263
bil_cash,BuyHold_SPY,benchmark,2022-08-26,-0.0398682584962613
bil_cash,BuyHold_SPY,benchmark,2022-09-02,-0.0322469522704795
bil_cash,BuyHold_SPY,benchmark,2022-09-09,0.0366102334866267
bil_cash,BuyHold_SPY,benchmark,2022-09-16,-0.0478509543710293
bil_cash,BuyHold_SPY,benchmark,2022-09-23,-0.0456736214475272
bil_cash,BuyHold_SPY,benchmark,2022-09-30,-0.0292703599753997
bil_cash,BuyHold_SPY,benchmark,2022-10-07,0.0157064434542248
bil_cash,BuyHold_SPY,benchmark,2022-10-14,-0.0142231978345965
bil_cash,BuyHold_SPY,benchmark,2022-10-21,0.0465844927189038
bil_cash,BuyHold_SPY,benchmark,2022-10-28,0.0393543607291675
bil_cash,BuyHold_SPY,benchmark,2022-11-04,-0.0325689530118483
bil_cash,BuyHold_SPY,benchmark,2022-11-11,0.0588813521155484
bil_cash,BuyHold_SPY,benchmark,2022-11-18,-0.0062230994015481
bil_cash,BuyHold_SPY,benchmark,2022-11-25,0.0159078045677645
bil_cash,BuyHold_SPY,benchmark,2022-12-02,0.0113837150731168
bil_cash,BuyHold_SPY,benchmark,2022-12-09,-0.0334965521745558
bil_cash,BuyHold_SPY,benchmark,2022-12-16,-0.0209772416809668
bil_cash,BuyHold_SPY,benchmark,2022-12-23,-0.0009393135660251
bil_cash,BuyHold_SPY,benchmark,2022-12-30,-0.0012535401827052
bil_cash,BuyHold_SPY,benchmark,2023-01-06,0.014773929732289
bil_cash,BuyHold_SPY,benchmark,2023-01-13,0.0268501359925759
bil_cash,BuyHold_SPY,benchmark,2023-01-20,-0.0065746598794605
bil_cash,BuyHold_SPY,benchmark,2023-01-27,0.0247549003840537
bil_cash,BuyHold_SPY,benchmark,2023-02-03,0.0164415001530964
bil_cash,BuyHold_SPY,benchmark,2023-02-10,-0.0104521455432007
bil_cash,BuyHold_SPY,benchmark,2023-02-17,-0.0019115691359679
bil_cash,BuyHold_SPY,benchmark,2023-02-24,-0.026715124550153
bil_cash,BuyHold_SPY,benchmark,2023-03-03,0.0197033008239109
bil_cash,BuyHold_SPY,benchmark,2023-03-10,-0.0452262703631985
bil_cash,BuyHold_SPY,benchmark,2023-03-17,0.0144291974979238
bil_cash,BuyHold_SPY,benchmark,2023-03-24,0.014769840874871
bil_cash,BuyHold_SPY,benchmark,2023-03-31,0.0344661211796597
bil_cash,BuyHold_SPY,benchmark,2023-04-07,-0.0004887200484676
bil_cash,BuyHold_SPY,benchmark,2023-04-14,0.0079914456585881
bil_cash,BuyHold_SPY,benchmark,2023-04-21,-0.0006302458820078
bil_cash,BuyHold_SPY,benchmark,2023-04-28,0.0090488895153177
bil_cash,BuyHold_SPY,benchmark,2023-05-05,-0.007933846590442
bil_cash,BuyHold_SPY,benchmark,2023-05-12,-0.0025204055705621
bil_cash,BuyHold_SPY,benchmark,2023-05-19,0.0170799571356057
bil_cash,BuyHold_SPY,benchmark,2023-05-26,0.0033441719939535
bil_cash,BuyHold_SPY,benchmark,2023-06-02,0.0188088238203223
bil_cash,BuyHold_SPY,benchmark,2023-06-09,0.0046268086625786
bil_cash,BuyHold_SPY,benchmark,2023-06-16,0.0260350313655257
bil_cash,BuyHold_SPY,benchmark,2023-06-23,-0.0142221208642295
bil_cash,BuyHold_SPY,benchmark,2023-06-30,0.0232453572956532
bil_cash,BuyHold_SPY,benchmark,2023-07-07,-0.0106705006008281
bil_cash,BuyHold_SPY,benchmark,2023-07-14,0.0244669777500097
bil_cash,BuyHold_SPY,benchmark,2023-07-21,0.0064547775269521
bil_cash,BuyHold_SPY,benchmark,2023-07-28,0.0104826298598643
bil_cash,BuyHold_SPY,benchmark,2023-08-04,-0.0221264630304435
bil_cash,BuyHold_SPY,benchmark,2023-08-11,-0.0025960425060239
bil_cash,BuyHold_SPY,benchmark,2023-08-18,-0.020531998545461
bil_cash,BuyHold_SPY,benchmark,2023-08-25,0.0079497145646614
bil_cash,BuyHold_SPY,benchmark,2023-09-01,0.025501686171099
bil_cash,BuyHold_SPY,benchmark,2023-09-08,-0.0125667429870494
bil_cash,BuyHold_SPY,benchmark,2023-09-15,-0.0013156087248736
bil_cash,BuyHold_SPY,benchmark,2023-09-22,-0.0292079062381542
bil_cash,BuyHold_SPY,benchmark,2023-09-29,-0.0068305990943056
bil_cash,BuyHold_SPY,benchmark,2023-10-06,0.0048188703391858
bil_cash,BuyHold_SPY,benchmark,2023-10-13,0.0045631847342542
bil_cash,BuyHold_SPY,benchmark,2023-10-20,-0.023893592031427
bil_cash,BuyHold_SPY,benchmark,2023-10-27,-0.0249530673269509
bil_cash,BuyHold_SPY,benchmark,2023-11-03,0.0584640589518745
bil_cash,BuyHold_SPY,benchmark,2023-11-10,0.0136188451533945
bil_cash,BuyHold_SPY,benchmark,2023-11-17,0.0231043871925262
bil_cash,BuyHold_SPY,benchmark,2023-11-24,0.0100045265273991
bil_cash,BuyHold_SPY,benchmark,2023-12-01,0.0083461366806947
bil_cash,BuyHold_SPY,benchmark,2023-12-08,0.0023960763024699
bil_cash,BuyHold_SPY,benchmark,2023-12-15,0.0239740926385889
bil_cash,BuyHold_SPY,benchmark,2023-12-22,0.0092045114633632
bil_cash,BuyHold_SPY,benchmark,2023-12-29,0.0035046947073138
bil_cash,BuyHold_SPY,benchmark,2024-01-05,-0.0155477502701575
bil_cash,BuyHold_SPY,benchmark,2024-01-12,0.0187210958206425
bil_cash,BuyHold_SPY,benchmark,2024-01-19,0.0120627498230603
bil_cash,BuyHold_SPY,benchmark,2024-01-26,0.0103227317780358
bil_cash,BuyHold_SPY,benchmark,2024-02-02,0.0142385706873429
bil_cash,BuyHold_SPY,benchmark,2024-02-09,0.0138565044181688
bil_cash,BuyHold_SPY,benchmark,2024-02-16,-0.0033717974634157
bil_cash,BuyHold_SPY,benchmark,2024-02-23,0.0166962447825018
bil_cash,BuyHold_SPY,benchmark,2024-03-01,0.0098454302278641
bil_cash,BuyHold_SPY,benchmark,2024-03-08,-0.0022033647720639
bil_cash,BuyHold_SPY,benchmark,2024-03-15,-0.000597955138045
bil_cash,BuyHold_SPY,benchmark,2024-03-22,0.022321277473464
bil_cash,BuyHold_SPY,benchmark,2024-03-29,0.0035684738785528
bil_cash,BuyHold_SPY,benchmark,2024-04-05,-0.008870517976383
bil_cash,BuyHold_SPY,benchmark,2024-04-12,-0.0146211743344791
bil_cash,BuyHold_SPY,benchmark,2024-04-19,-0.0307134663442056
bil_cash,BuyHold_SPY,benchmark,2024-04-26,0.0264560880025312
bil_cash,BuyHold_SPY,benchmark,2024-05-03,0.0059615092468956
bil_cash,BuyHold_SPY,benchmark,2024-05-10,0.0186783996818762
bil_cash,BuyHold_SPY,benchmark,2024-05-17,0.0165309037655898
bil_cash,BuyHold_SPY,benchmark,2024-05-24,-1.8893738544245583e-05
bil_cash,BuyHold_SPY,benchmark,2024-05-31,-0.0039098968925589
bil_cash,BuyHold_SPY,benchmark,2024-06-07,0.0125907749766926
bil_cash,BuyHold_SPY,benchmark,2024-06-14,0.016423049801618
bil_cash,BuyHold_SPY,benchmark,2024-06-21,0.0064236829422696
bil_cash,BuyHold_SPY,benchmark,2024-06-28,-0.0005327676725503
bil_cash,BuyHold_SPY,benchmark,2024-07-05,0.0191469180853609
bil_cash,BuyHold_SPY,benchmark,2024-07-12,0.0096457931973039
bil_cash,BuyHold_SPY,benchmark,2024-07-19,-0.0196433501832726
bil_cash,BuyHold_SPY,benchmark,2024-07-26,-0.0082878528751164
bil_cash,BuyHold_SPY,benchmark,2024-08-02,-0.0211961217306978
bil_cash,BuyHold_SPY,benchmark,2024-08-09,0.0001689842456396
bil_cash,BuyHold_SPY,benchmark,2024-08-16,0.0400007576698284
bil_cash,BuyHold_SPY,benchmark,2024-08-23,0.0141074754408438
bil_cash,BuyHold_SPY,benchmark,2024-08-30,0.0027573891143661
bil_cash,BuyHold_SPY,benchmark,2024-09-06,-0.0413709277358681
bil_cash,BuyHold_SPY,benchmark,2024-09-13,0.0400658578292496
bil_cash,BuyHold_SPY,benchmark,2024-09-20,0.0142043835345448
bil_cash,BuyHold_SPY,benchmark,2024-09-27,0.0056664443545477
bil_cash,BuyHold_SPY,benchmark,2024-10-04,0.0026423857813662
bil_cash,BuyHold_SPY,benchmark,2024-10-11,0.0115186536479747
bil_cash,BuyHold_SPY,benchmark,2024-10-18,0.0086443264854059
bil_cash,BuyHold_SPY,benchmark,2024-10-25,-0.0094940092261891
bil_cash,BuyHold_SPY,benchmark,2024-11-01,-0.0138160315966682
bil_cash,BuyHold_SPY,benchmark,2024-11-08,0.0475450172202664
bil_cash,BuyHold_SPY,benchmark,2024-11-15,-0.0207962006609542
bil_cash,BuyHold_SPY,benchmark,2024-11-22,0.0166626520170671
bil_cash,BuyHold_SPY,benchmark,2024-11-29,0.0118216191729927
bil_cash,BuyHold_SPY,benchmark,2024-12-06,0.0087296049637997
bil_cash,BuyHold_SPY,benchmark,2024-12-13,-0.005923005527934
bil_cash,BuyHold_SPY,benchmark,2024-12-20,-0.0183219804022479
bil_cash,BuyHold_SPY,benchmark,2024-12-27,0.0065296506346763
bil_cash,BuyHold_SPY,benchmark,2025-01-03,-0.0051427530764628
bil_cash,BuyHold_SPY,benchmark,2025-01-10,-0.0193597544391993
bil_cash,BuyHold_SPY,benchmark,2025-01-17,0.0294406595755665
bil_cash,BuyHold_SPY,benchmark,2025-01-24,0.0173866189743703
bil_cash,BuyHold_SPY,benchmark,2025-01-31,-0.0101154457751343
bil_cash,BuyHold_SPY,benchmark,2025-02-07,-0.0017446855357883
bil_cash,BuyHold_SPY,benchmark,2025-02-14,0.014864248820869
bil_cash,BuyHold_SPY,benchmark,2025-02-21,-0.0160079378539966
bil_cash,BuyHold_SPY,benchmark,2025-02-28,-0.0096010184058653
bil_cash,BuyHold_SPY,benchmark,2025-03-07,-0.0307313217335211
bil_cash,BuyHold_SPY,benchmark,2025-03-14,-0.0227636912866553
bil_cash,BuyHold_SPY,benchmark,2025-03-21,0.0050932818496796
bil_cash,BuyHold_SPY,benchmark,2025-03-28,-0.0147521947842718
bil_cash,BuyHold_SPY,benchmark,2025-04-04,-0.0906669697524196
bil_cash,BuyHold_SPY,benchmark,2025-04-11,0.0567210796949717
bil_cash,BuyHold_SPY,benchmark,2025-04-18,-0.0141027914911053
bil_cash,BuyHold_SPY,benchmark,2025-04-25,0.0460287568172073
bil_cash,BuyHold_SPY,benchmark,2025-05-02,0.0292749419049656
bil_cash,BuyHold_SPY,benchmark,2025-05-09,-0.0042697863625426
bil_cash,BuyHold_SPY,benchmark,2025-05-16,0.0529113083247843
bil_cash,BuyHold_SPY,benchmark,2025-05-23,-0.0253955440162035
bil_cash,BuyHold_SPY,benchmark,2025-05-30,0.0177515259681628
bil_cash,BuyHold_SPY,benchmark,2025-06-06,0.0165425769148022
bil_cash,BuyHold_SPY,benchmark,2025-06-13,-0.0035718495596521
bil_cash,BuyHold_SPY,benchmark,2025-06-20,-0.0016132749958093
bil_cash,BuyHold_SPY,benchmark,2025-06-27,0.0347142713616763
bil_cash,BuyHold_SPY,benchmark,2025-07-04,0.0169618483537803
bil_cash,BuyHold_SPY,benchmark,2025-07-11,-0.002750556947425
bil_cash,BuyHold_SPY,benchmark,2025-07-18,0.0063499282876799
bil_cash,BuyHold_SPY,benchmark,2025-07-25,0.0151694028131423
bil_cash,BuyHold_SPY,benchmark,2025-08-01,-0.0241405905887579
bil_cash,BuyHold_SPY,benchmark,2025-08-08,0.0248665795099987
bil_cash,BuyHold_SPY,benchmark,2025-08-15,0.0098245205256075
bil_cash,BuyHold_SPY,benchmark,2025-08-22,0.0029061210683207
bil_cash,BuyHold_SPY,benchmark,2025-08-29,-0.0004028107279857
bil_cash,BuyHold_SPY,benchmark,2025-09-05,0.0033950694152806
bil_cash,BuyHold_SPY,benchmark,2025-09-12,0.0157127956247666
bil_cash,BuyHold_SPY,benchmark,2025-09-19,0.0123669398115859
bil_cash,BuyHold_SPY,benchmark,2025-09-26,-0.0028325562231473
bil_cash,BuyHold_SPY,benchmark,2025-10-03,0.0111661541395238
bil_cash,BuyHold_SPY,benchmark,2025-10-10,-0.0241927820470251
bil_cash,BuyHold_SPY,benchmark,2025-10-17,0.0174114706353449
bil_cash,BuyHold_SPY,benchmark,2025-10-24,0.0193560707689102
bil_cash,BuyHold_SPY,benchmark,2025-10-31,0.0071021742387391
bil_cash,BuyHold_SPY,benchmark,2025-11-07,-0.0162595831149804
bil_cash,BuyHold_SPY,benchmark,2025-11-14,0.0014308021887614
bil_cash,BuyHold_SPY,benchmark,2025-11-21,-0.0191983407406757
bil_cash,BuyHold_SPY,benchmark,2025-11-28,0.0369633625376812
bil_cash,BuyHold_SPY,benchmark,2025-12-05,0.003365588310136
bil_cash,BuyHold_SPY,benchmark,2025-12-12,-0.0057314023718574
bil_cash,BuyHold_SPY,benchmark,2025-12-19,0.001233668100784
bil_cash,BuyHold_SPY,benchmark,2025-12-26,0.0142816586824037
bil_cash,BuyHold_SPY,benchmark,2026-01-02,-0.0103431660037227
bil_cash,BuyHold_SPY,benchmark,2026-01-09,0.0159550146686624
bil_cash,BuyHold_SPY,benchmark,2026-01-16,-0.0034722813138657
bil_cash,BuyHold_SPY,benchmark,2026-01-23,-0.0035133148038901
bil_cash,BuyHold_SPY,benchmark,2026-01-30,0.0039754606543944
bil_cash,BuyHold_SPY,benchmark,2026-02-06,-0.001950937693641
bil_cash,BuyHold_SPY,benchmark,2026-02-13,-0.0128435082371082
bil_cash,BuyHold_SPY,benchmark,2026-02-20,0.0112651792695637
bil_cash,BuyHold_SPY,benchmark,2026-02-27,-0.0049896771880904
bil_cash,BuyHold_SPY,benchmark,2026-03-06,-0.0198399468125016
bil_cash,BuyHold_SPY,benchmark,2026-03-13,-0.0150063670381302
bil_cash,BuyHold_SPY,benchmark,2026-03-20,-0.018041555783047
bil_cash,BuyHold_SPY,benchmark,2026-03-27,-0.0223260099992744
bil_cash,BuyHold_SPY,benchmark,2026-04-03,0.0342853369610405
bil_cash,BuyHold_SPY,benchmark,2026-04-10,0.0360306851883167
bil_cash,BuyHold_SPY,benchmark,2026-04-17,0.0451534920137155
bil_cash,BuyHold_SPY,benchmark,2026-04-24,0.0053510402379592
bil_cash,BuyHold_SPY,benchmark,2026-05-01,0.0093985796421414
bil_cash,BuyHold_SPY,benchmark,2026-05-08,0.023548144214555
bil_cash,BuyHold_SPY,benchmark,2026-05-15,0.0143027410628864
bil_cash,BuyHold_TLT,benchmark,2022-01-07,-0.0400160218748131
bil_cash,BuyHold_TLT,benchmark,2022-01-14,-0.0011244800978728
bil_cash,BuyHold_TLT,benchmark,2022-01-21,0.0107670407686624
bil_cash,BuyHold_TLT,benchmark,2022-01-28,-0.0034815725051576
bil_cash,BuyHold_TLT,benchmark,2022-02-04,-0.0274320998264672
bil_cash,BuyHold_TLT,benchmark,2022-02-11,-0.0054673658840871
bil_cash,BuyHold_TLT,benchmark,2022-02-18,-0.0001446622008274
bil_cash,BuyHold_TLT,benchmark,2022-02-25,-0.0098385822631287
bil_cash,BuyHold_TLT,benchmark,2022-03-04,0.0259787934828445
bil_cash,BuyHold_TLT,benchmark,2022-03-11,-0.0380063706741184
bil_cash,BuyHold_TLT,benchmark,2022-03-18,-0.0108960902533002
bil_cash,BuyHold_TLT,benchmark,2022-03-25,-0.0358210674920194
bil_cash,BuyHold_TLT,benchmark,2022-04-01,0.030489157257928
bil_cash,BuyHold_TLT,benchmark,2022-04-08,-0.0548419705984575
bil_cash,BuyHold_TLT,benchmark,2022-04-15,-0.0349266394152499
bil_cash,BuyHold_TLT,benchmark,2022-04-22,-0.0062940787434641
bil_cash,BuyHold_TLT,benchmark,2022-04-29,-0.0045002274223
bil_cash,BuyHold_TLT,benchmark,2022-05-06,-0.0467686660415938
bil_cash,BuyHold_TLT,benchmark,2022-05-13,0.0203222296593124
bil_cash,BuyHold_TLT,benchmark,2022-05-20,0.0218139653055455
bil_cash,BuyHold_TLT,benchmark,2022-05-27,0.0048098708351163
bil_cash,BuyHold_TLT,benchmark,2022-06-03,-0.0238793764550877
bil_cash,BuyHold_TLT,benchmark,2022-06-10,-0.0194779818778417
bil_cash,BuyHold_TLT,benchmark,2022-06-17,-0.0148545637693947
bil_cash,BuyHold_TLT,benchmark,2022-06-24,0.004282475332251
bil_cash,BuyHold_TLT,benchmark,2022-07-01,0.0309999229682238
bil_cash,BuyHold_TLT,benchmark,2022-07-08,-0.0286652211443918
bil_cash,BuyHold_TLT,benchmark,2022-07-15,0.0323555702531237
bil_cash,BuyHold_TLT,benchmark,2022-07-22,0.020750732939923
bil_cash,BuyHold_TLT,benchmark,2022-07-29,-0.009447173282141
bil_cash,BuyHold_TLT,benchmark,2022-08-05,-0.0063727041714661
bil_cash,BuyHold_TLT,benchmark,2022-08-12,-0.0078995122588032
bil_cash,BuyHold_TLT,benchmark,2022-08-19,-0.0217218854489034
bil_cash,BuyHold_TLT,benchmark,2022-08-26,0.0051307137244633
bil_cash,BuyHold_TLT,benchmark,2022-09-02,-0.0278737600116653
bil_cash,BuyHold_TLT,benchmark,2022-09-09,-0.0173289167303676
bil_cash,BuyHold_TLT,benchmark,2022-09-16,-0.0114483045866604
bil_cash,BuyHold_TLT,benchmark,2022-09-23,-0.0127957156965502
bil_cash,BuyHold_TLT,benchmark,2022-09-30,-0.03074743102284
bil_cash,BuyHold_TLT,benchmark,2022-10-07,-0.0118973637512892
bil_cash,BuyHold_TLT,benchmark,2022-10-14,-0.023963105015533
bil_cash,BuyHold_TLT,benchmark,2022-10-21,-0.0547832140966992
bil_cash,BuyHold_TLT,benchmark,2022-10-28,0.0389613079170583
bil_cash,BuyHold_TLT,benchmark,2022-11-04,-0.0242568200205938
bil_cash,BuyHold_TLT,benchmark,2022-11-11,0.038951234769319
bil_cash,BuyHold_TLT,benchmark,2022-11-18,0.017877204718927
bil_cash,BuyHold_TLT,benchmark,2022-11-25,0.0327176934608275
bil_cash,BuyHold_TLT,benchmark,2022-12-02,0.043196968202253
bil_cash,BuyHold_TLT,benchmark,2022-12-09,-0.0070970588565204
bil_cash,BuyHold_TLT,benchmark,2022-12-16,0.0097724328500854
bil_cash,BuyHold_TLT,benchmark,2022-12-23,-0.0462141949519332
bil_cash,BuyHold_TLT,benchmark,2022-12-30,-0.0254500916772156
bil_cash,BuyHold_TLT,benchmark,2023-01-06,0.0564480752999454
bil_cash,BuyHold_TLT,benchmark,2023-01-13,0.01492686507226
bil_cash,BuyHold_TLT,benchmark,2023-01-20,-0.0051520272900043
bil_cash,BuyHold_TLT,benchmark,2023-01-27,0.0048022290592264
bil_cash,BuyHold_TLT,benchmark,2023-02-03,0.0024784932085908
bil_cash,BuyHold_TLT,benchmark,2023-02-10,-0.0310214531690464
bil_cash,BuyHold_TLT,benchmark,2023-02-17,-0.009768791375556
bil_cash,BuyHold_TLT,benchmark,2023-02-24,-0.0137723341539672
bil_cash,BuyHold_TLT,benchmark,2023-03-03,0.0115979018447252
bil_cash,BuyHold_TLT,benchmark,2023-03-10,0.0363138343065465
bil_cash,BuyHold_TLT,benchmark,2023-03-17,0.0119333223491358
bil_cash,BuyHold_TLT,benchmark,2023-03-24,0.0
bil_cash,BuyHold_TLT,benchmark,2023-03-31,-0.0044924956605094
bil_cash,BuyHold_TLT,benchmark,2023-04-07,0.0228931648760326
bil_cash,BuyHold_TLT,benchmark,2023-04-14,-0.0317884833257239
bil_cash,BuyHold_TLT,benchmark,2023-04-21,-0.006471015297335
bil_cash,BuyHold_TLT,benchmark,2023-04-28,0.0197314826725476
bil_cash,BuyHold_TLT,benchmark,2023-05-05,-0.0122605517696779
bil_cash,BuyHold_TLT,benchmark,2023-05-12,-0.0059109891761888
bil_cash,BuyHold_TLT,benchmark,2023-05-19,-0.0304016908052086
bil_cash,BuyHold_TLT,benchmark,2023-05-26,-9.90106218012876e-05
bil_cash,BuyHold_TLT,benchmark,2023-06-02,0.0115841906180886
bil_cash,BuyHold_TLT,benchmark,2023-06-09,-0.0006862215535381
bil_cash,BuyHold_TLT,benchmark,2023-06-16,0.0066718677035184
bil_cash,BuyHold_TLT,benchmark,2023-06-23,0.0071150973411207
bil_cash,BuyHold_TLT,benchmark,2023-06-30,-0.0037741668031786
bil_cash,BuyHold_TLT,benchmark,2023-07-07,-0.0348913466329373
bil_cash,BuyHold_TLT,benchmark,2023-07-14,0.0223049742552665
bil_cash,BuyHold_TLT,benchmark,2023-07-21,0.0043443612247373
bil_cash,BuyHold_TLT,benchmark,2023-07-28,-0.018873641745728
bil_cash,BuyHold_TLT,benchmark,2023-08-04,-0.0301965686752926
bil_cash,BuyHold_TLT,benchmark,2023-08-11,-0.0120171335468308
bil_cash,BuyHold_TLT,benchmark,2023-08-18,-0.0167768092927965
bil_cash,BuyHold_TLT,benchmark,2023-08-25,0.0154632125945102
bil_cash,BuyHold_TLT,benchmark,2023-09-01,-0.0008977075263105
bil_cash,BuyHold_TLT,benchmark,2023-09-08,-0.0050609133352786
bil_cash,BuyHold_TLT,benchmark,2023-09-15,-0.0149413671077763
bil_cash,BuyHold_TLT,benchmark,2023-09-22,-0.0164582365109201
bil_cash,BuyHold_TLT,benchmark,2023-09-29,-0.0299685436363968
bil_cash,BuyHold_TLT,benchmark,2023-10-06,-0.0409455494156939
bil_cash,BuyHold_TLT,benchmark,2023-10-13,0.0332587377329032
bil_cash,BuyHold_TLT,benchmark,2023-10-20,-0.0498800742393853
bil_cash,BuyHold_TLT,benchmark,2023-10-27,0.0135750894053345
bil_cash,BuyHold_TLT,benchmark,2023-11-03,0.0422055294760908
bil_cash,BuyHold_TLT,benchmark,2023-11-10,0.0041082052947374
bil_cash,BuyHold_TLT,benchmark,2023-11-17,0.0232981550088069
bil_cash,BuyHold_TLT,benchmark,2023-11-24,-0.002665465344368
bil_cash,BuyHold_TLT,benchmark,2023-12-01,0.0388020404555575
bil_cash,BuyHold_TLT,benchmark,2023-12-08,0.0166688189176293
bil_cash,BuyHold_TLT,benchmark,2023-12-15,0.0521412639098417
bil_cash,BuyHold_TLT,benchmark,2023-12-22,-0.0067575131199051
bil_cash,BuyHold_TLT,benchmark,2023-12-29,0.0040618695844671
bil_cash,BuyHold_TLT,benchmark,2024-01-05,-0.0261935690699836
bil_cash,BuyHold_TLT,benchmark,2024-01-12,0.002388732346886
bil_cash,BuyHold_TLT,benchmark,2024-01-19,-0.025176146585067
bil_cash,BuyHold_TLT,benchmark,2024-01-26,-0.0032946646862023
bil_cash,BuyHold_TLT,benchmark,2024-02-02,0.027714763525064
bil_cash,BuyHold_TLT,benchmark,2024-02-09,-0.0231080592763069
bil_cash,BuyHold_TLT,benchmark,2024-02-16,-0.0116141483614775
bil_cash,BuyHold_TLT,benchmark,2024-02-23,0.0119661787311011
bil_cash,BuyHold_TLT,benchmark,2024-03-01,0.0095540332120154
bil_cash,BuyHold_TLT,benchmark,2024-03-08,0.013337764791637
bil_cash,BuyHold_TLT,benchmark,2024-03-15,-0.0291444931810225
bil_cash,BuyHold_TLT,benchmark,2024-03-22,0.0111898057193344
bil_cash,BuyHold_TLT,benchmark,2024-03-29,0.0068101017059798
bil_cash,BuyHold_TLT,benchmark,2024-04-05,-0.0309412012956201
bil_cash,BuyHold_TLT,benchmark,2024-04-12,-0.0120362650770503
bil_cash,BuyHold_TLT,benchmark,2024-04-19,-0.0126258404547071
bil_cash,BuyHold_TLT,benchmark,2024-04-26,-0.0102077076654064
bil_cash,BuyHold_TLT,benchmark,2024-05-03,0.0216991169384366
bil_cash,BuyHold_TLT,benchmark,2024-05-10,0.003116738444606
bil_cash,BuyHold_TLT,benchmark,2024-05-17,0.0140926952603692
bil_cash,BuyHold_TLT,benchmark,2024-05-24,-0.0001096360703218
bil_cash,BuyHold_TLT,benchmark,2024-05-31,-0.0101774610085086
bil_cash,BuyHold_TLT,benchmark,2024-06-07,0.0150654686924533
bil_cash,BuyHold_TLT,benchmark,2024-06-14,0.0346443547949615
bil_cash,BuyHold_TLT,benchmark,2024-06-21,-0.0074994201388733
bil_cash,BuyHold_TLT,benchmark,2024-06-28,-0.023201311464269
bil_cash,BuyHold_TLT,benchmark,2024-07-05,0.0117061166024188
bil_cash,BuyHold_TLT,benchmark,2024-07-12,0.0149094106543887
bil_cash,BuyHold_TLT,benchmark,2024-07-19,-0.0108580996336138
bil_cash,BuyHold_TLT,benchmark,2024-07-26,0.0007533392077023
bil_cash,BuyHold_TLT,benchmark,2024-08-02,0.0604108089376849
bil_cash,BuyHold_TLT,benchmark,2024-08-09,-0.0205530262074975
bil_cash,BuyHold_TLT,benchmark,2024-08-16,0.0122581647799204
bil_cash,BuyHold_TLT,benchmark,2024-08-23,0.0097495951373929
bil_cash,BuyHold_TLT,benchmark,2024-08-30,-0.0193110006117882
bil_cash,BuyHold_TLT,benchmark,2024-09-06,0.0351746473109682
bil_cash,BuyHold_TLT,benchmark,2024-09-13,0.00853782103044
bil_cash,BuyHold_TLT,benchmark,2024-09-20,-0.0152377819189735
bil_cash,BuyHold_TLT,benchmark,2024-09-27,-0.0031348319995843
bil_cash,BuyHold_TLT,benchmark,2024-10-04,-0.0275056594314098
bil_cash,BuyHold_TLT,benchmark,2024-10-11,-0.0193616015774172
bil_cash,BuyHold_TLT,benchmark,2024-10-18,0.0018143266110228
bil_cash,BuyHold_TLT,benchmark,2024-10-25,-0.018429792486585
bil_cash,BuyHold_TLT,benchmark,2024-11-01,-0.0107812277179958
bil_cash,BuyHold_TLT,benchmark,2024-11-08,0.0181637686287963
bil_cash,BuyHold_TLT,benchmark,2024-11-15,-0.0260567465188852
bil_cash,BuyHold_TLT,benchmark,2024-11-22,0.0034412445940552
bil_cash,BuyHold_TLT,benchmark,2024-11-29,0.0396061850509295
bil_cash,BuyHold_TLT,benchmark,2024-12-06,0.0079556403285978
bil_cash,BuyHold_TLT,benchmark,2024-12-13,-0.0449200080380999
bil_cash,BuyHold_TLT,benchmark,2024-12-20,-0.0166022826691973
bil_cash,BuyHold_TLT,benchmark,2024-12-27,-0.0137017348549126
bil_cash,BuyHold_TLT,benchmark,2025-01-03,0.0021815882786753
bil_cash,BuyHold_TLT,benchmark,2025-01-10,-0.0209647057532201
bil_cash,BuyHold_TLT,benchmark,2025-01-17,0.020243382727467
bil_cash,BuyHold_TLT,benchmark,2025-01-24,0.000344007691468
bil_cash,BuyHold_TLT,benchmark,2025-01-31,0.0061912192582527
bil_cash,BuyHold_TLT,benchmark,2025-02-07,0.0208351317146004
bil_cash,BuyHold_TLT,benchmark,2025-02-14,-0.0013439949013569
bil_cash,BuyHold_TLT,benchmark,2025-02-21,0.0051598669352406
bil_cash,BuyHold_TLT,benchmark,2025-02-28,0.0314696787067008
bil_cash,BuyHold_TLT,benchmark,2025-03-07,-0.0220317689962985
bil_cash,BuyHold_TLT,benchmark,2025-03-14,0.0006658371821777
bil_cash,BuyHold_TLT,benchmark,2025-03-21,0.0058778122048257
bil_cash,BuyHold_TLT,benchmark,2025-03-28,-0.0061740849916407
bil_cash,BuyHold_TLT,benchmark,2025-04-04,0.0337664531579022
bil_cash,BuyHold_TLT,benchmark,2025-04-11,-0.0641896395031809
bil_cash,BuyHold_TLT,benchmark,2025-04-18,0.0073658756081849
bil_cash,BuyHold_TLT,benchmark,2025-04-25,0.0155373113992127
bil_cash,BuyHold_TLT,benchmark,2025-05-02,-0.0094181686972555
bil_cash,BuyHold_TLT,benchmark,2025-05-09,-0.0077510521762408
bil_cash,BuyHold_TLT,benchmark,2025-05-16,-0.0086158938862281
bil_cash,BuyHold_TLT,benchmark,2025-05-23,-0.0202780056342638
bil_cash,BuyHold_TLT,benchmark,2025-05-30,0.0204611481285867
bil_cash,BuyHold_TLT,benchmark,2025-06-06,-0.007096385916736
bil_cash,BuyHold_TLT,benchmark,2025-06-13,0.0114822687465334
bil_cash,BuyHold_TLT,benchmark,2025-06-20,0.001853192244924
bil_cash,BuyHold_TLT,benchmark,2025-06-27,0.0104057195762892
bil_cash,BuyHold_TLT,benchmark,2025-07-04,-0.0010931341136348
bil_cash,BuyHold_TLT,benchmark,2025-07-11,-0.0135678688156055
bil_cash,BuyHold_TLT,benchmark,2025-07-18,-0.0064111644160178
bil_cash,BuyHold_TLT,benchmark,2025-07-25,0.013960627466937
bil_cash,BuyHold_TLT,benchmark,2025-08-01,0.0199664913993977
bil_cash,BuyHold_TLT,benchmark,2025-08-08,-0.0060349161265753
bil_cash,BuyHold_TLT,benchmark,2025-08-15,-0.010195906344963
bil_cash,BuyHold_TLT,benchmark,2025-08-22,0.0075231363222871
bil_cash,BuyHold_TLT,benchmark,2025-08-29,-0.0051695817075499
bil_cash,BuyHold_TLT,benchmark,2025-09-05,0.0265209050909582
bil_cash,BuyHold_TLT,benchmark,2025-09-12,0.015695482627986
bil_cash,BuyHold_TLT,benchmark,2025-09-19,-0.010339286359413
bil_cash,BuyHold_TLT,benchmark,2025-09-26,-0.0013477448377279
bil_cash,BuyHold_TLT,benchmark,2025-10-03,0.0088989047160645
bil_cash,BuyHold_TLT,benchmark,2025-10-10,0.0138733747532175
bil_cash,BuyHold_TLT,benchmark,2025-10-17,0.0064003211349636
bil_cash,BuyHold_TLT,benchmark,2025-10-24,0.0029605532203633
bil_cash,BuyHold_TLT,benchmark,2025-10-31,-0.0129004704719757
bil_cash,BuyHold_TLT,benchmark,2025-11-07,-0.0043904810290199
bil_cash,BuyHold_TLT,benchmark,2025-11-14,-0.0078151108406365
bil_cash,BuyHold_TLT,benchmark,2025-11-21,0.0070889041465418
bil_cash,BuyHold_TLT,benchmark,2025-11-28,0.0079329694880472
bil_cash,BuyHold_TLT,benchmark,2025-12-05,-0.0191237382044235
bil_cash,BuyHold_TLT,benchmark,2025-12-12,-0.009413591556551
bil_cash,BuyHold_TLT,benchmark,2025-12-19,0.0063057016151859
bil_cash,BuyHold_TLT,benchmark,2025-12-26,0.0021702401666152
bil_cash,BuyHold_TLT,benchmark,2026-01-02,-0.0080922033634008
bil_cash,BuyHold_TLT,benchmark,2026-01-09,0.0103412500876471
bil_cash,BuyHold_TLT,benchmark,2026-01-16,-0.0014783538129805
bil_cash,BuyHold_TLT,benchmark,2026-01-23,0.0014805425787471
bil_cash,BuyHold_TLT,benchmark,2026-01-30,-0.0090982147830076
bil_cash,BuyHold_TLT,benchmark,2026-02-06,0.0085485618805605
bil_cash,BuyHold_TLT,benchmark,2026-02-13,0.0249031040239884
bil_cash,BuyHold_TLT,benchmark,2026-02-20,-0.0034552253086385
bil_cash,BuyHold_TLT,benchmark,2026-02-27,0.0157699766404719
bil_cash,BuyHold_TLT,benchmark,2026-03-06,-0.0227466053826143
bil_cash,BuyHold_TLT,benchmark,2026-03-13,-0.0217047166985474
bil_cash,BuyHold_TLT,benchmark,2026-03-20,-0.0082043045574703
bil_cash,BuyHold_TLT,benchmark,2026-03-27,-0.0022136342278785
bil_cash,BuyHold_TLT,benchmark,2026-04-03,0.0174775331283443
bil_cash,BuyHold_TLT,benchmark,2026-04-10,-0.0034566687825003
bil_cash,BuyHold_TLT,benchmark,2026-04-17,0.0067060381008487
bil_cash,BuyHold_TLT,benchmark,2026-04-24,-0.0041345927000617
bil_cash,BuyHold_TLT,benchmark,2026-05-01,-0.0090401908808842
bil_cash,BuyHold_TLT,benchmark,2026-05-08,0.0054899696352661
bil_cash,BuyHold_TLT,benchmark,2026-05-15,-0.0134758521019715
bil_cash,Equal_Weight_Risky,benchmark,2022-01-07,-0.0450033934276125
bil_cash,Equal_Weight_Risky,benchmark,2022-01-14,0.0111204112680367
bil_cash,Equal_Weight_Risky,benchmark,2022-01-21,-0.048130096826316
bil_cash,Equal_Weight_Risky,benchmark,2022-01-28,0.0046652398313619
bil_cash,Equal_Weight_Risky,benchmark,2022-02-04,0.024183939979408
bil_cash,Equal_Weight_Risky,benchmark,2022-02-11,0.0068347771441356
bil_cash,Equal_Weight_Risky,benchmark,2022-02-18,-0.0128237675821287
bil_cash,Equal_Weight_Risky,benchmark,2022-02-25,-0.0063383723684333
bil_cash,Equal_Weight_Risky,benchmark,2022-03-04,0.0129157951819529
bil_cash,Equal_Weight_Risky,benchmark,2022-03-11,-0.0167707141267473
bil_cash,Equal_Weight_Risky,benchmark,2022-03-18,0.0242007088181209
bil_cash,Equal_Weight_Risky,benchmark,2022-03-25,0.0151703201100823
bil_cash,Equal_Weight_Risky,benchmark,2022-04-01,0.014697611910417
bil_cash,Equal_Weight_Risky,benchmark,2022-04-08,-0.0354941390086992
bil_cash,Equal_Weight_Risky,benchmark,2022-04-15,-0.0209063259576295
bil_cash,Equal_Weight_Risky,benchmark,2022-04-22,-0.0183901866728953
bil_cash,Equal_Weight_Risky,benchmark,2022-04-29,-0.0211623453681743
bil_cash,Equal_Weight_Risky,benchmark,2022-05-06,-0.0308320056658568
bil_cash,Equal_Weight_Risky,benchmark,2022-05-13,-0.0570909528603614
bil_cash,Equal_Weight_Risky,benchmark,2022-05-20,0.0020253541800605
bil_cash,Equal_Weight_Risky,benchmark,2022-05-27,0.0139320318730974
bil_cash,Equal_Weight_Risky,benchmark,2022-06-03,0.000201716379281
bil_cash,Equal_Weight_Risky,benchmark,2022-06-10,-0.0198829772427614
bil_cash,Equal_Weight_Risky,benchmark,2022-06-17,-0.0967680158075406
bil_cash,Equal_Weight_Risky,benchmark,2022-06-24,0.0251814953790486
bil_cash,Equal_Weight_Risky,benchmark,2022-07-01,-0.0236227243037929
bil_cash,Equal_Weight_Risky,benchmark,2022-07-08,0.0207032939261997
bil_cash,Equal_Weight_Risky,benchmark,2022-07-15,-0.0095497257996581
bil_cash,Equal_Weight_Risky,benchmark,2022-07-22,0.0368034438571656
bil_cash,Equal_Weight_Risky,benchmark,2022-07-29,0.025661690420899
bil_cash,Equal_Weight_Risky,benchmark,2022-08-05,-0.0042940990081472
bil_cash,Equal_Weight_Risky,benchmark,2022-08-12,0.0221214965166468
bil_cash,Equal_Weight_Risky,benchmark,2022-08-19,-0.052118732451077
bil_cash,Equal_Weight_Risky,benchmark,2022-08-26,-0.0175540257000388
bil_cash,Equal_Weight_Risky,benchmark,2022-09-02,-0.0224754640713096
bil_cash,Equal_Weight_Risky,benchmark,2022-09-09,0.0233683810914052
bil_cash,Equal_Weight_Risky,benchmark,2022-09-16,-0.0398588370755089
bil_cash,Equal_Weight_Risky,benchmark,2022-09-23,-0.0251623492539484
bil_cash,Equal_Weight_Risky,benchmark,2022-09-30,-0.0105542886472029
bil_cash,Equal_Weight_Risky,benchmark,2022-10-07,0.0076210599525953
bil_cash,Equal_Weight_Risky,benchmark,2022-10-14,-0.0219252328189929
bil_cash,Equal_Weight_Risky,benchmark,2022-10-21,-0.0003095092575298
bil_cash,Equal_Weight_Risky,benchmark,2022-10-28,0.0365270784518639
bil_cash,Equal_Weight_Risky,benchmark,2022-11-04,-0.0021045294733549
bil_cash,Equal_Weight_Risky,benchmark,2022-11-11,-0.0112387082588785
bil_cash,Equal_Weight_Risky,benchmark,2022-11-18,-0.0047142655056251
bil_cash,Equal_Weight_Risky,benchmark,2022-11-25,0.0101826304379269
bil_cash,Equal_Weight_Risky,benchmark,2022-12-02,0.0284099311072483
bil_cash,Equal_Weight_Risky,benchmark,2022-12-09,-0.0097964317722956
bil_cash,Equal_Weight_Risky,benchmark,2022-12-16,-0.010291924793066
bil_cash,Equal_Weight_Risky,benchmark,2022-12-23,-0.008839281924472
bil_cash,Equal_Weight_Risky,benchmark,2022-12-30,-0.006011458187086
bil_cash,Equal_Weight_Risky,benchmark,2023-01-06,0.0290644776234569
bil_cash,Equal_Weight_Risky,benchmark,2023-01-13,0.0613295259989061
bil_cash,Equal_Weight_Risky,benchmark,2023-01-20,0.03255386435964
bil_cash,Equal_Weight_Risky,benchmark,2023-01-27,0.011725514671234
bil_cash,Equal_Weight_Risky,benchmark,2023-02-03,0.0007096400667273
bil_cash,Equal_Weight_Risky,benchmark,2023-02-10,-0.0296830098417594
bil_cash,Equal_Weight_Risky,benchmark,2023-02-17,0.0277034682661066
bil_cash,Equal_Weight_Risky,benchmark,2023-02-24,-0.0282863343715475
bil_cash,Equal_Weight_Risky,benchmark,2023-03-03,0.0049698142987162
bil_cash,Equal_Weight_Risky,benchmark,2023-03-10,-0.0245479418392053
bil_cash,Equal_Weight_Risky,benchmark,2023-03-17,0.1104449493484304
bil_cash,Equal_Weight_Risky,benchmark,2023-03-24,0.004161451765235
bil_cash,Equal_Weight_Risky,benchmark,2023-03-31,0.0158666077546063
bil_cash,Equal_Weight_Risky,benchmark,2023-04-07,0.0052117160559997
bil_cash,Equal_Weight_Risky,benchmark,2023-04-14,0.0167928547000887
bil_cash,Equal_Weight_Risky,benchmark,2023-04-21,-0.0309197468369316
bil_cash,Equal_Weight_Risky,benchmark,2023-04-28,0.0268525213848168
bil_cash,Equal_Weight_Risky,benchmark,2023-05-05,0.0002039572567396
bil_cash,Equal_Weight_Risky,benchmark,2023-05-12,-0.0260782454516562
bil_cash,Equal_Weight_Risky,benchmark,2023-05-19,-0.0067786530998263
bil_cash,Equal_Weight_Risky,benchmark,2023-05-26,-0.0044799038748244
bil_cash,Equal_Weight_Risky,benchmark,2023-06-02,0.0127396576791514
bil_cash,Equal_Weight_Risky,benchmark,2023-06-09,-0.0047049641831475
bil_cash,Equal_Weight_Risky,benchmark,2023-06-16,0.0061700414319375
bil_cash,Equal_Weight_Risky,benchmark,2023-06-23,0.0349797535455093
bil_cash,Equal_Weight_Risky,benchmark,2023-06-30,0.0031887400971065
bil_cash,Equal_Weight_Risky,benchmark,2023-07-07,-0.0119788639628819
bil_cash,Equal_Weight_Risky,benchmark,2023-07-14,0.0155299392976502
bil_cash,Equal_Weight_Risky,benchmark,2023-07-21,0.0002279067137765
bil_cash,Equal_Weight_Risky,benchmark,2023-07-28,-0.0074643406546875
bil_cash,Equal_Weight_Risky,benchmark,2023-08-04,-0.0174668644992849
bil_cash,Equal_Weight_Risky,benchmark,2023-08-11,-0.0044639737935593
bil_cash,Equal_Weight_Risky,benchmark,2023-08-18,-0.0409955368662516
bil_cash,Equal_Weight_Risky,benchmark,2023-08-25,0.0091003676270319
bil_cash,Equal_Weight_Risky,benchmark,2023-09-01,0.0072855653282244
bil_cash,Equal_Weight_Risky,benchmark,2023-09-08,-0.006207902897335
bil_cash,Equal_Weight_Risky,benchmark,2023-09-15,0.0030853629896414
bil_cash,Equal_Weight_Risky,benchmark,2023-09-22,-0.0112976704710918
bil_cash,Equal_Weight_Risky,benchmark,2023-09-29,-0.0161109215794582
bil_cash,Equal_Weight_Risky,benchmark,2023-10-06,-0.0019698074183745
bil_cash,Equal_Weight_Risky,benchmark,2023-10-13,0.0132066365669456
bil_cash,Equal_Weight_Risky,benchmark,2023-10-20,0.0144611713783526
bil_cash,Equal_Weight_Risky,benchmark,2023-10-27,0.0362415274938172
bil_cash,Equal_Weight_Risky,benchmark,2023-11-03,0.0294049661002659
bil_cash,Equal_Weight_Risky,benchmark,2023-11-10,0.0158709546199791
bil_cash,Equal_Weight_Risky,benchmark,2023-11-17,0.0125884484092549
bil_cash,Equal_Weight_Risky,benchmark,2023-11-24,0.0120284196248333
bil_cash,Equal_Weight_Risky,benchmark,2023-12-01,0.0269514722247663
bil_cash,Equal_Weight_Risky,benchmark,2023-12-08,0.0318693188679276
bil_cash,Equal_Weight_Risky,benchmark,2023-12-15,0.008198943415988
bil_cash,Equal_Weight_Risky,benchmark,2023-12-22,0.0173144199496043
bil_cash,Equal_Weight_Risky,benchmark,2023-12-29,-0.0077132829832807
bil_cash,Equal_Weight_Risky,benchmark,2024-01-05,-0.0005629157530694
bil_cash,Equal_Weight_Risky,benchmark,2024-01-12,-0.001660295931115
bil_cash,Equal_Weight_Risky,benchmark,2024-01-19,-0.0128274979203466
bil_cash,Equal_Weight_Risky,benchmark,2024-01-26,0.0017253291065069
bil_cash,Equal_Weight_Risky,benchmark,2024-02-02,0.0208116904280171
bil_cash,Equal_Weight_Risky,benchmark,2024-02-09,0.0192803039360256
bil_cash,Equal_Weight_Risky,benchmark,2024-02-16,0.0211560594364192
bil_cash,Equal_Weight_Risky,benchmark,2024-02-23,0.0033790133935669
bil_cash,Equal_Weight_Risky,benchmark,2024-03-01,0.0682081653864341
bil_cash,Equal_Weight_Risky,benchmark,2024-03-08,0.0375714348245503
bil_cash,Equal_Weight_Risky,benchmark,2024-03-15,-0.0057763902615299
bil_cash,Equal_Weight_Risky,benchmark,2024-03-22,-0.0110829771360175
bil_cash,Equal_Weight_Risky,benchmark,2024-03-29,0.033261329685371
bil_cash,Equal_Weight_Risky,benchmark,2024-04-05,-0.005856543690246
bil_cash,Equal_Weight_Risky,benchmark,2024-04-12,-0.0069959084936426
bil_cash,Equal_Weight_Risky,benchmark,2024-04-19,-0.0185349327260259
bil_cash,Equal_Weight_Risky,benchmark,2024-04-26,-0.0012714909750951
bil_cash,Equal_Weight_Risky,benchmark,2024-05-03,-0.0007025900122578
bil_cash,Equal_Weight_Risky,benchmark,2024-05-10,0.0038626401014809
bil_cash,Equal_Weight_Risky,benchmark,2024-05-17,0.039053552561315
bil_cash,Equal_Weight_Risky,benchmark,2024-05-24,-0.003187073458817
bil_cash,Equal_Weight_Risky,benchmark,2024-05-31,-0.0080144856807366
bil_cash,Equal_Weight_Risky,benchmark,2024-06-07,0.0094747981623133
bil_cash,Equal_Weight_Risky,benchmark,2024-06-14,0.0056353392090078
bil_cash,Equal_Weight_Risky,benchmark,2024-06-21,-0.0086220133425898
bil_cash,Equal_Weight_Risky,benchmark,2024-06-28,-0.0203939150894095
bil_cash,Equal_Weight_Risky,benchmark,2024-07-05,-0.0005631295957168
bil_cash,Equal_Weight_Risky,benchmark,2024-07-12,0.0140638174114658
bil_cash,Equal_Weight_Risky,benchmark,2024-07-19,0.0288713702680176
bil_cash,Equal_Weight_Risky,benchmark,2024-07-26,0.0013803448785278
bil_cash,Equal_Weight_Risky,benchmark,2024-08-02,-0.0087762928766841
bil_cash,Equal_Weight_Risky,benchmark,2024-08-09,-0.0081389817209307
bil_cash,Equal_Weight_Risky,benchmark,2024-08-16,0.0131810663672732
bil_cash,Equal_Weight_Risky,benchmark,2024-08-23,0.0280711728850565
bil_cash,Equal_Weight_Risky,benchmark,2024-08-30,-0.0243294973940002
bil_cash,Equal_Weight_Risky,benchmark,2024-09-06,-0.0241280111272354
bil_cash,Equal_Weight_Risky,benchmark,2024-09-13,0.0515660675874614
bil_cash,Equal_Weight_Risky,benchmark,2024-09-20,0.0142597029838101
bil_cash,Equal_Weight_Risky,benchmark,2024-09-27,0.0138100808393587
bil_cash,Equal_Weight_Risky,benchmark,2024-10-04,-0.0203840857811031
bil_cash,Equal_Weight_Risky,benchmark,2024-10-11,3.983496913102487e-05
bil_cash,Equal_Weight_Risky,benchmark,2024-10-18,0.0324375102431831
bil_cash,Equal_Weight_Risky,benchmark,2024-10-25,-0.011432124487568
bil_cash,Equal_Weight_Risky,benchmark,2024-11-01,0.0036659001483013
bil_cash,Equal_Weight_Risky,benchmark,2024-11-08,0.0373742380736951
bil_cash,Equal_Weight_Risky,benchmark,2024-11-15,0.0242477348368703
bil_cash,Equal_Weight_Risky,benchmark,2024-11-22,0.0408014588635148
bil_cash,Equal_Weight_Risky,benchmark,2024-11-29,0.0047249947274937
bil_cash,Equal_Weight_Risky,benchmark,2024-12-06,0.0077920044134438
bil_cash,Equal_Weight_Risky,benchmark,2024-12-13,-0.0074824532424017
bil_cash,Equal_Weight_Risky,benchmark,2024-12-20,-0.0200974021557519
bil_cash,Equal_Weight_Risky,benchmark,2024-12-27,-0.0116996413895278
bil_cash,Equal_Weight_Risky,benchmark,2025-01-03,0.0118913799185087
bil_cash,Equal_Weight_Risky,benchmark,2025-01-10,-0.0139141203837112
bil_cash,Equal_Weight_Risky,benchmark,2025-01-17,0.0392553793706067
bil_cash,Equal_Weight_Risky,benchmark,2025-01-24,0.0116867733851613
bil_cash,Equal_Weight_Risky,benchmark,2025-01-31,-0.0038939822279177
bil_cash,Equal_Weight_Risky,benchmark,2025-02-07,-0.0044090271356117
bil_cash,Equal_Weight_Risky,benchmark,2025-02-14,0.0081819842009308
bil_cash,Equal_Weight_Risky,benchmark,2025-02-21,-0.0020811682521538
bil_cash,Equal_Weight_Risky,benchmark,2025-02-28,-0.0319961953908528
bil_cash,Equal_Weight_Risky,benchmark,2025-03-07,-0.00130742668385
bil_cash,Equal_Weight_Risky,benchmark,2025-03-14,-0.0071375197791122
bil_cash,Equal_Weight_Risky,benchmark,2025-03-21,0.0059154806267888
bil_cash,Equal_Weight_Risky,benchmark,2025-03-28,0.0006904818104916
bil_cash,Equal_Weight_Risky,benchmark,2025-04-04,-0.0195542991467592
bil_cash,Equal_Weight_Risky,benchmark,2025-04-11,0.0130991676658045
bil_cash,Equal_Weight_Risky,benchmark,2025-04-18,0.0083234090793411
bil_cash,Equal_Weight_Risky,benchmark,2025-04-25,0.0446577676816657
bil_cash,Equal_Weight_Risky,benchmark,2025-05-02,0.0052055340514602
bil_cash,Equal_Weight_Risky,benchmark,2025-05-09,0.0200632282528876
bil_cash,Equal_Weight_Risky,benchmark,2025-05-16,0.0020666115214587
bil_cash,Equal_Weight_Risky,benchmark,2025-05-23,0.0109357285192115
bil_cash,Equal_Weight_Risky,benchmark,2025-05-30,-0.003075000612729
bil_cash,Equal_Weight_Risky,benchmark,2025-06-06,0.0046043667022162
bil_cash,Equal_Weight_Risky,benchmark,2025-06-13,0.0151515587742715
bil_cash,Equal_Weight_Risky,benchmark,2025-06-20,-0.0113631763154607
bil_cash,Equal_Weight_Risky,benchmark,2025-06-27,0.0132419492676809
bil_cash,Equal_Weight_Risky,benchmark,2025-07-04,0.0110887783960171
bil_cash,Equal_Weight_Risky,benchmark,2025-07-11,0.0194919323411327
bil_cash,Equal_Weight_Risky,benchmark,2025-07-18,0.0004125613149708
bil_cash,Equal_Weight_Risky,benchmark,2025-07-25,0.0057016862027321
bil_cash,Equal_Weight_Risky,benchmark,2025-08-01,-0.0088247752155397
bil_cash,Equal_Weight_Risky,benchmark,2025-08-08,0.0153261794495988
bil_cash,Equal_Weight_Risky,benchmark,2025-08-15,-0.0030606061455513
bil_cash,Equal_Weight_Risky,benchmark,2025-08-22,0.0040524435863704
bil_cash,Equal_Weight_Risky,benchmark,2025-08-29,-0.0134673888471342
bil_cash,Equal_Weight_Risky,benchmark,2025-09-05,0.0228470124019688
bil_cash,Equal_Weight_Risky,benchmark,2025-09-12,0.0234670281621274
bil_cash,Equal_Weight_Risky,benchmark,2025-09-19,0.0024206525532611
bil_cash,Equal_Weight_Risky,benchmark,2025-09-26,-0.0083868307012692
bil_cash,Equal_Weight_Risky,benchmark,2025-10-03,0.0414810203543847
bil_cash,Equal_Weight_Risky,benchmark,2025-10-10,-0.0130641164280771
bil_cash,Equal_Weight_Risky,benchmark,2025-10-17,0.0045128320876454
bil_cash,Equal_Weight_Risky,benchmark,2025-10-24,0.0089293646841444
bil_cash,Equal_Weight_Risky,benchmark,2025-10-31,-0.0110016725084895
bil_cash,Equal_Weight_Risky,benchmark,2025-11-07,-0.0191444111959718
bil_cash,Equal_Weight_Risky,benchmark,2025-11-14,-0.018108021109019
bil_cash,Equal_Weight_Risky,benchmark,2025-11-21,-0.0287997722486951
bil_cash,Equal_Weight_Risky,benchmark,2025-11-28,0.03743973080701
bil_cash,Equal_Weight_Risky,benchmark,2025-12-05,-0.0090788362968193
bil_cash,Equal_Weight_Risky,benchmark,2025-12-12,0.0045047462663264
bil_cash,Equal_Weight_Risky,benchmark,2025-12-19,-0.0018533635769214
bil_cash,Equal_Weight_Risky,benchmark,2025-12-26,0.0129395736389351
bil_cash,Equal_Weight_Risky,benchmark,2026-01-02,-0.0081135232140472
bil_cash,Equal_Weight_Risky,benchmark,2026-01-09,0.0183163933603458
bil_cash,Equal_Weight_Risky,benchmark,2026-01-16,0.0167193759321216
bil_cash,Equal_Weight_Risky,benchmark,2026-01-23,0.0055178134773575
bil_cash,Equal_Weight_Risky,benchmark,2026-01-30,-0.0234179717839621
bil_cash,Equal_Weight_Risky,benchmark,2026-02-06,-0.0327802940373235
bil_cash,Equal_Weight_Risky,benchmark,2026-02-13,0.0009300497515789
bil_cash,Equal_Weight_Risky,benchmark,2026-02-20,0.0021000292985578
bil_cash,Equal_Weight_Risky,benchmark,2026-02-27,0.0029598270133335
bil_cash,Equal_Weight_Risky,benchmark,2026-03-06,-0.0073827869896795
bil_cash,Equal_Weight_Risky,benchmark,2026-03-13,-0.0054771061456899
bil_cash,Equal_Weight_Risky,benchmark,2026-03-20,-0.0338779200394986
bil_cash,Equal_Weight_Risky,benchmark,2026-03-27,-0.0201694851309405
bil_cash,Equal_Weight_Risky,benchmark,2026-04-03,0.0240422926971979
bil_cash,Equal_Weight_Risky,benchmark,2026-04-10,0.0352282341946504
bil_cash,Equal_Weight_Risky,benchmark,2026-04-17,0.0322066724808075
bil_cash,Equal_Weight_Risky,benchmark,2026-04-24,-0.0057400218190882
bil_cash,Equal_Weight_Risky,benchmark,2026-05-01,-0.0033853171973025
bil_cash,Equal_Weight_Risky,benchmark,2026-05-08,0.0199361416525378
bil_cash,Equal_Weight_Risky,benchmark,2026-05-15,-0.0008788604566403
bil_cash,Equal_Weight,benchmark,2022-01-07,-0.03600271474209
bil_cash,Equal_Weight,benchmark,2022-01-14,0.0088963290144294
bil_cash,Equal_Weight,benchmark,2022-01-21,-0.038526000929385
bil_cash,Equal_Weight,benchmark,2022-01-28,0.0037103647584898
bil_cash,Equal_Weight,benchmark,2022-02-04,0.0193471519835264
bil_cash,Equal_Weight,benchmark,2022-02-11,0.0054678217153085
bil_cash,Equal_Weight,benchmark,2022-02-18,-0.0102371845767303
bil_cash,Equal_Weight,benchmark,2022-02-25,-0.0050925250013463
bil_cash,Equal_Weight,benchmark,2022-03-04,0.0104026090414366
bil_cash,Equal_Weight,benchmark,2022-03-11,-0.0134384129039632
bil_cash,Equal_Weight,benchmark,2022-03-18,0.0193605670544967
bil_cash,Equal_Weight,benchmark,2022-03-25,0.0121362560880659
bil_cash,Equal_Weight,benchmark,2022-04-01,0.011801876256748
bil_cash,Equal_Weight,benchmark,2022-04-08,-0.0284390883510842
bil_cash,Equal_Weight,benchmark,2022-04-15,-0.0167250607661036
bil_cash,Equal_Weight,benchmark,2022-04-22,-0.0146903053502124
bil_cash,Equal_Weight,benchmark,2022-04-29,-0.0169298762945394
bil_cash,Equal_Weight,benchmark,2022-05-06,-0.0246218225861326
bil_cash,Equal_Weight,benchmark,2022-05-13,-0.0456508464901676
bil_cash,Equal_Weight,benchmark,2022-05-20,0.0016420585483291
bil_cash,Equal_Weight,benchmark,2022-05-27,0.0111456254984779
bil_cash,Equal_Weight,benchmark,2022-06-03,0.0001416926725635
bil_cash,Equal_Weight,benchmark,2022-06-10,-0.0159063817942091
bil_cash,Equal_Weight,benchmark,2022-06-17,-0.0773706652772166
bil_cash,Equal_Weight,benchmark,2022-06-24,0.0201670849413876
bil_cash,Equal_Weight,benchmark,2022-07-01,-0.018825968656215
bil_cash,Equal_Weight,benchmark,2022-07-08,0.016540697613396
bil_cash,Equal_Weight,benchmark,2022-07-15,-0.0076397806397265
bil_cash,Equal_Weight,benchmark,2022-07-22,0.0295303372507364
bil_cash,Equal_Weight,benchmark,2022-07-29,0.0205511840596918
bil_cash,Equal_Weight,benchmark,2022-08-05,-0.0033323835455378
bil_cash,Equal_Weight,benchmark,2022-08-12,0.017762828941863
bil_cash,Equal_Weight,benchmark,2022-08-19,-0.0416075451023965
bil_cash,Equal_Weight,benchmark,2022-08-26,-0.0139775405638045
bil_cash,Equal_Weight,benchmark,2022-09-02,-0.0178513381606688
bil_cash,Equal_Weight,benchmark,2022-09-09,0.0187602422739081
bil_cash,Equal_Weight,benchmark,2022-09-16,-0.0317995446235753
bil_cash,Equal_Weight,benchmark,2022-09-23,-0.020020648754761
bil_cash,Equal_Weight,benchmark,2022-09-30,-0.0083560312208515
bil_cash,Equal_Weight,benchmark,2022-10-07,0.0061515274746312
bil_cash,Equal_Weight,benchmark,2022-10-14,-0.0174527504367275
bil_cash,Equal_Weight,benchmark,2022-10-21,-0.0001383260467585
bil_cash,Equal_Weight,benchmark,2022-10-28,0.0292871604606367
bil_cash,Equal_Weight,benchmark,2022-11-04,-0.0014909402316843
bil_cash,Equal_Weight,benchmark,2022-11-11,-0.0088817290494046
bil_cash,Equal_Weight,benchmark,2022-11-18,-0.0036402853294023
bil_cash,Equal_Weight,benchmark,2022-11-25,0.0082553085780968
bil_cash,Equal_Weight,benchmark,2022-12-02,0.0228809351133352
bil_cash,Equal_Weight,benchmark,2022-12-09,-0.0076403428008365
bil_cash,Equal_Weight,benchmark,2022-12-16,-0.0081023889778774
bil_cash,Equal_Weight,benchmark,2022-12-23,-0.0068721163519332
bil_cash,Equal_Weight,benchmark,2022-12-30,-0.0046779007901034
bil_cash,Equal_Weight,benchmark,2023-01-06,0.0232952696983432
bil_cash,Equal_Weight,benchmark,2023-01-13,0.0492603960030735
bil_cash,Equal_Weight,benchmark,2023-01-20,0.0261741914080677
bil_cash,Equal_Weight,benchmark,2023-01-27,0.0095549739971864
bil_cash,Equal_Weight,benchmark,2023-02-03,0.0007338862190584
bil_cash,Equal_Weight,benchmark,2023-02-10,-0.0236152091841523
bil_cash,Equal_Weight,benchmark,2023-02-17,0.0223813410024019
bil_cash,Equal_Weight,benchmark,2023-02-24,-0.0224762632279406
bil_cash,Equal_Weight,benchmark,2023-03-03,0.0041398255837157
bil_cash,Equal_Weight,benchmark,2023-03-10,-0.0194853847257921
bil_cash,Equal_Weight,benchmark,2023-03-17,0.0886616824831102
bil_cash,Equal_Weight,benchmark,2023-03-24,0.0035254348796049
bil_cash,Equal_Weight,benchmark,2023-03-31,0.0127150537055566
bil_cash,Equal_Weight,benchmark,2023-04-07,0.0043705220014104
bil_cash,Equal_Weight,benchmark,2023-04-14,0.0136309938635151
bil_cash,Equal_Weight,benchmark,2023-04-21,-0.0245175010302534
bil_cash,Equal_Weight,benchmark,2023-04-28,0.0215909694481714
bil_cash,Equal_Weight,benchmark,2023-05-05,0.0002572106499536
bil_cash,Equal_Weight,benchmark,2023-05-12,-0.0206220269048142
bil_cash,Equal_Weight,benchmark,2023-05-19,-0.0052700481275443
bil_cash,Equal_Weight,benchmark,2023-05-26,-0.0033875341727535
bil_cash,Equal_Weight,benchmark,2023-06-02,0.010390659860892
bil_cash,Equal_Weight,benchmark,2023-06-09,-0.0035671668239344
bil_cash,Equal_Weight,benchmark,2023-06-16,0.0051545004849216
bil_cash,Equal_Weight,benchmark,2023-06-23,0.0281365726504662
bil_cash,Equal_Weight,benchmark,2023-06-30,0.0027690163313339
bil_cash,Equal_Weight,benchmark,2023-07-07,-0.0094234417779723
bil_cash,Equal_Weight,benchmark,2023-07-14,0.0126425352911231
bil_cash,Equal_Weight,benchmark,2023-07-21,0.0003569787308738
bil_cash,Equal_Weight,benchmark,2023-07-28,-0.0057752206663765
bil_cash,Equal_Weight,benchmark,2023-08-04,-0.0137459669636566
bil_cash,Equal_Weight,benchmark,2023-08-11,-0.0033745272336466
bil_cash,Equal_Weight,benchmark,2023-08-18,-0.032599857235937
bil_cash,Equal_Weight,benchmark,2023-08-25,0.0074766165881272
bil_cash,Equal_Weight,benchmark,2023-09-01,0.00605741230599
bil_cash,Equal_Weight,benchmark,2023-09-08,-0.0047913343790849
bil_cash,Equal_Weight,benchmark,2023-09-15,0.0026648359062408
bil_cash,Equal_Weight,benchmark,2023-09-22,-0.0088417084481536
bil_cash,Equal_Weight,benchmark,2023-09-29,-0.0126924832398884
bil_cash,Equal_Weight,benchmark,2023-10-06,-0.0013483580183495
bil_cash,Equal_Weight,benchmark,2023-10-13,0.0107619559095912
bil_cash,Equal_Weight,benchmark,2023-10-20,0.0117654281332043
bil_cash,Equal_Weight,benchmark,2023-10-27,0.0292112498358347
bil_cash,Equal_Weight,benchmark,2023-11-03,0.023694568195874
bil_cash,Equal_Weight,benchmark,2023-11-10,0.0129153602525729
bil_cash,Equal_Weight,benchmark,2023-11-17,0.0102891726980475
bil_cash,Equal_Weight,benchmark,2023-11-24,0.0097973322801935
bil_cash,Equal_Weight,benchmark,2023-12-01,0.0217770738131782
bil_cash,Equal_Weight,benchmark,2023-12-08,0.0256922969408725
bil_cash,Equal_Weight,benchmark,2023-12-15,0.006777696286729
bil_cash,Equal_Weight,benchmark,2023-12-22,0.0140729445692166
bil_cash,Equal_Weight,benchmark,2023-12-29,-0.0059953449025053
bil_cash,Equal_Weight,benchmark,2024-01-05,-0.0002753159591709
bil_cash,Equal_Weight,benchmark,2024-01-12,-0.0010876740956877
bil_cash,Equal_Weight,benchmark,2024-01-19,-0.0100872707045951
bil_cash,Equal_Weight,benchmark,2024-01-26,0.0015766186549308
bil_cash,Equal_Weight,benchmark,2024-02-02,0.016859269257465
bil_cash,Equal_Weight,benchmark,2024-02-09,0.0155991844064714
bil_cash,Equal_Weight,benchmark,2024-02-16,0.0171652668936116
bil_cash,Equal_Weight,benchmark,2024-02-23,0.0028778260818904
bil_cash,Equal_Weight,benchmark,2024-03-01,0.0547739546024313
bil_cash,Equal_Weight,benchmark,2024-03-08,0.0302320371558929
bil_cash,Equal_Weight,benchmark,2024-03-15,-0.0044025629411765
bil_cash,Equal_Weight,benchmark,2024-03-22,-0.008691744155627
bil_cash,Equal_Weight,benchmark,2024-03-29,0.0268052839327287
bil_cash,Equal_Weight,benchmark,2024-04-05,-0.0044554363535084
bil_cash,Equal_Weight,benchmark,2024-04-12,-0.0054218805655197
bil_cash,Equal_Weight,benchmark,2024-04-19,-0.0146095472953627
bil_cash,Equal_Weight,benchmark,2024-04-26,-0.0008426898294363
bil_cash,Equal_Weight,benchmark,2024-05-03,-0.0003259236427825
bil_cash,Equal_Weight,benchmark,2024-05-10,0.0032649500038236
bil_cash,Equal_Weight,benchmark,2024-05-17,0.0314394926863634
bil_cash,Equal_Weight,benchmark,2024-05-24,-0.0022878064516867
bil_cash,Equal_Weight,benchmark,2024-05-31,-0.0063026487882745
bil_cash,Equal_Weight,benchmark,2024-06-07,0.0077877375294763
bil_cash,Equal_Weight,benchmark,2024-06-14,0.0047486481976666
bil_cash,Equal_Weight,benchmark,2024-06-21,-0.0067229763108059
bil_cash,Equal_Weight,benchmark,2024-06-28,-0.0161406500610357
bil_cash,Equal_Weight,benchmark,2024-07-05,-0.0002273317077108
bil_cash,Equal_Weight,benchmark,2024-07-12,0.0114478306043605
bil_cash,Equal_Weight,benchmark,2024-07-19,0.0232936433711549
bil_cash,Equal_Weight,benchmark,2024-07-26,0.001322505337322
bil_cash,Equal_Weight,benchmark,2024-08-02,-0.0067980887832079
bil_cash,Equal_Weight,benchmark,2024-08-09,-0.0063580899998363
bil_cash,Equal_Weight,benchmark,2024-08-16,0.010785198722592
bil_cash,Equal_Weight,benchmark,2024-08-23,0.0226314812418085
bil_cash,Equal_Weight,benchmark,2024-08-30,-0.0192673702027728
bil_cash,Equal_Weight,benchmark,2024-09-06,-0.0190705579933591
bil_cash,Equal_Weight,benchmark,2024-09-13,0.0414495576995862
bil_cash,Equal_Weight,benchmark,2024-09-20,0.0116478463144648
bil_cash,Equal_Weight,benchmark,2024-09-27,0.0112007287626059
bil_cash,Equal_Weight,benchmark,2024-10-04,-0.0161301562527862
bil_cash,Equal_Weight,benchmark,2024-10-11,0.0002285507833866
bil_cash,Equal_Weight,benchmark,2024-10-18,0.0261028413410035
bil_cash,Equal_Weight,benchmark,2024-10-25,-0.0089711715964017
bil_cash,Equal_Weight,benchmark,2024-11-01,0.0031270383344215
bil_cash,Equal_Weight,benchmark,2024-11-08,0.030118046183891
bil_cash,Equal_Weight,benchmark,2024-11-15,0.0195073519538201
bil_cash,Equal_Weight,benchmark,2024-11-22,0.0328376049316138
bil_cash,Equal_Weight,benchmark,2024-11-29,0.0039108494773888
bil_cash,Equal_Weight,benchmark,2024-12-06,0.0064632537800152
bil_cash,Equal_Weight,benchmark,2024-12-13,-0.005789362983334
bil_cash,Equal_Weight,benchmark,2024-12-20,-0.0159181060861967
bil_cash,Equal_Weight,benchmark,2024-12-27,-0.0091845349307906
bil_cash,Equal_Weight,benchmark,2025-01-03,0.0096224459538542
bil_cash,Equal_Weight,benchmark,2025-01-10,-0.0109562965142102
bil_cash,Equal_Weight,benchmark,2025-01-17,0.0316009136325246
bil_cash,Equal_Weight,benchmark,2025-01-24,0.0094804162213593
bil_cash,Equal_Weight,benchmark,2025-01-31,-0.0029842916079871
bil_cash,Equal_Weight,benchmark,2025-02-07,-0.0033609858251333
bil_cash,Equal_Weight,benchmark,2025-02-14,0.0067204512171813
bil_cash,Equal_Weight,benchmark,2025-02-21,-0.0014902234985726
bil_cash,Equal_Weight,benchmark,2025-02-28,-0.025466046118566
bil_cash,Equal_Weight,benchmark,2025-03-07,-0.0008731267437991
bil_cash,Equal_Weight,benchmark,2025-03-14,-0.0055570841052707
bil_cash,Equal_Weight,benchmark,2025-03-21,0.0049071575383728
bil_cash,Equal_Weight,benchmark,2025-03-28,0.0007051193360345
bil_cash,Equal_Weight,benchmark,2025-04-04,-0.0154881144492094
bil_cash,Equal_Weight,benchmark,2025-04-11,0.0106542444585928
bil_cash,Equal_Weight,benchmark,2025-04-18,0.0068116335288629
bil_cash,Equal_Weight,benchmark,2025-04-25,0.0358790384500081
bil_cash,Equal_Weight,benchmark,2025-05-02,0.0043218014084371
bil_cash,Equal_Weight,benchmark,2025-05-09,0.0162036573197535
bil_cash,Equal_Weight,benchmark,2025-05-16,0.0018062468648668
bil_cash,Equal_Weight,benchmark,2025-05-23,0.0089450973234279
bil_cash,Equal_Weight,benchmark,2025-05-30,-0.0023509579988426
bil_cash,Equal_Weight,benchmark,2025-06-06,0.0038497693019514
bil_cash,Equal_Weight,benchmark,2025-06-13,0.0122961198098609
bil_cash,Equal_Weight,benchmark,2025-06-20,-0.0089595270104373
bil_cash,Equal_Weight,benchmark,2025-06-27,0.0107681650567449
bil_cash,Equal_Weight,benchmark,2025-07-04,0.0090591003611714
bil_cash,Equal_Weight,benchmark,2025-07-11,0.0157246861533636
bil_cash,Equal_Weight,benchmark,2025-07-18,0.0005048111987787
bil_cash,Equal_Weight,benchmark,2025-07-25,0.004714106466245
bil_cash,Equal_Weight,benchmark,2025-08-01,-0.0068872395964841
bil_cash,Equal_Weight,benchmark,2025-08-08,0.0124140038880742
bil_cash,Equal_Weight,benchmark,2025-08-15,-0.0022736901377103
bil_cash,Equal_Weight,benchmark,2025-08-22,0.0033947645980339
bil_cash,Equal_Weight,benchmark,2025-08-29,-0.0105994194426299
bil_cash,Equal_Weight,benchmark,2025-09-05,0.0184569438220238
bil_cash,Equal_Weight,benchmark,2025-09-12,0.018926611682596
bil_cash,Equal_Weight,benchmark,2025-09-19,0.0021111719503321
bil_cash,Equal_Weight,benchmark,2025-09-26,-0.0065786042546492
bil_cash,Equal_Weight,benchmark,2025-10-03,0.0333182085715447
bil_cash,Equal_Weight,benchmark,2025-10-10,-0.0102764104603778
bil_cash,Equal_Weight,benchmark,2025-10-17,0.003719469719839
bil_cash,Equal_Weight,benchmark,2025-10-24,0.007318109216745
bil_cash,Equal_Weight,benchmark,2025-10-31,-0.0086704379743992
bil_cash,Equal_Weight,benchmark,2025-11-07,-0.0151559230978463
bil_cash,Equal_Weight,benchmark,2025-11-14,-0.0143334448462154
bil_cash,Equal_Weight,benchmark,2025-11-21,-0.0229088161374799
bil_cash,Equal_Weight,benchmark,2025-11-28,0.0300827175647683
bil_cash,Equal_Weight,benchmark,2025-12-05,-0.0070859204113389
bil_cash,Equal_Weight,benchmark,2025-12-12,0.0037785981243634
bil_cash,Equal_Weight,benchmark,2025-12-19,-0.001340331914396
bil_cash,Equal_Weight,benchmark,2025-12-26,0.0104830819560119
bil_cash,Equal_Weight,benchmark,2026-01-02,-0.0063594818297462
bil_cash,Equal_Weight,benchmark,2026-01-09,0.0147625042589123
bil_cash,Equal_Weight,benchmark,2026-01-16,0.0135285793519424
bil_cash,Equal_Weight,benchmark,2026-01-23,0.0045234631162505
bil_cash,Equal_Weight,benchmark,2026-01-30,-0.0186033535862224
bil_cash,Equal_Weight,benchmark,2026-02-06,-0.0260841592057207
bil_cash,Equal_Weight,benchmark,2026-02-13,0.0008971496908184
bil_cash,Equal_Weight,benchmark,2026-02-20,0.0017892991671114
bil_cash,Equal_Weight,benchmark,2026-02-27,0.0024989242479875
bil_cash,Equal_Weight,benchmark,2026-03-06,-0.0057683291238406
bil_cash,Equal_Weight,benchmark,2026-03-13,-0.0042285771014628
bil_cash,Equal_Weight,benchmark,2026-03-20,-0.0269712131656887
bil_cash,Equal_Weight,benchmark,2026-03-27,-0.0160045343381627
bil_cash,Equal_Weight,benchmark,2026-04-03,0.0193519673806861
bil_cash,Equal_Weight,benchmark,2026-04-10,0.0283357240257071
bil_cash,Equal_Weight,benchmark,2026-04-17,0.0258965143374031
bil_cash,Equal_Weight,benchmark,2026-04-24,-0.0044609438479172
bil_cash,Equal_Weight,benchmark,2026-05-01,-0.0025770649400216
bil_cash,Equal_Weight,benchmark,2026-05-08,0.0160802003239389
bil_cash,Equal_Weight,benchmark,2026-05-15,-0.0005937570898744
bil_cash,defensive_risk_off_12p,benchmark,2022-01-07,-0.0186751432462762
bil_cash,defensive_risk_off_12p,benchmark,2022-01-14,-0.0029394361626996
bil_cash,defensive_risk_off_12p,benchmark,2022-01-21,-0.0575399185878348
bil_cash,defensive_risk_off_12p,benchmark,2022-01-28,-0.0237210025120057
bil_cash,defensive_risk_off_12p,benchmark,2022-02-04,-0.0004
bil_cash,defensive_risk_off_12p,benchmark,2022-02-11,0.0
bil_cash,defensive_risk_off_12p,benchmark,2022-02-18,0.0186437696627774
bil_cash,defensive_risk_off_12p,benchmark,2022-02-25,-0.0032181124725786
bil_cash,defensive_risk_off_12p,benchmark,2022-03-04,0.0403851005424973
bil_cash,defensive_risk_off_12p,benchmark,2022-03-11,0.0076764139717613
bil_cash,defensive_risk_off_12p,benchmark,2022-03-18,-0.0312820433340055
bil_cash,defensive_risk_off_12p,benchmark,2022-03-25,0.0171779240302945
bil_cash,defensive_risk_off_12p,benchmark,2022-04-01,-0.0157912315259726
bil_cash,defensive_risk_off_12p,benchmark,2022-04-08,0.0109749371626914
bil_cash,defensive_risk_off_12p,benchmark,2022-04-15,0.0141620766415495
bil_cash,defensive_risk_off_12p,benchmark,2022-04-22,-0.0272394891878126
bil_cash,defensive_risk_off_12p,benchmark,2022-04-29,-0.0191475165005922
bil_cash,defensive_risk_off_12p,benchmark,2022-05-06,-0.0084223925290845
bil_cash,defensive_risk_off_12p,benchmark,2022-05-13,-0.0377950345001555
bil_cash,defensive_risk_off_12p,benchmark,2022-05-20,-0.0002911239785964
bil_cash,defensive_risk_off_12p,benchmark,2022-05-27,0.0
bil_cash,defensive_risk_off_12p,benchmark,2022-06-03,-9.840215430645394e-05
bil_cash,defensive_risk_off_12p,benchmark,2022-06-10,0.0
bil_cash,defensive_risk_off_12p,benchmark,2022-06-17,0.0002187368440793
bil_cash,defensive_risk_off_12p,benchmark,2022-06-24,0.0001094431907437
bil_cash,defensive_risk_off_12p,benchmark,2022-07-01,0.0003610539340965
bil_cash,defensive_risk_off_12p,benchmark,2022-07-08,-0.0001096876378184
bil_cash,defensive_risk_off_12p,benchmark,2022-07-15,0.0
bil_cash,defensive_risk_off_12p,benchmark,2022-07-22,0.0004379108250194
bil_cash,defensive_risk_off_12p,benchmark,2022-07-29,0.0001091586148629
bil_cash,defensive_risk_off_12p,benchmark,2022-08-05,0.0031925287374238
bil_cash,defensive_risk_off_12p,benchmark,2022-08-12,0.032964762801517
bil_cash,defensive_risk_off_12p,benchmark,2022-08-19,-0.0116131654520263
bil_cash,defensive_risk_off_12p,benchmark,2022-08-26,-0.0398682584962613
bil_cash,defensive_risk_off_12p,benchmark,2022-09-02,0.0002451654818943
bil_cash,defensive_risk_off_12p,benchmark,2022-09-09,0.0362102334866267
bil_cash,defensive_risk_off_12p,benchmark,2022-09-16,-0.0478509543710293
bil_cash,defensive_risk_off_12p,benchmark,2022-09-23,0.0001461532419885
bil_cash,defensive_risk_off_12p,benchmark,2022-09-30,0.0004369984845544
bil_cash,defensive_risk_off_12p,benchmark,2022-10-07,0.0002733975627746
bil_cash,defensive_risk_off_12p,benchmark,2022-10-14,0.0004371790923345
bil_cash,defensive_risk_off_12p,benchmark,2022-10-21,0.000546406796327
bil_cash,defensive_risk_off_12p,benchmark,2022-10-28,0.0003274884957282
bil_cash,defensive_risk_off_12p,benchmark,2022-11-04,0.0009634167349976
bil_cash,defensive_risk_off_12p,benchmark,2022-11-11,0.0005461877884909
bil_cash,defensive_risk_off_12p,benchmark,2022-11-18,-0.0111559813971843
bil_cash,defensive_risk_off_12p,benchmark,2022-11-25,0.0026414887419676
bil_cash,defensive_risk_off_12p,benchmark,2022-12-02,0.0109837150731168
bil_cash,defensive_risk_off_12p,benchmark,2022-12-09,-0.0334965521745558
bil_cash,defensive_risk_off_12p,benchmark,2022-12-16,-0.0209772416809668
bil_cash,defensive_risk_off_12p,benchmark,2022-12-23,-0.0009393135660251
bil_cash,defensive_risk_off_12p,benchmark,2022-12-30,-0.0012535401827052
bil_cash,defensive_risk_off_12p,benchmark,2023-01-06,0.014773929732289
bil_cash,defensive_risk_off_12p,benchmark,2023-01-13,0.0268501359925759
bil_cash,defensive_risk_off_12p,benchmark,2023-01-20,-0.0065746598794605
bil_cash,defensive_risk_off_12p,benchmark,2023-01-27,0.0247549003840537
bil_cash,defensive_risk_off_12p,benchmark,2023-02-03,0.0164415001530964
bil_cash,defensive_risk_off_12p,benchmark,2023-02-10,-0.0104521455432007
bil_cash,defensive_risk_off_12p,benchmark,2023-02-17,-0.0019115691359679
bil_cash,defensive_risk_off_12p,benchmark,2023-02-24,-0.026715124550153
bil_cash,defensive_risk_off_12p,benchmark,2023-03-03,0.0004198707237133
bil_cash,defensive_risk_off_12p,benchmark,2023-03-10,-0.0456262703631984
bil_cash,defensive_risk_off_12p,benchmark,2023-03-17,0.0144291974979238
bil_cash,defensive_risk_off_12p,benchmark,2023-03-24,0.014769840874871
bil_cash,defensive_risk_off_12p,benchmark,2023-03-31,0.0344661211796597
bil_cash,defensive_risk_off_12p,benchmark,2023-04-07,-0.0004887200484676
bil_cash,defensive_risk_off_12p,benchmark,2023-04-14,0.0079914456585881
bil_cash,defensive_risk_off_12p,benchmark,2023-04-21,-0.0006302458820078
bil_cash,defensive_risk_off_12p,benchmark,2023-04-28,0.0090488895153177
bil_cash,defensive_risk_off_12p,benchmark,2023-05-05,-0.007933846590442
bil_cash,defensive_risk_off_12p,benchmark,2023-05-12,-0.0025204055705621
bil_cash,defensive_risk_off_12p,benchmark,2023-05-19,0.0170799571356057
bil_cash,defensive_risk_off_12p,benchmark,2023-05-26,0.0033441719939535
bil_cash,defensive_risk_off_12p,benchmark,2023-06-02,0.0188088238203223
bil_cash,defensive_risk_off_12p,benchmark,2023-06-09,0.0046268086625786
bil_cash,defensive_risk_off_12p,benchmark,2023-06-16,0.0260350313655257
bil_cash,defensive_risk_off_12p,benchmark,2023-06-23,-0.0142221208642295
bil_cash,defensive_risk_off_12p,benchmark,2023-06-30,0.0232453572956532
bil_cash,defensive_risk_off_12p,benchmark,2023-07-07,-0.0106705006008281
bil_cash,defensive_risk_off_12p,benchmark,2023-07-14,0.0244669777500097
bil_cash,defensive_risk_off_12p,benchmark,2023-07-21,0.0064547775269521
bil_cash,defensive_risk_off_12p,benchmark,2023-07-28,0.0104826298598643
bil_cash,defensive_risk_off_12p,benchmark,2023-08-04,-0.0221264630304435
bil_cash,defensive_risk_off_12p,benchmark,2023-08-11,-0.0025960425060239
bil_cash,defensive_risk_off_12p,benchmark,2023-08-18,-0.020531998545461
bil_cash,defensive_risk_off_12p,benchmark,2023-08-25,0.0079497145646614
bil_cash,defensive_risk_off_12p,benchmark,2023-09-01,0.025501686171099
bil_cash,defensive_risk_off_12p,benchmark,2023-09-08,-0.0125667429870494
bil_cash,defensive_risk_off_12p,benchmark,2023-09-15,-0.0013156087248736
bil_cash,defensive_risk_off_12p,benchmark,2023-09-22,-0.0292079062381542
bil_cash,defensive_risk_off_12p,benchmark,2023-09-29,0.0005812701183906
bil_cash,defensive_risk_off_12p,benchmark,2023-10-06,0.0011374395817502
bil_cash,defensive_risk_off_12p,benchmark,2023-10-13,0.0009832332801735
bil_cash,defensive_risk_off_12p,benchmark,2023-10-20,0.0009824551526114
bil_cash,defensive_risk_off_12p,benchmark,2023-10-27,0.0010901392039048
bil_cash,defensive_risk_off_12p,benchmark,2023-11-03,-0.0077059395914234
bil_cash,defensive_risk_off_12p,benchmark,2023-11-10,-0.0285729691603008
bil_cash,defensive_risk_off_12p,benchmark,2023-11-17,0.0227043871925262
bil_cash,defensive_risk_off_12p,benchmark,2023-11-24,0.0100045265273991
bil_cash,defensive_risk_off_12p,benchmark,2023-12-01,0.0083461366806947
bil_cash,defensive_risk_off_12p,benchmark,2023-12-08,0.0023960763024699
bil_cash,defensive_risk_off_12p,benchmark,2023-12-15,0.0239740926385889
bil_cash,defensive_risk_off_12p,benchmark,2023-12-22,0.0092045114633632
bil_cash,defensive_risk_off_12p,benchmark,2023-12-29,0.0035046947073138
bil_cash,defensive_risk_off_12p,benchmark,2024-01-05,-0.0155477502701575
bil_cash,defensive_risk_off_12p,benchmark,2024-01-12,0.0187210958206425
bil_cash,defensive_risk_off_12p,benchmark,2024-01-19,0.0120627498230603
bil_cash,defensive_risk_off_12p,benchmark,2024-01-26,0.0103227317780358
bil_cash,defensive_risk_off_12p,benchmark,2024-02-02,0.0142385706873429
bil_cash,defensive_risk_off_12p,benchmark,2024-02-09,0.0138565044181688
bil_cash,defensive_risk_off_12p,benchmark,2024-02-16,-0.0033717974634157
bil_cash,defensive_risk_off_12p,benchmark,2024-02-23,0.0166962447825018
bil_cash,defensive_risk_off_12p,benchmark,2024-03-01,0.0098454302278641
bil_cash,defensive_risk_off_12p,benchmark,2024-03-08,-0.0022033647720639
bil_cash,defensive_risk_off_12p,benchmark,2024-03-15,-0.000597955138045
bil_cash,defensive_risk_off_12p,benchmark,2024-03-22,0.022321277473464
bil_cash,defensive_risk_off_12p,benchmark,2024-03-29,0.0035684738785528
bil_cash,defensive_risk_off_12p,benchmark,2024-04-05,-0.008870517976383
bil_cash,defensive_risk_off_12p,benchmark,2024-04-12,-0.0146211743344791
bil_cash,defensive_risk_off_12p,benchmark,2024-04-19,-0.0307134663442056
bil_cash,defensive_risk_off_12p,benchmark,2024-04-26,0.0264560880025312
bil_cash,defensive_risk_off_12p,benchmark,2024-05-03,0.0059615092468956
bil_cash,defensive_risk_off_12p,benchmark,2024-05-10,0.0186783996818762
bil_cash,defensive_risk_off_12p,benchmark,2024-05-17,0.0165309037655898
bil_cash,defensive_risk_off_12p,benchmark,2024-05-24,-1.8893738544245583e-05
bil_cash,defensive_risk_off_12p,benchmark,2024-05-31,-0.0039098968925589
bil_cash,defensive_risk_off_12p,benchmark,2024-06-07,0.0125907749766926
bil_cash,defensive_risk_off_12p,benchmark,2024-06-14,0.016423049801618
bil_cash,defensive_risk_off_12p,benchmark,2024-06-21,0.0064236829422696
bil_cash,defensive_risk_off_12p,benchmark,2024-06-28,-0.0005327676725503
bil_cash,defensive_risk_off_12p,benchmark,2024-07-05,0.0191469180853609
bil_cash,defensive_risk_off_12p,benchmark,2024-07-12,0.0096457931973039
bil_cash,defensive_risk_off_12p,benchmark,2024-07-19,-0.0196433501832726
bil_cash,defensive_risk_off_12p,benchmark,2024-07-26,-0.0082878528751164
bil_cash,defensive_risk_off_12p,benchmark,2024-08-02,-0.0211961217306978
bil_cash,defensive_risk_off_12p,benchmark,2024-08-09,0.0001689842456396
bil_cash,defensive_risk_off_12p,benchmark,2024-08-16,0.0400007576698284
bil_cash,defensive_risk_off_12p,benchmark,2024-08-23,0.0141074754408438
bil_cash,defensive_risk_off_12p,benchmark,2024-08-30,0.0027573891143661
bil_cash,defensive_risk_off_12p,benchmark,2024-09-06,-0.0413709277358681
bil_cash,defensive_risk_off_12p,benchmark,2024-09-13,0.0345043386486467
bil_cash,defensive_risk_off_12p,benchmark,2024-09-20,0.0138043835345448
bil_cash,defensive_risk_off_12p,benchmark,2024-09-27,0.0056664443545477
bil_cash,defensive_risk_off_12p,benchmark,2024-10-04,0.0026423857813662
bil_cash,defensive_risk_off_12p,benchmark,2024-10-11,0.0115186536479747
bil_cash,defensive_risk_off_12p,benchmark,2024-10-18,0.0086443264854059
bil_cash,defensive_risk_off_12p,benchmark,2024-10-25,-0.0094940092261891
bil_cash,defensive_risk_off_12p,benchmark,2024-11-01,-0.0138160315966682
bil_cash,defensive_risk_off_12p,benchmark,2024-11-08,0.0475450172202664
bil_cash,defensive_risk_off_12p,benchmark,2024-11-15,-0.0207962006609542
bil_cash,defensive_risk_off_12p,benchmark,2024-11-22,0.0166626520170671
bil_cash,defensive_risk_off_12p,benchmark,2024-11-29,0.0118216191729927
bil_cash,defensive_risk_off_12p,benchmark,2024-12-06,0.0087296049637997
bil_cash,defensive_risk_off_12p,benchmark,2024-12-13,-0.005923005527934
bil_cash,defensive_risk_off_12p,benchmark,2024-12-20,-0.0183219804022479
bil_cash,defensive_risk_off_12p,benchmark,2024-12-27,0.0065296506346763
bil_cash,defensive_risk_off_12p,benchmark,2025-01-03,-0.0051427530764628
bil_cash,defensive_risk_off_12p,benchmark,2025-01-10,-0.0193597544391993
bil_cash,defensive_risk_off_12p,benchmark,2025-01-17,0.0005830506801966
bil_cash,defensive_risk_off_12p,benchmark,2025-01-24,0.0169866189743702
bil_cash,defensive_risk_off_12p,benchmark,2025-01-31,-0.0101154457751343
bil_cash,defensive_risk_off_12p,benchmark,2025-02-07,-0.0017446855357883
bil_cash,defensive_risk_off_12p,benchmark,2025-02-14,0.014864248820869
bil_cash,defensive_risk_off_12p,benchmark,2025-02-21,-0.0160079378539966
bil_cash,defensive_risk_off_12p,benchmark,2025-02-28,-0.0279910522647078
bil_cash,defensive_risk_off_12p,benchmark,2025-03-07,0.0194478134554856
bil_cash,defensive_risk_off_12p,benchmark,2025-03-14,0.0255224680952093
bil_cash,defensive_risk_off_12p,benchmark,2025-03-21,0.0118078771810468
bil_cash,defensive_risk_off_12p,benchmark,2025-03-28,0.020000745159749
bil_cash,defensive_risk_off_12p,benchmark,2025-04-04,-0.0152784495359836
bil_cash,defensive_risk_off_12p,benchmark,2025-04-11,0.0651007842685877
bil_cash,defensive_risk_off_12p,benchmark,2025-04-18,0.027489687653968
bil_cash,defensive_risk_off_12p,benchmark,2025-04-25,-0.0045406512251094
bil_cash,defensive_risk_off_12p,benchmark,2025-05-02,-0.0221507556087177
bil_cash,defensive_risk_off_12p,benchmark,2025-05-09,0.029733488908318
bil_cash,defensive_risk_off_12p,benchmark,2025-05-16,-0.0410637669596389
bil_cash,defensive_risk_off_12p,benchmark,2025-05-23,0.0527121067169373
bil_cash,defensive_risk_off_12p,benchmark,2025-05-30,-0.0198547018449858
bil_cash,defensive_risk_off_12p,benchmark,2025-06-06,0.0161425769148021
bil_cash,defensive_risk_off_12p,benchmark,2025-06-13,-0.0035718495596521
bil_cash,defensive_risk_off_12p,benchmark,2025-06-20,-0.0016132749958093
bil_cash,defensive_risk_off_12p,benchmark,2025-06-27,0.0347142713616763
bil_cash,defensive_risk_off_12p,benchmark,2025-07-04,0.0169618483537803
bil_cash,defensive_risk_off_12p,benchmark,2025-07-11,-0.002750556947425
bil_cash,defensive_risk_off_12p,benchmark,2025-07-18,0.0063499282876799
bil_cash,defensive_risk_off_12p,benchmark,2025-07-25,0.0151694028131423
bil_cash,defensive_risk_off_12p,benchmark,2025-08-01,-0.0241405905887579
bil_cash,defensive_risk_off_12p,benchmark,2025-08-08,0.0248665795099987
bil_cash,defensive_risk_off_12p,benchmark,2025-08-15,0.0098245205256075
bil_cash,defensive_risk_off_12p,benchmark,2025-08-22,0.0029061210683207
bil_cash,defensive_risk_off_12p,benchmark,2025-08-29,-0.0004028107279857
bil_cash,defensive_risk_off_12p,benchmark,2025-09-05,0.0033950694152806
bil_cash,defensive_risk_off_12p,benchmark,2025-09-12,0.0157127956247666
bil_cash,defensive_risk_off_12p,benchmark,2025-09-19,0.0123669398115859
bil_cash,defensive_risk_off_12p,benchmark,2025-09-26,-0.0028325562231473
bil_cash,defensive_risk_off_12p,benchmark,2025-10-03,0.0111661541395238
bil_cash,defensive_risk_off_12p,benchmark,2025-10-10,-0.0241927820470251
bil_cash,defensive_risk_off_12p,benchmark,2025-10-17,0.0174114706353449
bil_cash,defensive_risk_off_12p,benchmark,2025-10-24,0.0193560707689102
bil_cash,defensive_risk_off_12p,benchmark,2025-10-31,0.0071021742387391
bil_cash,defensive_risk_off_12p,benchmark,2025-11-07,-0.0162595831149804
bil_cash,defensive_risk_off_12p,benchmark,2025-11-14,0.0014308021887614
bil_cash,defensive_risk_off_12p,benchmark,2025-11-21,-0.0191983407406757
bil_cash,defensive_risk_off_12p,benchmark,2025-11-28,0.0369633625376812
bil_cash,defensive_risk_off_12p,benchmark,2025-12-05,0.003365588310136
bil_cash,defensive_risk_off_12p,benchmark,2025-12-12,-0.0057314023718574
bil_cash,defensive_risk_off_12p,benchmark,2025-12-19,0.001233668100784
bil_cash,defensive_risk_off_12p,benchmark,2025-12-26,0.0142816586824037
bil_cash,defensive_risk_off_12p,benchmark,2026-01-02,-0.0103431660037227
bil_cash,defensive_risk_off_12p,benchmark,2026-01-09,0.0159550146686624
bil_cash,defensive_risk_off_12p,benchmark,2026-01-16,-0.0034722813138657
bil_cash,defensive_risk_off_12p,benchmark,2026-01-23,-0.0035133148038901
bil_cash,defensive_risk_off_12p,benchmark,2026-01-30,0.0039754606543944
bil_cash,defensive_risk_off_12p,benchmark,2026-02-06,-0.001950937693641
bil_cash,defensive_risk_off_12p,benchmark,2026-02-13,-0.0128435082371082
bil_cash,defensive_risk_off_12p,benchmark,2026-02-20,0.0112651792695637
bil_cash,defensive_risk_off_12p,benchmark,2026-02-27,-0.0049896771880904
bil_cash,defensive_risk_off_12p,benchmark,2026-03-06,-0.0198399468125016
bil_cash,defensive_risk_off_12p,benchmark,2026-03-13,-0.0271576464413196
bil_cash,defensive_risk_off_12p,benchmark,2026-03-20,-0.1029858341989052
bil_cash,defensive_risk_off_12p,benchmark,2026-03-27,0.0002552688329481
bil_cash,defensive_risk_off_12p,benchmark,2026-04-03,0.0350714034773995
bil_cash,defensive_risk_off_12p,benchmark,2026-04-10,0.017978158764037
bil_cash,defensive_risk_off_12p,benchmark,2026-04-17,0.02013128290136
bil_cash,defensive_risk_off_12p,benchmark,2026-04-24,0.0049510402379591
bil_cash,defensive_risk_off_12p,benchmark,2026-05-01,0.0093985796421414
bil_cash,defensive_risk_off_12p,benchmark,2026-05-08,0.023548144214555
bil_cash,defensive_risk_off_12p,benchmark,2026-05-15,0.0143027410628864
bil_cash,momentum_winner_12p,benchmark,2022-01-07,-0.0186751432462762
bil_cash,momentum_winner_12p,benchmark,2022-01-14,-0.0029394361626996
bil_cash,momentum_winner_12p,benchmark,2022-01-21,-0.0575399185878348
bil_cash,momentum_winner_12p,benchmark,2022-01-28,-0.0237210025120057
bil_cash,momentum_winner_12p,benchmark,2022-02-04,-0.0004
bil_cash,momentum_winner_12p,benchmark,2022-02-11,0.0
bil_cash,momentum_winner_12p,benchmark,2022-02-18,0.0186437696627774
bil_cash,momentum_winner_12p,benchmark,2022-02-25,-0.0032181124725786
bil_cash,momentum_winner_12p,benchmark,2022-03-04,0.0403851005424973
bil_cash,momentum_winner_12p,benchmark,2022-03-11,0.0076764139717613
bil_cash,momentum_winner_12p,benchmark,2022-03-18,-0.0312820433340055
bil_cash,momentum_winner_12p,benchmark,2022-03-25,0.0171779240302945
bil_cash,momentum_winner_12p,benchmark,2022-04-01,-0.0157912315259726
bil_cash,momentum_winner_12p,benchmark,2022-04-08,-0.0874972893293195
bil_cash,momentum_winner_12p,benchmark,2022-04-15,0.0129620766415495
bil_cash,momentum_winner_12p,benchmark,2022-04-22,-0.0212511728007211
bil_cash,momentum_winner_12p,benchmark,2022-04-29,-0.0199475165005921
bil_cash,momentum_winner_12p,benchmark,2022-05-06,-0.0084223925290845
bil_cash,momentum_winner_12p,benchmark,2022-05-13,-0.0377950345001555
bil_cash,momentum_winner_12p,benchmark,2022-05-20,-0.0002911239785964
bil_cash,momentum_winner_12p,benchmark,2022-05-27,0.0
bil_cash,momentum_winner_12p,benchmark,2022-06-03,-9.840215430645394e-05
bil_cash,momentum_winner_12p,benchmark,2022-06-10,0.0
bil_cash,momentum_winner_12p,benchmark,2022-06-17,0.0002187368440793
bil_cash,momentum_winner_12p,benchmark,2022-06-24,0.0001094431907437
bil_cash,momentum_winner_12p,benchmark,2022-07-01,0.0003610539340965
bil_cash,momentum_winner_12p,benchmark,2022-07-08,-0.0001096876378184
bil_cash,momentum_winner_12p,benchmark,2022-07-15,0.0
bil_cash,momentum_winner_12p,benchmark,2022-07-22,0.0004379108250194
bil_cash,momentum_winner_12p,benchmark,2022-07-29,0.0001091586148629
bil_cash,momentum_winner_12p,benchmark,2022-08-05,-0.0067727041714661
bil_cash,momentum_winner_12p,benchmark,2022-08-12,0.032564762801517
bil_cash,momentum_winner_12p,benchmark,2022-08-19,-0.0116131654520263
bil_cash,momentum_winner_12p,benchmark,2022-08-26,-0.0398682584962613
bil_cash,momentum_winner_12p,benchmark,2022-09-02,0.0002451654818943
bil_cash,momentum_winner_12p,benchmark,2022-09-09,0.0362102334866267
bil_cash,momentum_winner_12p,benchmark,2022-09-16,-0.0478509543710293
bil_cash,momentum_winner_12p,benchmark,2022-09-23,0.0001461532419885
bil_cash,momentum_winner_12p,benchmark,2022-09-30,0.0004369984845544
bil_cash,momentum_winner_12p,benchmark,2022-10-07,0.0002733975627746
bil_cash,momentum_winner_12p,benchmark,2022-10-14,0.0004371790923345
bil_cash,momentum_winner_12p,benchmark,2022-10-21,0.000546406796327
bil_cash,momentum_winner_12p,benchmark,2022-10-28,0.0003274884957282
bil_cash,momentum_winner_12p,benchmark,2022-11-04,0.0009634167349976
bil_cash,momentum_winner_12p,benchmark,2022-11-11,0.0005461877884909
bil_cash,momentum_winner_12p,benchmark,2022-11-18,-0.0111559813971843
bil_cash,momentum_winner_12p,benchmark,2022-11-25,0.0026414887419676
bil_cash,momentum_winner_12p,benchmark,2022-12-02,0.0109837150731168
bil_cash,momentum_winner_12p,benchmark,2022-12-09,-0.0015957249480479
bil_cash,momentum_winner_12p,benchmark,2022-12-16,-0.0016162113995377
bil_cash,momentum_winner_12p,benchmark,2022-12-23,0.0028179221753239
bil_cash,momentum_winner_12p,benchmark,2022-12-30,0.0142293731972784
bil_cash,momentum_winner_12p,benchmark,2023-01-06,0.0239920262842627
bil_cash,momentum_winner_12p,benchmark,2023-01-13,0.0290713695111821
bil_cash,momentum_winner_12p,benchmark,2023-01-20,0.0029648623606139
bil_cash,momentum_winner_12p,benchmark,2023-01-27,-0.0003903846731589
bil_cash,momentum_winner_12p,benchmark,2023-02-03,-0.0321392393014365
bil_cash,momentum_winner_12p,benchmark,2023-02-10,-0.0778819037030738
bil_cash,momentum_winner_12p,benchmark,2023-02-17,0.1346077897372455
bil_cash,momentum_winner_12p,benchmark,2023-02-24,-0.0556662374375754
bil_cash,momentum_winner_12p,benchmark,2023-03-03,-0.0360135655483365
bil_cash,momentum_winner_12p,benchmark,2023-03-10,-0.097279734686313
bil_cash,momentum_winner_12p,benchmark,2023-03-17,0.3584781308664031
bil_cash,momentum_winner_12p,benchmark,2023-03-24,0.0025290127833725
bil_cash,momentum_winner_12p,benchmark,2023-03-31,0.035834175987006
bil_cash,momentum_winner_12p,benchmark,2023-04-07,-0.0194050003758319
bil_cash,momentum_winner_12p,benchmark,2023-04-14,0.0916655709453884
bil_cash,momentum_winner_12p,benchmark,2023-04-21,-0.1052555507904
bil_cash,momentum_winner_12p,benchmark,2023-04-28,0.0756446221614004
bil_cash,momentum_winner_12p,benchmark,2023-05-05,0.0066162684142296
bil_cash,momentum_winner_12p,benchmark,2023-05-12,-0.092414131965489
bil_cash,momentum_winner_12p,benchmark,2023-05-19,0.0031762246928863
bil_cash,momentum_winner_12p,benchmark,2023-05-26,-0.0063531822856115
bil_cash,momentum_winner_12p,benchmark,2023-06-02,0.019847039646931
bil_cash,momentum_winner_12p,benchmark,2023-06-09,-0.0282284925446841
bil_cash,momentum_winner_12p,benchmark,2023-06-16,0.0248350313655257
bil_cash,momentum_winner_12p,benchmark,2023-06-23,-0.0142221208642295
bil_cash,momentum_winner_12p,benchmark,2023-06-30,-0.0083090882713755
bil_cash,momentum_winner_12p,benchmark,2023-07-07,-0.0044290846278599
bil_cash,momentum_winner_12p,benchmark,2023-07-14,0.0232669777500097
bil_cash,momentum_winner_12p,benchmark,2023-07-21,-0.0152213377813711
bil_cash,momentum_winner_12p,benchmark,2023-07-28,0.0092826298598643
bil_cash,momentum_winner_12p,benchmark,2023-08-04,-0.0221264630304435
bil_cash,momentum_winner_12p,benchmark,2023-08-11,-0.0025960425060239
bil_cash,momentum_winner_12p,benchmark,2023-08-18,-0.1150917844778273
bil_cash,momentum_winner_12p,benchmark,2023-08-25,0.0067497145646614
bil_cash,momentum_winner_12p,benchmark,2023-09-01,0.025501686171099
bil_cash,momentum_winner_12p,benchmark,2023-09-08,-0.0125667429870494
bil_cash,momentum_winner_12p,benchmark,2023-09-15,-0.0013156087248736
bil_cash,momentum_winner_12p,benchmark,2023-09-22,-0.0292079062381542
bil_cash,momentum_winner_12p,benchmark,2023-09-29,0.0005812701183906
bil_cash,momentum_winner_12p,benchmark,2023-10-06,0.0011374395817502
bil_cash,momentum_winner_12p,benchmark,2023-10-13,0.0009832332801735
bil_cash,momentum_winner_12p,benchmark,2023-10-20,0.0009824551526114
bil_cash,momentum_winner_12p,benchmark,2023-10-27,0.1411999863136915
bil_cash,momentum_winner_12p,benchmark,2023-11-03,0.024256215564522
bil_cash,momentum_winner_12p,benchmark,2023-11-10,0.0743297371920856
bil_cash,momentum_winner_12p,benchmark,2023-11-17,-0.0192229660976493
bil_cash,momentum_winner_12p,benchmark,2023-11-24,0.0307021715061057
bil_cash,momentum_winner_12p,benchmark,2023-12-01,0.0256750140218002
bil_cash,momentum_winner_12p,benchmark,2023-12-08,0.1415877112209622
bil_cash,momentum_winner_12p,benchmark,2023-12-15,-0.050645593522396
bil_cash,momentum_winner_12p,benchmark,2023-12-22,0.0493240275915318
bil_cash,momentum_winner_12p,benchmark,2023-12-29,-0.0431497843957937
bil_cash,momentum_winner_12p,benchmark,2024-01-05,0.0490099371400294
bil_cash,momentum_winner_12p,benchmark,2024-01-12,-0.0296522561420401
bil_cash,momentum_winner_12p,benchmark,2024-01-19,-0.0288137791738157
bil_cash,momentum_winner_12p,benchmark,2024-01-26,0.0047686795731156
bil_cash,momentum_winner_12p,benchmark,2024-02-02,0.0327377024020003
bil_cash,momentum_winner_12p,benchmark,2024-02-09,0.0917277067327086
bil_cash,momentum_winner_12p,benchmark,2024-02-16,0.1063266533180697
bil_cash,momentum_winner_12p,benchmark,2024-02-23,-0.0273820618149672
bil_cash,momentum_winner_12p,benchmark,2024-03-01,0.2307950665026408
bil_cash,momentum_winner_12p,benchmark,2024-03-08,0.0938405117561043
bil_cash,momentum_winner_12p,benchmark,2024-03-15,0.016159270462202
bil_cash,momentum_winner_12p,benchmark,2024-03-22,-0.0810476353107151
bil_cash,momentum_winner_12p,benchmark,2024-03-29,0.0958636737604228
bil_cash,momentum_winner_12p,benchmark,2024-04-05,-0.0294048410278147
bil_cash,momentum_winner_12p,benchmark,2024-04-12,-0.0094604327566116
bil_cash,momentum_winner_12p,benchmark,2024-04-19,-0.0498884383119264
bil_cash,momentum_winner_12p,benchmark,2024-04-26,-0.0013822848497982
bil_cash,momentum_winner_12p,benchmark,2024-05-03,-0.0135750925688676
bil_cash,momentum_winner_12p,benchmark,2024-05-10,-0.0333449525267335
bil_cash,momentum_winner_12p,benchmark,2024-05-17,0.0214326953330404
bil_cash,momentum_winner_12p,benchmark,2024-05-24,0.0207863585097359
bil_cash,momentum_winner_12p,benchmark,2024-05-31,-0.0040714112747555
bil_cash,momentum_winner_12p,benchmark,2024-06-07,-0.0171853083873515
bil_cash,momentum_winner_12p,benchmark,2024-06-14,0.0195179088133061
bil_cash,momentum_winner_12p,benchmark,2024-06-21,-0.0044036386550622
bil_cash,momentum_winner_12p,benchmark,2024-06-28,-0.0009327676725503
bil_cash,momentum_winner_12p,benchmark,2024-07-05,0.0191469180853609
bil_cash,momentum_winner_12p,benchmark,2024-07-12,0.0096457931973039
bil_cash,momentum_winner_12p,benchmark,2024-07-19,-0.0196433501832726
bil_cash,momentum_winner_12p,benchmark,2024-07-26,-0.0082878528751164
bil_cash,momentum_winner_12p,benchmark,2024-08-02,-0.0968677776315511
bil_cash,momentum_winner_12p,benchmark,2024-08-09,-0.0217530262074975
bil_cash,momentum_winner_12p,benchmark,2024-08-16,0.0122581647799204
bil_cash,momentum_winner_12p,benchmark,2024-08-23,0.0097495951373929
bil_cash,momentum_winner_12p,benchmark,2024-08-30,-0.0193110006117882
bil_cash,momentum_winner_12p,benchmark,2024-09-06,-0.0032535104089169
bil_cash,momentum_winner_12p,benchmark,2024-09-13,0.0349043386486467
bil_cash,momentum_winner_12p,benchmark,2024-09-20,0.0147897358237354
bil_cash,momentum_winner_12p,benchmark,2024-09-27,0.0116014924268315
bil_cash,momentum_winner_12p,benchmark,2024-10-04,-0.0577914260488848
bil_cash,momentum_winner_12p,benchmark,2024-10-11,0.0007183723294004
bil_cash,momentum_winner_12p,benchmark,2024-10-18,0.0236281542466079
bil_cash,momentum_winner_12p,benchmark,2024-10-25,0.0081585665495309
bil_cash,momentum_winner_12p,benchmark,2024-11-01,-0.003355463757064
bil_cash,momentum_winner_12p,benchmark,2024-11-08,0.1004516531373246
bil_cash,momentum_winner_12p,benchmark,2024-11-15,0.1896980971585415
bil_cash,momentum_winner_12p,benchmark,2024-11-22,0.0870978803235873
bil_cash,momentum_winner_12p,benchmark,2024-11-29,-0.0155169380969453
bil_cash,momentum_winner_12p,benchmark,2024-12-06,0.0252323933924245
bil_cash,momentum_winner_12p,benchmark,2024-12-13,0.0153976774240762
bil_cash,momentum_winner_12p,benchmark,2024-12-20,-0.0365006427687838
bil_cash,momentum_winner_12p,benchmark,2024-12-27,-0.0367350637856926
bil_cash,momentum_winner_12p,benchmark,2025-01-03,0.0418688068847339
bil_cash,momentum_winner_12p,benchmark,2025-01-10,-0.0347168055808719
bil_cash,momentum_winner_12p,benchmark,2025-01-17,0.1030669077972503
bil_cash,momentum_winner_12p,benchmark,2025-01-24,0.0034217723079876
bil_cash,momentum_winner_12p,benchmark,2025-01-31,-0.0230344668445617
bil_cash,momentum_winner_12p,benchmark,2025-02-07,-0.057379387287443
bil_cash,momentum_winner_12p,benchmark,2025-02-14,0.0078565164975904
bil_cash,momentum_winner_12p,benchmark,2025-02-21,0.0167110351371009
bil_cash,momentum_winner_12p,benchmark,2025-02-28,-0.0275910522647078
bil_cash,momentum_winner_12p,benchmark,2025-03-07,0.0194478134554856
bil_cash,momentum_winner_12p,benchmark,2025-03-14,0.0255224680952093
bil_cash,momentum_winner_12p,benchmark,2025-03-21,0.0118078771810468
bil_cash,momentum_winner_12p,benchmark,2025-03-28,0.020000745159749
bil_cash,momentum_winner_12p,benchmark,2025-04-04,-0.0152784495359836
bil_cash,momentum_winner_12p,benchmark,2025-04-11,0.0651007842685877
bil_cash,momentum_winner_12p,benchmark,2025-04-18,0.027489687653968
bil_cash,momentum_winner_12p,benchmark,2025-04-25,-0.0045406512251094
bil_cash,momentum_winner_12p,benchmark,2025-05-02,-0.0221507556087177
bil_cash,momentum_winner_12p,benchmark,2025-05-09,0.029733488908318
bil_cash,momentum_winner_12p,benchmark,2025-05-16,-0.0410637669596389
bil_cash,momentum_winner_12p,benchmark,2025-05-23,0.0527121067169373
bil_cash,momentum_winner_12p,benchmark,2025-05-30,-0.0318579747026798
bil_cash,momentum_winner_12p,benchmark,2025-06-06,0.0037671040700153
bil_cash,momentum_winner_12p,benchmark,2025-06-13,0.0162910182964122
bil_cash,momentum_winner_12p,benchmark,2025-06-20,-0.0262168139312046
bil_cash,momentum_winner_12p,benchmark,2025-06-27,0.0365777049552735
bil_cash,momentum_winner_12p,benchmark,2025-07-04,0.0088329453775752
bil_cash,momentum_winner_12p,benchmark,2025-07-11,0.0877744669573006
bil_cash,momentum_winner_12p,benchmark,2025-07-18,0.0041375665420726
bil_cash,momentum_winner_12p,benchmark,2025-07-25,-0.003112997506093
bil_cash,momentum_winner_12p,benchmark,2025-08-01,-0.0366877586312583
bil_cash,momentum_winner_12p,benchmark,2025-08-08,0.0236665795099987
bil_cash,momentum_winner_12p,benchmark,2025-08-15,0.0048813501090006
bil_cash,momentum_winner_12p,benchmark,2025-08-22,0.0017061210683207
bil_cash,momentum_winner_12p,benchmark,2025-08-29,-0.0736134005593493
bil_cash,momentum_winner_12p,benchmark,2025-09-05,0.0021950694152806
bil_cash,momentum_winner_12p,benchmark,2025-09-12,0.0157127956247666
bil_cash,momentum_winner_12p,benchmark,2025-09-19,-0.0047548074080065
bil_cash,momentum_winner_12p,benchmark,2025-09-26,0.0210890433452549
bil_cash,momentum_winner_12p,benchmark,2025-10-03,0.0314357291372557
bil_cash,momentum_winner_12p,benchmark,2025-10-10,0.0320992618234703
bil_cash,momentum_winner_12p,benchmark,2025-10-17,0.0538307200369332
bil_cash,momentum_winner_12p,benchmark,2025-10-24,-0.0294866230716944
bil_cash,momentum_winner_12p,benchmark,2025-10-31,-0.0248993276383676
bil_cash,momentum_winner_12p,benchmark,2025-11-07,0.0005161426815345
bil_cash,momentum_winner_12p,benchmark,2025-11-14,0.0207705301164609
bil_cash,momentum_winner_12p,benchmark,2025-11-21,-0.0044951656554342
bil_cash,momentum_winner_12p,benchmark,2025-11-28,0.0363641656254822
bil_cash,momentum_winner_12p,benchmark,2025-12-05,-0.00371249464597
bil_cash,momentum_winner_12p,benchmark,2025-12-12,0.0232895143958722
bil_cash,momentum_winner_12p,benchmark,2025-12-19,0.0090531725423912
bil_cash,momentum_winner_12p,benchmark,2025-12-26,0.0444088058458043
bil_cash,momentum_winner_12p,benchmark,2026-01-02,-0.0442961844019246
bil_cash,momentum_winner_12p,benchmark,2026-01-09,0.0406498003691564
bil_cash,momentum_winner_12p,benchmark,2026-01-16,0.0164547670618677
bil_cash,momentum_winner_12p,benchmark,2026-01-23,0.087137104394831
bil_cash,momentum_winner_12p,benchmark,2026-01-30,-0.0284934231287526
bil_cash,momentum_winner_12p,benchmark,2026-02-06,0.0236205842447683
bil_cash,momentum_winner_12p,benchmark,2026-02-13,0.0157203789497184
bil_cash,momentum_winner_12p,benchmark,2026-02-20,0.0129696080224117
bil_cash,momentum_winner_12p,benchmark,2026-02-27,0.0322862981530034
bil_cash,momentum_winner_12p,benchmark,2026-03-06,-0.0211679384689922
bil_cash,momentum_winner_12p,benchmark,2026-03-13,-0.0267576464413196
bil_cash,momentum_winner_12p,benchmark,2026-03-20,-0.1029858341989052
bil_cash,momentum_winner_12p,benchmark,2026-03-27,0.0002552688329481
bil_cash,momentum_winner_12p,benchmark,2026-04-03,0.0350714034773995
bil_cash,momentum_winner_12p,benchmark,2026-04-10,0.017978158764037
bil_cash,momentum_winner_12p,benchmark,2026-04-17,0.02013128290136
bil_cash,momentum_winner_12p,benchmark,2026-04-24,0.0049510402379591
bil_cash,momentum_winner_12p,benchmark,2026-05-01,0.0093985796421414
bil_cash,momentum_winner_12p,benchmark,2026-05-08,0.0244816488443187
bil_cash,momentum_winner_12p,benchmark,2026-05-15,0.0107808859512157
bil_cash,risk_adjusted_momentum_winner_12p_12p,benchmark,2022-01-07,-0.0186751432462762
bil_cash,risk_adjusted_momentum_winner_12p_12p,benchmark,2022-01-14,-0.0029394361626996
bil_cash,risk_adjusted_momentum_winner_12p_12p,benchmark,2022-01-21,-0.0575399185878348
bil_cash,risk_adjusted_momentum_winner_12p_12p,benchmark,2022-01-28,-0.0237210025120057
bil_cash,risk_adjusted_momentum_winner_12p_12p,benchmark,2022-02-04,0.010532581942251
bil_cash,risk_adjusted_momentum_winner_12p_12p,benchmark,2022-02-11,-0.0187641990440358
bil_cash,risk_adjusted_momentum_winner_12p_12p,benchmark,2022-02-18,0.0186437696627774
bil_cash,risk_adjusted_momentum_winner_12p_12p,benchmark,2022-02-25,-0.0032181124725786
bil_cash,risk_adjusted_momentum_winner_12p_12p,benchmark,2022-03-04,0.0403851005424973
bil_cash,risk_adjusted_momentum_winner_12p_12p,benchmark,2022-03-11,0.0076764139717613
bil_cash,risk_adjusted_momentum_winner_12p_12p,benchmark,2022-03-18,-0.0312820433340055
bil_cash,risk_adjusted_momentum_winner_12p_12p,benchmark,2022-03-25,0.0171779240302945
bil_cash,risk_adjusted_momentum_winner_12p_12p,benchmark,2022-04-01,-0.0157912315259726
bil_cash,risk_adjusted_momentum_winner_12p_12p,benchmark,2022-04-08,0.0109749371626914
bil_cash,risk_adjusted_momentum_winner_12p_12p,benchmark,2022-04-15,0.0141620766415495
bil_cash,risk_adjusted_momentum_winner_12p_12p,benchmark,2022-04-22,-0.0203760059595837
bil_cash,risk_adjusted_momentum_winner_12p_12p,benchmark,2022-04-29,-0.0187475165005922
bil_cash,risk_adjusted_momentum_winner_12p_12p,benchmark,2022-05-06,-0.0001810902672358
bil_cash,risk_adjusted_momentum_winner_12p_12p,benchmark,2022-05-13,0.0001095789906075
bil_cash,risk_adjusted_momentum_winner_12p_12p,benchmark,2022-05-20,0.0001088760214036
bil_cash,risk_adjusted_momentum_winner_12p_12p,benchmark,2022-05-27,0.0
bil_cash,risk_adjusted_momentum_winner_12p_12p,benchmark,2022-06-03,-9.840215430645394e-05
bil_cash,risk_adjusted_momentum_winner_12p_12p,benchmark,2022-06-10,0.0
bil_cash,risk_adjusted_momentum_winner_12p_12p,benchmark,2022-06-17,0.0002187368440793
bil_cash,risk_adjusted_momentum_winner_12p_12p,benchmark,2022-06-24,0.0001094431907437
bil_cash,risk_adjusted_momentum_winner_12p_12p,benchmark,2022-07-01,0.0003610539340965
bil_cash,risk_adjusted_momentum_winner_12p_12p,benchmark,2022-07-08,-0.0001096876378184
bil_cash,risk_adjusted_momentum_winner_12p_12p,benchmark,2022-07-15,0.0
bil_cash,risk_adjusted_momentum_winner_12p_12p,benchmark,2022-07-22,0.0004379108250194
bil_cash,risk_adjusted_momentum_winner_12p_12p,benchmark,2022-07-29,0.0001091586148629
bil_cash,risk_adjusted_momentum_winner_12p_12p,benchmark,2022-08-05,0.0005144783048995
bil_cash,risk_adjusted_momentum_winner_12p_12p,benchmark,2022-08-12,0.0003281586427279
bil_cash,risk_adjusted_momentum_winner_12p_12p,benchmark,2022-08-19,0.0004372042923255
bil_cash,risk_adjusted_momentum_winner_12p_12p,benchmark,2022-08-26,0.0003283999811329
bil_cash,risk_adjusted_momentum_winner_12p_12p,benchmark,2022-09-02,0.0006451654818944
bil_cash,risk_adjusted_momentum_winner_12p_12p,benchmark,2022-09-09,0.0003276870039197
bil_cash,risk_adjusted_momentum_winner_12p_12p,benchmark,2022-09-16,0.0004376251841591
bil_cash,risk_adjusted_momentum_winner_12p_12p,benchmark,2022-09-23,0.0005461532419885
bil_cash,risk_adjusted_momentum_winner_12p_12p,benchmark,2022-09-30,0.0004369984845544
bil_cash,risk_adjusted_momentum_winner_12p_12p,benchmark,2022-10-07,0.0002733975627746
bil_cash,risk_adjusted_momentum_winner_12p_12p,benchmark,2022-10-14,0.0004371790923345
bil_cash,risk_adjusted_momentum_winner_12p_12p,benchmark,2022-10-21,0.000546406796327
bil_cash,risk_adjusted_momentum_winner_12p_12p,benchmark,2022-10-28,0.0003274884957282
bil_cash,risk_adjusted_momentum_winner_12p_12p,benchmark,2022-11-04,0.0009634167349976
bil_cash,risk_adjusted_momentum_winner_12p_12p,benchmark,2022-11-11,0.0005461877884909
bil_cash,risk_adjusted_momentum_winner_12p_12p,benchmark,2022-11-18,0.0006556353754885
bil_cash,risk_adjusted_momentum_winner_12p_12p,benchmark,2022-11-25,0.0005460211387764
bil_cash,risk_adjusted_momentum_winner_12p_12p,benchmark,2022-12-02,0.0007649511376826
bil_cash,risk_adjusted_momentum_winner_12p_12p,benchmark,2022-12-09,0.0009840130849998
bil_cash,risk_adjusted_momentum_winner_12p_12p,benchmark,2022-12-16,0.0006557542828768
bil_cash,risk_adjusted_momentum_winner_12p_12p,benchmark,2022-12-23,0.0009965459382217
bil_cash,risk_adjusted_momentum_winner_12p_12p,benchmark,2022-12-30,0.0006563287978269
bil_cash,risk_adjusted_momentum_winner_12p_12p,benchmark,2023-01-06,0.0002184379978886
bil_cash,risk_adjusted_momentum_winner_12p_12p,benchmark,2023-01-13,0.0009838760197429
bil_cash,risk_adjusted_momentum_winner_12p_12p,benchmark,2023-01-20,0.0006554996017784
bil_cash,risk_adjusted_momentum_winner_12p_12p,benchmark,2023-01-27,0.0008728113009961
bil_cash,risk_adjusted_momentum_winner_12p_12p,benchmark,2023-02-03,0.0008308708283826
bil_cash,risk_adjusted_momentum_winner_12p_12p,benchmark,2023-02-10,0.0006559934462762
bil_cash,risk_adjusted_momentum_winner_12p_12p,benchmark,2023-02-17,0.0010928319475829
bil_cash,risk_adjusted_momentum_winner_12p_12p,benchmark,2023-02-24,0.000764021346487
bil_cash,risk_adjusted_momentum_winner_12p_12p,benchmark,2023-03-03,0.0008198707237134
bil_cash,risk_adjusted_momentum_winner_12p_12p,benchmark,2023-03-10,0.0007648437278606
bil_cash,risk_adjusted_momentum_winner_12p_12p,benchmark,2023-03-17,0.0015286150218294
bil_cash,risk_adjusted_momentum_winner_12p_12p,benchmark,2023-03-24,0.0009813673370844
bil_cash,risk_adjusted_momentum_winner_12p_12p,benchmark,2023-03-31,0.000108837509358
bil_cash,risk_adjusted_momentum_winner_12p_12p,benchmark,2023-04-07,0.0010057457830536
bil_cash,risk_adjusted_momentum_winner_12p_12p,benchmark,2023-04-14,0.000983550517221
bil_cash,risk_adjusted_momentum_winner_12p_12p,benchmark,2023-04-21,0.0010914821964593
bil_cash,risk_adjusted_momentum_winner_12p_12p,benchmark,2023-04-28,0.0005447617015899
bil_cash,risk_adjusted_momentum_winner_12p_12p,benchmark,2023-05-05,0.0004702242228094
bil_cash,risk_adjusted_momentum_winner_12p_12p,benchmark,2023-05-12,0.0012028472825538
bil_cash,risk_adjusted_momentum_winner_12p_12p,benchmark,2023-05-19,0.0007643717615835
bil_cash,risk_adjusted_momentum_winner_12p_12p,benchmark,2023-05-26,0.0009819446355299
bil_cash,risk_adjusted_momentum_winner_12p_12p,benchmark,2023-06-02,0.0009946685878547
bil_cash,risk_adjusted_momentum_winner_12p_12p,benchmark,2023-06-09,0.000984022612918
bil_cash,risk_adjusted_momentum_winner_12p_12p,benchmark,2023-06-16,0.0010923366968578
bil_cash,risk_adjusted_momentum_winner_12p_12p,benchmark,2023-06-23,0.0007638490702941
bil_cash,risk_adjusted_momentum_winner_12p_12p,benchmark,2023-06-30,0.0010901212682439
bil_cash,risk_adjusted_momentum_winner_12p_12p,benchmark,2023-07-07,0.0007982469616658
bil_cash,risk_adjusted_momentum_winner_12p_12p,benchmark,2023-07-14,0.0010929192650146
bil_cash,risk_adjusted_momentum_winner_12p_12p,benchmark,2023-07-21,0.0008732667992632
bil_cash,risk_adjusted_momentum_winner_12p_12p,benchmark,2023-07-28,0.0009812592868674
bil_cash,risk_adjusted_momentum_winner_12p_12p,benchmark,2023-08-04,0.0011376231788564
bil_cash,risk_adjusted_momentum_winner_12p_12p,benchmark,2023-08-11,0.0009832590060041
bil_cash,risk_adjusted_momentum_winner_12p_12p,benchmark,2023-08-18,0.0009828612853213
bil_cash,risk_adjusted_momentum_winner_12p_12p,benchmark,2023-08-25,0.0009816124325088
bil_cash,risk_adjusted_momentum_winner_12p_12p,benchmark,2023-09-01,0.0011448002170526
bil_cash,risk_adjusted_momentum_winner_12p_12p,benchmark,2023-09-08,0.0008749396939156
bil_cash,risk_adjusted_momentum_winner_12p_12p,benchmark,2023-09-15,0.0009827275726383
bil_cash,risk_adjusted_momentum_winner_12p_12p,benchmark,2023-09-22,0.0009821396435993
bil_cash,risk_adjusted_momentum_winner_12p_12p,benchmark,2023-09-29,0.0009812701183906
bil_cash,risk_adjusted_momentum_winner_12p_12p,benchmark,2023-10-06,0.0011374395817502
bil_cash,risk_adjusted_momentum_winner_12p_12p,benchmark,2023-10-13,0.0009832332801735
bil_cash,risk_adjusted_momentum_winner_12p_12p,benchmark,2023-10-20,0.0009824551526114
bil_cash,risk_adjusted_momentum_winner_12p_12p,benchmark,2023-10-27,0.0010901392039048
bil_cash,risk_adjusted_momentum_winner_12p_12p,benchmark,2023-11-03,0.0008529765783062
bil_cash,risk_adjusted_momentum_winner_12p_12p,benchmark,2023-11-10,0.0010929827829482
bil_cash,risk_adjusted_momentum_winner_12p_12p,benchmark,2023-11-17,0.0010920698532177
bil_cash,risk_adjusted_momentum_winner_12p_12p,benchmark,2023-11-24,0.0008729829016342
bil_cash,risk_adjusted_momentum_winner_12p_12p,benchmark,2023-12-01,0.0010794801668254
bil_cash,risk_adjusted_momentum_winner_12p_12p,benchmark,2023-12-08,0.0009842092326521
bil_cash,risk_adjusted_momentum_winner_12p_12p,benchmark,2023-12-15,0.0010927077696931
bil_cash,risk_adjusted_momentum_winner_12p_12p,benchmark,2023-12-22,0.0011070430476656
bil_cash,risk_adjusted_momentum_winner_12p_12p,benchmark,2023-12-29,0.0008764074205962
bil_cash,risk_adjusted_momentum_winner_12p_12p,benchmark,2024-01-05,0.0008750832164234
bil_cash,risk_adjusted_momentum_winner_12p_12p,benchmark,2024-01-12,0.0012028132460213
bil_cash,risk_adjusted_momentum_winner_12p_12p,benchmark,2024-01-19,0.0008736381584106
bil_cash,risk_adjusted_momentum_winner_12p_12p,benchmark,2024-01-26,0.0009817768486268
bil_cash,risk_adjusted_momentum_winner_12p_12p,benchmark,2024-02-02,0.0010495845752569
bil_cash,risk_adjusted_momentum_winner_12p_12p,benchmark,2024-02-09,0.0008747062882545
bil_cash,risk_adjusted_momentum_winner_12p_12p,benchmark,2024-02-16,0.0012020967223813
bil_cash,risk_adjusted_momentum_winner_12p_12p,benchmark,2024-02-23,0.0008730768351845
bil_cash,risk_adjusted_momentum_winner_12p_12p,benchmark,2024-03-01,0.0010371114664202
bil_cash,risk_adjusted_momentum_winner_12p_12p,benchmark,2024-03-08,0.0008744464812633
bil_cash,risk_adjusted_momentum_winner_12p_12p,benchmark,2024-03-15,0.001092746340237
bil_cash,risk_adjusted_momentum_winner_12p_12p,benchmark,2024-03-22,0.0008731877659353
bil_cash,risk_adjusted_momentum_winner_12p_12p,benchmark,2024-03-29,0.0009811009221596
bil_cash,risk_adjusted_momentum_winner_12p_12p,benchmark,2024-04-05,0.0011489929934422
bil_cash,risk_adjusted_momentum_winner_12p_12p,benchmark,2024-04-12,0.0008742311469716
bil_cash,risk_adjusted_momentum_winner_12p_12p,benchmark,2024-04-19,0.00109199442729
bil_cash,risk_adjusted_momentum_winner_12p_12p,benchmark,2024-04-26,0.0008725147531987
bil_cash,risk_adjusted_momentum_winner_12p_12p,benchmark,2024-05-03,0.0011807418351186
bil_cash,risk_adjusted_momentum_winner_12p_12p,benchmark,2024-05-10,0.0008741896131945
bil_cash,risk_adjusted_momentum_winner_12p_12p,benchmark,2024-05-17,0.0009832531865572
bil_cash,risk_adjusted_momentum_winner_12p_12p,benchmark,2024-05-24,0.0013092615768346
bil_cash,risk_adjusted_momentum_winner_12p_12p,benchmark,2024-05-31,0.0005446987815738
bil_cash,risk_adjusted_momentum_winner_12p_12p,benchmark,2024-06-07,0.0010394949981284
bil_cash,risk_adjusted_momentum_winner_12p_12p,benchmark,2024-06-14,0.0012018841523016
bil_cash,risk_adjusted_momentum_winner_12p_12p,benchmark,2024-06-21,0.0008731718163297
bil_cash,risk_adjusted_momentum_winner_12p_12p,benchmark,2024-06-28,0.0008724100524595
bil_cash,risk_adjusted_momentum_winner_12p_12p,benchmark,2024-07-05,0.0011158598443132
bil_cash,risk_adjusted_momentum_winner_12p_12p,benchmark,2024-07-12,0.0009838833759396
bil_cash,risk_adjusted_momentum_winner_12p_12p,benchmark,2024-07-19,0.0009827357837042
bil_cash,risk_adjusted_momentum_winner_12p_12p,benchmark,2024-07-26,0.0010911471724988
bil_cash,risk_adjusted_momentum_winner_12p_12p,benchmark,2024-08-02,0.0011147275906968
bil_cash,risk_adjusted_momentum_winner_12p_12p,benchmark,2024-08-09,0.0007654768845415
bil_cash,risk_adjusted_momentum_winner_12p_12p,benchmark,2024-08-16,0.0012017281438672
bil_cash,risk_adjusted_momentum_winner_12p_12p,benchmark,2024-08-23,0.0008727146688169
bil_cash,risk_adjusted_momentum_winner_12p_12p,benchmark,2024-08-30,0.0009811385621367
bil_cash,risk_adjusted_momentum_winner_12p_12p,benchmark,2024-09-06,0.0011592545421463
bil_cash,risk_adjusted_momentum_winner_12p_12p,benchmark,2024-09-13,0.0009835181480852
bil_cash,risk_adjusted_momentum_winner_12p_12p,benchmark,2024-09-20,0.0012004196370836
bil_cash,risk_adjusted_momentum_winner_12p_12p,benchmark,2024-09-27,0.0007633204555945
bil_cash,risk_adjusted_momentum_winner_12p_12p,benchmark,2024-10-04,0.0008855618604814
bil_cash,risk_adjusted_momentum_winner_12p_12p,benchmark,2024-10-11,0.0009834140404092
bil_cash,risk_adjusted_momentum_winner_12p_12p,benchmark,2024-10-18,0.0007641657322854
bil_cash,risk_adjusted_momentum_winner_12p_12p,benchmark,2024-10-25,0.0008726399682636
bil_cash,risk_adjusted_momentum_winner_12p_12p,benchmark,2024-11-01,0.0009715910789027
bil_cash,risk_adjusted_momentum_winner_12p_12p,benchmark,2024-11-08,0.0010932786246744
bil_cash,risk_adjusted_momentum_winner_12p_12p,benchmark,2024-11-15,0.0005458204216193
bil_cash,risk_adjusted_momentum_winner_12p_12p,benchmark,2024-11-22,0.0009821892040098
bil_cash,risk_adjusted_momentum_winner_12p_12p,benchmark,2024-11-29,0.000654268476969
bil_cash,risk_adjusted_momentum_winner_12p_12p,benchmark,2024-12-06,0.0011482512463008
bil_cash,risk_adjusted_momentum_winner_12p_12p,benchmark,2024-12-13,0.0009829980529365
bil_cash,risk_adjusted_momentum_winner_12p_12p,benchmark,2024-12-20,0.0007990781920239
bil_cash,risk_adjusted_momentum_winner_12p_12p,benchmark,2024-12-27,0.0008758909041581
bil_cash,risk_adjusted_momentum_winner_12p_12p,benchmark,2025-01-03,0.0005467100952365
bil_cash,risk_adjusted_momentum_winner_12p_12p,benchmark,2025-01-10,0.0008749989637937
bil_cash,risk_adjusted_momentum_winner_12p_12p,benchmark,2025-01-17,0.0009830506801966
bil_cash,risk_adjusted_momentum_winner_12p_12p,benchmark,2025-01-24,0.0006549875661512
bil_cash,risk_adjusted_momentum_winner_12p_12p,benchmark,2025-01-31,0.0006544708717357
bil_cash,risk_adjusted_momentum_winner_12p_12p,benchmark,2025-02-07,0.0008311794167801
bil_cash,risk_adjusted_momentum_winner_12p_12p,benchmark,2025-02-14,0.0008743192821834
bil_cash,risk_adjusted_momentum_winner_12p_12p,benchmark,2025-02-21,0.0008735555157519
bil_cash,risk_adjusted_momentum_winner_12p_12p,benchmark,2025-02-28,0.000654550970581
bil_cash,risk_adjusted_momentum_winner_12p_12p,benchmark,2025-03-07,0.0008640730164042
bil_cash,risk_adjusted_momentum_winner_12p_12p,benchmark,2025-03-14,0.0007646585900953
bil_cash,risk_adjusted_momentum_winner_12p_12p,benchmark,2025-03-21,0.0008738651847088
bil_cash,risk_adjusted_momentum_winner_12p_12p,benchmark,2025-03-28,0.000763669438206
bil_cash,risk_adjusted_momentum_winner_12p_12p,benchmark,2025-04-04,0.0007766243409894
bil_cash,risk_adjusted_momentum_winner_12p_12p,benchmark,2025-04-11,0.0008745516297459
bil_cash,risk_adjusted_momentum_winner_12p_12p,benchmark,2025-04-18,0.0007645313269502
bil_cash,risk_adjusted_momentum_winner_12p_12p,benchmark,2025-04-25,0.0007641215233777
bil_cash,risk_adjusted_momentum_winner_12p_12p,benchmark,2025-05-02,0.0007868708363449
bil_cash,risk_adjusted_momentum_winner_12p_12p,benchmark,2025-05-09,0.0007653735872168
bil_cash,risk_adjusted_momentum_winner_12p_12p,benchmark,2025-05-16,0.0007647882384991
bil_cash,risk_adjusted_momentum_winner_12p_12p,benchmark,2025-05-23,0.0009825725402938
bil_cash,risk_adjusted_momentum_winner_12p_12p,benchmark,2025-05-30,0.0005452124567031
bil_cash,risk_adjusted_momentum_winner_12p_12p,benchmark,2025-06-06,0.0008313797008923
bil_cash,risk_adjusted_momentum_winner_12p_12p,benchmark,2025-06-13,0.0008743639522186
bil_cash,risk_adjusted_momentum_winner_12p_12p,benchmark,2025-06-20,0.0006550702096561
bil_cash,risk_adjusted_momentum_winner_12p_12p,benchmark,2025-06-27,0.0008730282130011
bil_cash,risk_adjusted_momentum_winner_12p_12p,benchmark,2025-07-04,0.0009403882217888
bil_cash,risk_adjusted_momentum_winner_12p_12p,benchmark,2025-07-11,0.0006557014022872
bil_cash,risk_adjusted_momentum_winner_12p_12p,benchmark,2025-07-18,0.0008738107340104
bil_cash,risk_adjusted_momentum_winner_12p_12p,benchmark,2025-07-25,0.0007637875202965
bil_cash,risk_adjusted_momentum_winner_12p_12p,benchmark,2025-08-01,0.000862902879738
bil_cash,risk_adjusted_momentum_winner_12p_12p,benchmark,2025-08-08,0.0007653016419761
bil_cash,risk_adjusted_momentum_winner_12p_12p,benchmark,2025-08-15,0.0008739738936538
bil_cash,risk_adjusted_momentum_winner_12p_12p,benchmark,2025-08-22,0.0007640486446882
bil_cash,risk_adjusted_momentum_winner_12p_12p,benchmark,2025-08-29,0.0008724581753873
bil_cash,risk_adjusted_momentum_winner_12p_12p,benchmark,2025-09-05,0.000896669502244
bil_cash,risk_adjusted_momentum_winner_12p_12p,benchmark,2025-09-12,0.0007649457644707
bil_cash,risk_adjusted_momentum_winner_12p_12p,benchmark,2025-09-19,0.0008732495386161
bil_cash,risk_adjusted_momentum_winner_12p_12p,benchmark,2025-09-26,0.0006543015318307
bil_cash,risk_adjusted_momentum_winner_12p_12p,benchmark,2025-10-03,0.000666961440185
bil_cash,risk_adjusted_momentum_winner_12p_12p,benchmark,2025-10-10,0.0008744134104192
bil_cash,risk_adjusted_momentum_winner_12p_12p,benchmark,2025-10-17,0.0005460202486138
bil_cash,risk_adjusted_momentum_winner_12p_12p,benchmark,2025-10-24,0.0008730873471478
bil_cash,risk_adjusted_momentum_winner_12p_12p,benchmark,2025-10-31,0.000654500161962
bil_cash,risk_adjusted_momentum_winner_12p_12p,benchmark,2025-11-07,0.0007980292946556
bil_cash,risk_adjusted_momentum_winner_12p_12p,benchmark,2025-11-14,0.0007648602049989
bil_cash,risk_adjusted_momentum_winner_12p_12p,benchmark,2025-11-21,0.0006550083073808
bil_cash,risk_adjusted_momentum_winner_12p_12p,benchmark,2025-11-28,0.0006546645958016
bil_cash,risk_adjusted_momentum_winner_12p_12p,benchmark,2025-12-05,0.0008857431305826
bil_cash,risk_adjusted_momentum_winner_12p_12p,benchmark,2025-12-12,0.0008740055565117
bil_cash,risk_adjusted_momentum_winner_12p_12p,benchmark,2025-12-19,0.0007117947357053
bil_cash,risk_adjusted_momentum_winner_12p_12p,benchmark,2025-12-26,0.0006571152243195
bil_cash,risk_adjusted_momentum_winner_12p_12p,benchmark,2026-01-02,0.0006566837074577
bil_cash,risk_adjusted_momentum_winner_12p_12p,benchmark,2026-01-09,0.0005469478531787
bil_cash,risk_adjusted_momentum_winner_12p_12p,benchmark,2026-01-16,0.0007653930312254
bil_cash,risk_adjusted_momentum_winner_12p_12p,benchmark,2026-01-23,0.0005460616718229
bil_cash,risk_adjusted_momentum_winner_12p_12p,benchmark,2026-01-30,0.0006551192047365
bil_cash,risk_adjusted_momentum_winner_12p_12p,benchmark,2026-02-06,0.0007003801206904
bil_cash,risk_adjusted_momentum_winner_12p_12p,benchmark,2026-02-13,0.0007655494477765
bil_cash,risk_adjusted_momentum_winner_12p_12p,benchmark,2026-02-20,0.000546378641326
bil_cash,risk_adjusted_momentum_winner_12p_12p,benchmark,2026-02-27,0.0006553131866038
bil_cash,risk_adjusted_momentum_winner_12p_12p,benchmark,2026-03-06,0.0006895023395152
bil_cash,risk_adjusted_momentum_winner_12p_12p,benchmark,2026-03-13,0.0007655390754459
bil_cash,risk_adjusted_momentum_winner_12p_12p,benchmark,2026-03-20,0.0006556143295508
bil_cash,risk_adjusted_momentum_winner_12p_12p,benchmark,2026-03-27,0.0006552688329481
bil_cash,risk_adjusted_momentum_winner_12p_12p,benchmark,2026-04-03,0.000590666114639
bil_cash,risk_adjusted_momentum_winner_12p_12p,benchmark,2026-04-10,0.0007656833499338
bil_cash,risk_adjusted_momentum_winner_12p_12p,benchmark,2026-04-17,0.0006558817637858
bil_cash,risk_adjusted_momentum_winner_12p_12p,benchmark,2026-04-24,0.0006553680367669
bil_cash,risk_adjusted_momentum_winner_12p_12p,benchmark,2026-05-01,0.0006559440891018
bil_cash,risk_adjusted_momentum_winner_12p_12p,benchmark,2026-05-08,0.0006564350095434
bil_cash,risk_adjusted_momentum_winner_12p_12p,benchmark,2026-05-15,0.0005466563771892
bil_cash,rolling_markowitz_long_only_52p,benchmark,2022-01-07,-0.052420363138833
bil_cash,rolling_markowitz_long_only_52p,benchmark,2022-01-14,0.0082354341693317
bil_cash,rolling_markowitz_long_only_52p,benchmark,2022-01-21,-0.0923987596444965
bil_cash,rolling_markowitz_long_only_52p,benchmark,2022-01-28,0.0150349662182949
bil_cash,rolling_markowitz_long_only_52p,benchmark,2022-02-04,0.0389845429302237
bil_cash,rolling_markowitz_long_only_52p,benchmark,2022-02-11,-0.0015883693860937
bil_cash,rolling_markowitz_long_only_52p,benchmark,2022-02-18,-0.0085554441462498
bil_cash,rolling_markowitz_long_only_52p,benchmark,2022-02-25,0.0034575832565538
bil_cash,rolling_markowitz_long_only_52p,benchmark,2022-03-04,0.0085058393085406
bil_cash,rolling_markowitz_long_only_52p,benchmark,2022-03-11,-0.0066734845016404
bil_cash,rolling_markowitz_long_only_52p,benchmark,2022-03-18,0.0058275619807871
bil_cash,rolling_markowitz_long_only_52p,benchmark,2022-03-25,0.0178187844650587
bil_cash,rolling_markowitz_long_only_52p,benchmark,2022-04-01,-0.0060116364335856
bil_cash,rolling_markowitz_long_only_52p,benchmark,2022-04-08,-0.0026973650967502
bil_cash,rolling_markowitz_long_only_52p,benchmark,2022-04-15,-0.0003232196072564
bil_cash,rolling_markowitz_long_only_52p,benchmark,2022-04-22,-0.0229613992508752
bil_cash,rolling_markowitz_long_only_52p,benchmark,2022-04-29,-0.024430332692854
bil_cash,rolling_markowitz_long_only_52p,benchmark,2022-05-06,-0.0056942450929605
bil_cash,rolling_markowitz_long_only_52p,benchmark,2022-05-13,-0.0320318084225695
bil_cash,rolling_markowitz_long_only_52p,benchmark,2022-05-20,-0.0044394910013592
bil_cash,rolling_markowitz_long_only_52p,benchmark,2022-05-27,0.0291404794240446
bil_cash,rolling_markowitz_long_only_52p,benchmark,2022-06-03,-0.0075246349262414
bil_cash,rolling_markowitz_long_only_52p,benchmark,2022-06-10,-0.0242003830968846
bil_cash,rolling_markowitz_long_only_52p,benchmark,2022-06-17,-0.0342554182804806
bil_cash,rolling_markowitz_long_only_52p,benchmark,2022-06-24,0.0223461294417111
bil_cash,rolling_markowitz_long_only_52p,benchmark,2022-07-01,-0.0153084473716666
bil_cash,rolling_markowitz_long_only_52p,benchmark,2022-07-08,-0.0136635216794657
bil_cash,rolling_markowitz_long_only_52p,benchmark,2022-07-15,-0.0158058305970567
bil_cash,rolling_markowitz_long_only_52p,benchmark,2022-07-22,0.0166082375023983
bil_cash,rolling_markowitz_long_only_52p,benchmark,2022-07-29,0.0299189094305524
bil_cash,rolling_markowitz_long_only_52p,benchmark,2022-08-05,0.0057879699533129
bil_cash,rolling_markowitz_long_only_52p,benchmark,2022-08-12,0.022551270003604
bil_cash,rolling_markowitz_long_only_52p,benchmark,2022-08-19,-0.0230523456337738
bil_cash,rolling_markowitz_long_only_52p,benchmark,2022-08-26,-0.019487151136946
bil_cash,rolling_markowitz_long_only_52p,benchmark,2022-09-02,-0.0221717782557319
bil_cash,rolling_markowitz_long_only_52p,benchmark,2022-09-09,0.0167538993849759
bil_cash,rolling_markowitz_long_only_52p,benchmark,2022-09-16,-0.0340822318445167
bil_cash,rolling_markowitz_long_only_52p,benchmark,2022-09-23,-0.0291652464392163
bil_cash,rolling_markowitz_long_only_52p,benchmark,2022-09-30,-0.0051987509241982
bil_cash,rolling_markowitz_long_only_52p,benchmark,2022-10-07,0.0187349214116971
bil_cash,rolling_markowitz_long_only_52p,benchmark,2022-10-14,-0.0243110513800853
bil_cash,rolling_markowitz_long_only_52p,benchmark,2022-10-21,0.0232226251760225
bil_cash,rolling_markowitz_long_only_52p,benchmark,2022-10-28,0.0118883925943332
bil_cash,rolling_markowitz_long_only_52p,benchmark,2022-11-04,-6.0759007884326315e-05
bil_cash,rolling_markowitz_long_only_52p,benchmark,2022-11-11,0.0545744476965154
bil_cash,rolling_markowitz_long_only_52p,benchmark,2022-11-18,-0.0089428285989298
bil_cash,rolling_markowitz_long_only_52p,benchmark,2022-11-25,0.0079480150722863
bil_cash,rolling_markowitz_long_only_52p,benchmark,2022-12-02,0.0194045824239955
bil_cash,rolling_markowitz_long_only_52p,benchmark,2022-12-09,-0.014116055838651
bil_cash,rolling_markowitz_long_only_52p,benchmark,2022-12-16,-0.0093606235121093
bil_cash,rolling_markowitz_long_only_52p,benchmark,2022-12-23,0.0013150278787842
bil_cash,rolling_markowitz_long_only_52p,benchmark,2022-12-30,0.0080362078452849
bil_cash,rolling_markowitz_long_only_52p,benchmark,2023-01-06,0.0203047876634732
bil_cash,rolling_markowitz_long_only_52p,benchmark,2023-01-13,0.0281828761037396
bil_cash,rolling_markowitz_long_only_52p,benchmark,2023-01-20,-0.0008509465354158
bil_cash,rolling_markowitz_long_only_52p,benchmark,2023-01-27,0.0096677293497261
bil_cash,rolling_markowitz_long_only_52p,benchmark,2023-02-03,-0.0127069435196233
bil_cash,rolling_markowitz_long_only_52p,benchmark,2023-02-10,-0.0045267803883104
bil_cash,rolling_markowitz_long_only_52p,benchmark,2023-02-17,-0.008032761351164
bil_cash,rolling_markowitz_long_only_52p,benchmark,2023-02-24,-0.020881034626758
bil_cash,rolling_markowitz_long_only_52p,benchmark,2023-03-03,0.0226362923743036
bil_cash,rolling_markowitz_long_only_52p,benchmark,2023-03-10,-0.0162164658650509
bil_cash,rolling_markowitz_long_only_52p,benchmark,2023-03-17,0.0399133405575613
bil_cash,rolling_markowitz_long_only_52p,benchmark,2023-03-24,0.0055161083915664
bil_cash,rolling_markowitz_long_only_52p,benchmark,2023-03-31,0.0123816261792252
bil_cash,rolling_markowitz_long_only_52p,benchmark,2023-04-07,0.0105129638439723
bil_cash,rolling_markowitz_long_only_52p,benchmark,2023-04-14,0.0027783095766966
bil_cash,rolling_markowitz_long_only_52p,benchmark,2023-04-21,-0.0070454035795933
bil_cash,rolling_markowitz_long_only_52p,benchmark,2023-04-28,0.0054106105201281
bil_cash,rolling_markowitz_long_only_52p,benchmark,2023-05-05,0.0054628367475325
bil_cash,rolling_markowitz_long_only_52p,benchmark,2023-05-12,-0.0030886352848557
bil_cash,rolling_markowitz_long_only_52p,benchmark,2023-05-19,-0.0043139332455822
bil_cash,rolling_markowitz_long_only_52p,benchmark,2023-05-26,-0.0041902625910699
bil_cash,rolling_markowitz_long_only_52p,benchmark,2023-06-02,0.0078828710610373
bil_cash,rolling_markowitz_long_only_52p,benchmark,2023-06-09,0.0035145656900567
bil_cash,rolling_markowitz_long_only_52p,benchmark,2023-06-16,0.0145352485050566
bil_cash,rolling_markowitz_long_only_52p,benchmark,2023-06-23,0.0573900087282934
bil_cash,rolling_markowitz_long_only_52p,benchmark,2023-06-30,0.0058939244786743
bil_cash,rolling_markowitz_long_only_52p,benchmark,2023-07-07,-0.0069675304227581
bil_cash,rolling_markowitz_long_only_52p,benchmark,2023-07-14,0.0116300727344394
bil_cash,rolling_markowitz_long_only_52p,benchmark,2023-07-21,-0.0043905909897361
bil_cash,rolling_markowitz_long_only_52p,benchmark,2023-07-28,-0.0023140334033597
bil_cash,rolling_markowitz_long_only_52p,benchmark,2023-08-04,-0.0165818358886794
bil_cash,rolling_markowitz_long_only_52p,benchmark,2023-08-11,0.0010220010723905
bil_cash,rolling_markowitz_long_only_52p,benchmark,2023-08-18,-0.05678353851576
bil_cash,rolling_markowitz_long_only_52p,benchmark,2023-08-25,0.0070760531781314
bil_cash,rolling_markowitz_long_only_52p,benchmark,2023-09-01,0.0071666033607247
bil_cash,rolling_markowitz_long_only_52p,benchmark,2023-09-08,-0.0060583810915007
bil_cash,rolling_markowitz_long_only_52p,benchmark,2023-09-15,0.0093439417012089
bil_cash,rolling_markowitz_long_only_52p,benchmark,2023-09-22,-0.0166743038024354
bil_cash,rolling_markowitz_long_only_52p,benchmark,2023-09-29,0.0020936845426526
bil_cash,rolling_markowitz_long_only_52p,benchmark,2023-10-06,0.0194804600443702
bil_cash,rolling_markowitz_long_only_52p,benchmark,2023-10-13,-0.0170608667802721
bil_cash,rolling_markowitz_long_only_52p,benchmark,2023-10-20,0.0326621225187741
bil_cash,rolling_markowitz_long_only_52p,benchmark,2023-10-27,0.0906648076611385
bil_cash,rolling_markowitz_long_only_52p,benchmark,2023-11-03,0.0116313535021438
bil_cash,rolling_markowitz_long_only_52p,benchmark,2023-11-10,0.0476576542286144
bil_cash,rolling_markowitz_long_only_52p,benchmark,2023-11-17,-0.002313346910657
bil_cash,rolling_markowitz_long_only_52p,benchmark,2023-11-24,0.022423113514623
bil_cash,rolling_markowitz_long_only_52p,benchmark,2023-12-01,0.0187434630853579
bil_cash,rolling_markowitz_long_only_52p,benchmark,2023-12-08,0.0832451581175805
bil_cash,rolling_markowitz_long_only_52p,benchmark,2023-12-15,-0.0208273637045496
bil_cash,rolling_markowitz_long_only_52p,benchmark,2023-12-22,0.0332762211402643
bil_cash,rolling_markowitz_long_only_52p,benchmark,2023-12-29,-0.0244879927545507
bil_cash,rolling_markowitz_long_only_52p,benchmark,2024-01-05,0.0231868621759546
bil_cash,rolling_markowitz_long_only_52p,benchmark,2024-01-12,-0.010302915356967
bil_cash,rolling_markowitz_long_only_52p,benchmark,2024-01-19,-0.0124631675750652
bil_cash,rolling_markowitz_long_only_52p,benchmark,2024-01-26,0.0069903004550836
bil_cash,rolling_markowitz_long_only_52p,benchmark,2024-02-02,0.0253380497161373
bil_cash,rolling_markowitz_long_only_52p,benchmark,2024-02-09,0.0605792258068926
bil_cash,rolling_markowitz_long_only_52p,benchmark,2024-02-16,0.0624472730054754
bil_cash,rolling_markowitz_long_only_52p,benchmark,2024-02-23,-0.0097507391759795
bil_cash,rolling_markowitz_long_only_52p,benchmark,2024-03-01,0.1424152119927301
bil_cash,rolling_markowitz_long_only_52p,benchmark,2024-03-08,0.0554229611448369
bil_cash,rolling_markowitz_long_only_52p,benchmark,2024-03-15,0.0094563802221031
bil_cash,rolling_markowitz_long_only_52p,benchmark,2024-03-22,-0.0397000701970434
bil_cash,rolling_markowitz_long_only_52p,benchmark,2024-03-29,0.0589455938076747
bil_cash,rolling_markowitz_long_only_52p,benchmark,2024-04-05,-0.021191111807242
bil_cash,rolling_markowitz_long_only_52p,benchmark,2024-04-12,-0.0115247293877586
bil_cash,rolling_markowitz_long_only_52p,benchmark,2024-04-19,-0.042218449524838
bil_cash,rolling_markowitz_long_only_52p,benchmark,2024-04-26,0.0097530642911335
bil_cash,rolling_markowitz_long_only_52p,benchmark,2024-05-03,-0.0057604518425623
bil_cash,rolling_markowitz_long_only_52p,benchmark,2024-05-10,-0.0125356116432896
bil_cash,rolling_markowitz_long_only_52p,benchmark,2024-05-17,0.0683871110379923
bil_cash,rolling_markowitz_long_only_52p,benchmark,2024-05-24,0.0131842576104238
bil_cash,rolling_markowitz_long_only_52p,benchmark,2024-05-31,-0.0106234628852976
bil_cash,rolling_markowitz_long_only_52p,benchmark,2024-06-07,0.0214932644111524
bil_cash,rolling_markowitz_long_only_52p,benchmark,2024-06-14,-0.0222571540236652
bil_cash,rolling_markowitz_long_only_52p,benchmark,2024-06-21,-0.0148357333343083
bil_cash,rolling_markowitz_long_only_52p,benchmark,2024-06-28,-0.0355605617951224
bil_cash,rolling_markowitz_long_only_52p,benchmark,2024-07-05,-0.0287247217735621
bil_cash,rolling_markowitz_long_only_52p,benchmark,2024-07-12,0.016957907725845
bil_cash,rolling_markowitz_long_only_52p,benchmark,2024-07-19,0.0834460054414749
bil_cash,rolling_markowitz_long_only_52p,benchmark,2024-07-26,0.0074949631959463
bil_cash,rolling_markowitz_long_only_52p,benchmark,2024-08-02,-0.0587895726279392
bil_cash,rolling_markowitz_long_only_52p,benchmark,2024-08-09,-0.0067035561303025
bil_cash,rolling_markowitz_long_only_52p,benchmark,2024-08-16,-0.0063381864357653
bil_cash,rolling_markowitz_long_only_52p,benchmark,2024-08-23,0.0530307104464236
bil_cash,rolling_markowitz_long_only_52p,benchmark,2024-08-30,-0.0472489762915314
bil_cash,rolling_markowitz_long_only_52p,benchmark,2024-09-06,-0.0549902231259602
bil_cash,rolling_markowitz_long_only_52p,benchmark,2024-09-13,0.0876015377885819
bil_cash,rolling_markowitz_long_only_52p,benchmark,2024-09-20,0.0318853790270545
bil_cash,rolling_markowitz_long_only_52p,benchmark,2024-09-27,0.0293049281161167
bil_cash,rolling_markowitz_long_only_52p,benchmark,2024-10-04,-0.0339875129995245
bil_cash,rolling_markowitz_long_only_52p,benchmark,2024-10-11,0.0044176982176998
bil_cash,rolling_markowitz_long_only_52p,benchmark,2024-10-18,0.0653664017339613
bil_cash,rolling_markowitz_long_only_52p,benchmark,2024-10-25,-0.019497006585156
bil_cash,rolling_markowitz_long_only_52p,benchmark,2024-11-01,0.0200433815602926
bil_cash,rolling_markowitz_long_only_52p,benchmark,2024-11-08,0.0536855972057521
bil_cash,rolling_markowitz_long_only_52p,benchmark,2024-11-15,0.0954771740426366
bil_cash,rolling_markowitz_long_only_52p,benchmark,2024-11-22,0.0636223293479851
bil_cash,rolling_markowitz_long_only_52p,benchmark,2024-11-29,-0.0162256162009651
bil_cash,rolling_markowitz_long_only_52p,benchmark,2024-12-06,0.0184712780209745
bil_cash,rolling_markowitz_long_only_52p,benchmark,2024-12-13,0.0068694042432721
bil_cash,rolling_markowitz_long_only_52p,benchmark,2024-12-20,-0.0256462667743817
bil_cash,rolling_markowitz_long_only_52p,benchmark,2024-12-27,-0.0231976052922885
bil_cash,rolling_markowitz_long_only_52p,benchmark,2025-01-03,0.0272079822228435
bil_cash,rolling_markowitz_long_only_52p,benchmark,2025-01-10,-0.0131149412535176
bil_cash,rolling_markowitz_long_only_52p,benchmark,2025-01-17,0.0635483716312073
bil_cash,rolling_markowitz_long_only_52p,benchmark,2025-01-24,0.0122909412115203
bil_cash,rolling_markowitz_long_only_52p,benchmark,2025-01-31,-0.0092675743268281
bil_cash,rolling_markowitz_long_only_52p,benchmark,2025-02-07,-0.0261664993459921
bil_cash,rolling_markowitz_long_only_52p,benchmark,2025-02-14,0.0097133064310086
bil_cash,rolling_markowitz_long_only_52p,benchmark,2025-02-21,-0.0018281682813357
bil_cash,rolling_markowitz_long_only_52p,benchmark,2025-02-28,-0.0843938546656064
bil_cash,rolling_markowitz_long_only_52p,benchmark,2025-03-07,0.0226629162888649
bil_cash,rolling_markowitz_long_only_52p,benchmark,2025-03-14,0.0025236036142532
bil_cash,rolling_markowitz_long_only_52p,benchmark,2025-03-21,0.0074379068172694
bil_cash,rolling_markowitz_long_only_52p,benchmark,2025-03-28,0.0134754318391014
bil_cash,rolling_markowitz_long_only_52p,benchmark,2025-04-04,-0.0115823619042044
bil_cash,rolling_markowitz_long_only_52p,benchmark,2025-04-11,0.0369662490422885
bil_cash,rolling_markowitz_long_only_52p,benchmark,2025-04-18,0.0215101584109076
bil_cash,rolling_markowitz_long_only_52p,benchmark,2025-04-25,0.0459178707590753
bil_cash,rolling_markowitz_long_only_52p,benchmark,2025-05-02,-0.003907280472823
bil_cash,rolling_markowitz_long_only_52p,benchmark,2025-05-09,0.0456302603452023
bil_cash,rolling_markowitz_long_only_52p,benchmark,2025-05-16,-0.0135394474295477
bil_cash,rolling_markowitz_long_only_52p,benchmark,2025-05-23,0.0431074568930005
bil_cash,rolling_markowitz_long_only_52p,benchmark,2025-05-30,-0.0251789236204689
bil_cash,rolling_markowitz_long_only_52p,benchmark,2025-06-06,0.0045097659663108
bil_cash,rolling_markowitz_long_only_52p,benchmark,2025-06-13,0.0282614907698316
bil_cash,rolling_markowitz_long_only_52p,benchmark,2025-06-20,-0.0229027751724337
bil_cash,rolling_markowitz_long_only_52p,benchmark,2025-06-27,0.0059249269248946
bil_cash,rolling_markowitz_long_only_52p,benchmark,2025-07-04,0.0130787847555627
bil_cash,rolling_markowitz_long_only_52p,benchmark,2025-07-11,0.0552693554424846
bil_cash,rolling_markowitz_long_only_52p,benchmark,2025-07-18,0.0015121058637029
bil_cash,rolling_markowitz_long_only_52p,benchmark,2025-07-25,-0.0031519136888789
bil_cash,rolling_markowitz_long_only_52p,benchmark,2025-08-01,-0.0197875523953711
bil_cash,rolling_markowitz_long_only_52p,benchmark,2025-08-08,0.0229345766377771
bil_cash,rolling_markowitz_long_only_52p,benchmark,2025-08-15,-0.0035321454833398
bil_cash,rolling_markowitz_long_only_52p,benchmark,2025-08-22,0.0014190671117201
bil_cash,rolling_markowitz_long_only_52p,benchmark,2025-08-29,-0.0338015452930704
bil_cash,rolling_markowitz_long_only_52p,benchmark,2025-09-05,0.0287215321236667
bil_cash,rolling_markowitz_long_only_52p,benchmark,2025-09-12,0.0348358004737904
bil_cash,rolling_markowitz_long_only_52p,benchmark,2025-09-19,0.0023510212227473
bil_cash,rolling_markowitz_long_only_52p,benchmark,2025-09-26,-0.0220780217155719
bil_cash,rolling_markowitz_long_only_52p,benchmark,2025-10-03,0.0812282677097192
bil_cash,rolling_markowitz_long_only_52p,benchmark,2025-10-10,-0.0315820874157946
bil_cash,rolling_markowitz_long_only_52p,benchmark,2025-10-17,-0.0142224220592227
bil_cash,rolling_markowitz_long_only_52p,benchmark,2025-10-24,-0.0007769907154172
bil_cash,rolling_markowitz_long_only_52p,benchmark,2025-10-31,-0.0181851707527593
bil_cash,rolling_markowitz_long_only_52p,benchmark,2025-11-07,-0.0297414126534269
bil_cash,rolling_markowitz_long_only_52p,benchmark,2025-11-14,-0.0224206777405373
bil_cash,rolling_markowitz_long_only_52p,benchmark,2025-11-21,-0.0108564356895308
bil_cash,rolling_markowitz_long_only_52p,benchmark,2025-11-28,0.0366038443903618
bil_cash,rolling_markowitz_long_only_52p,benchmark,2025-12-05,-0.0008812614635275
bil_cash,rolling_markowitz_long_only_52p,benchmark,2025-12-12,0.0116811476887803
bil_cash,rolling_markowitz_long_only_52p,benchmark,2025-12-19,0.0059253707657483
bil_cash,rolling_markowitz_long_only_52p,benchmark,2025-12-26,0.032357946980444
bil_cash,rolling_markowitz_long_only_52p,benchmark,2026-01-02,-0.0307149770426438
bil_cash,rolling_markowitz_long_only_52p,benchmark,2026-01-09,0.0307718860889587
bil_cash,rolling_markowitz_long_only_52p,benchmark,2026-01-16,0.0084839477115743
bil_cash,rolling_markowitz_long_only_52p,benchmark,2026-01-23,0.0508769367153425
bil_cash,rolling_markowitz_long_only_52p,benchmark,2026-01-30,-0.0155058696154938
bil_cash,rolling_markowitz_long_only_52p,benchmark,2026-02-06,0.0133919754694045
bil_cash,rolling_markowitz_long_only_52p,benchmark,2026-02-13,0.0042948240749877
bil_cash,rolling_markowitz_long_only_52p,benchmark,2026-02-20,0.0122878365212724
bil_cash,rolling_markowitz_long_only_52p,benchmark,2026-02-27,0.0173759080165658
bil_cash,rolling_markowitz_long_only_52p,benchmark,2026-03-06,-0.0206367418063959
bil_cash,rolling_markowitz_long_only_52p,benchmark,2026-03-13,-0.0220571346800438
bil_cash,rolling_markowitz_long_only_52p,benchmark,2026-03-20,-0.0690081228325618
bil_cash,rolling_markowitz_long_only_52p,benchmark,2026-03-27,-0.0070144806720786
bil_cash,rolling_markowitz_long_only_52p,benchmark,2026-04-03,0.0349969768708558
bil_cash,rolling_markowitz_long_only_52p,benchmark,2026-04-10,0.0251991693337488
bil_cash,rolling_markowitz_long_only_52p,benchmark,2026-04-17,0.0301401665463022
bil_cash,rolling_markowitz_long_only_52p,benchmark,2026-04-24,-0.0149205480257029
bil_cash,rolling_markowitz_long_only_52p,benchmark,2026-05-01,-0.0101863370860891
bil_cash,rolling_markowitz_long_only_52p,benchmark,2026-05-08,0.0244341400354288
bil_cash,rolling_markowitz_long_only_52p,benchmark,2026-05-15,-0.0033528336180605
bil_cash,rolling_markowitz_min_variance_52p,benchmark,2022-01-07,-0.0294248155030409
bil_cash,rolling_markowitz_min_variance_52p,benchmark,2022-01-14,0.0007316730926996
bil_cash,rolling_markowitz_min_variance_52p,benchmark,2022-01-21,-0.0137832969512416
bil_cash,rolling_markowitz_min_variance_52p,benchmark,2022-01-28,-0.0043964983083308
bil_cash,rolling_markowitz_min_variance_52p,benchmark,2022-02-04,-0.0049158112415776
bil_cash,rolling_markowitz_min_variance_52p,benchmark,2022-02-11,-0.0019220699464972
bil_cash,rolling_markowitz_min_variance_52p,benchmark,2022-02-18,-0.0003043668728864
bil_cash,rolling_markowitz_min_variance_52p,benchmark,2022-02-25,-0.0026045774557741
bil_cash,rolling_markowitz_min_variance_52p,benchmark,2022-03-04,0.0171935130305486
bil_cash,rolling_markowitz_min_variance_52p,benchmark,2022-03-11,-0.0239374378231597
bil_cash,rolling_markowitz_min_variance_52p,benchmark,2022-03-18,0.006554502114837
bil_cash,rolling_markowitz_min_variance_52p,benchmark,2022-03-25,-0.0038382127721728
bil_cash,rolling_markowitz_min_variance_52p,benchmark,2022-04-01,0.0077325737741221
bil_cash,rolling_markowitz_min_variance_52p,benchmark,2022-04-08,-0.021883902221349
bil_cash,rolling_markowitz_min_variance_52p,benchmark,2022-04-15,-0.01471049020936
bil_cash,rolling_markowitz_min_variance_52p,benchmark,2022-04-22,-0.0177269635394231
bil_cash,rolling_markowitz_min_variance_52p,benchmark,2022-04-29,-0.0181989302096053
bil_cash,rolling_markowitz_min_variance_52p,benchmark,2022-05-06,-0.0202485122470049
bil_cash,rolling_markowitz_min_variance_52p,benchmark,2022-05-13,-0.0142234722957237
bil_cash,rolling_markowitz_min_variance_52p,benchmark,2022-05-20,0.0053650164352424
bil_cash,rolling_markowitz_min_variance_52p,benchmark,2022-05-27,0.0233771027612985
bil_cash,rolling_markowitz_min_variance_52p,benchmark,2022-06-03,-0.0121822020972478
bil_cash,rolling_markowitz_min_variance_52p,benchmark,2022-06-10,-0.0159178899958603
bil_cash,rolling_markowitz_min_variance_52p,benchmark,2022-06-17,-0.0267626277328107
bil_cash,rolling_markowitz_min_variance_52p,benchmark,2022-06-24,0.0123649597949567
bil_cash,rolling_markowitz_min_variance_52p,benchmark,2022-07-01,0.0009349367575545
bil_cash,rolling_markowitz_min_variance_52p,benchmark,2022-07-08,-0.0224997451355287
bil_cash,rolling_markowitz_min_variance_52p,benchmark,2022-07-15,-0.0002861554226353
bil_cash,rolling_markowitz_min_variance_52p,benchmark,2022-07-22,0.0172265320048293
bil_cash,rolling_markowitz_min_variance_52p,benchmark,2022-07-29,0.0158338568929801
bil_cash,rolling_markowitz_min_variance_52p,benchmark,2022-08-05,0.0017968334745529
bil_cash,rolling_markowitz_min_variance_52p,benchmark,2022-08-12,0.0108930390770711
bil_cash,rolling_markowitz_min_variance_52p,benchmark,2022-08-19,-0.0240227339901289
bil_cash,rolling_markowitz_min_variance_52p,benchmark,2022-08-26,-0.00842476133089
bil_cash,rolling_markowitz_min_variance_52p,benchmark,2022-09-02,-0.0229792986875619
bil_cash,rolling_markowitz_min_variance_52p,benchmark,2022-09-09,0.0021695019265801
bil_cash,rolling_markowitz_min_variance_52p,benchmark,2022-09-16,-0.0243117685559205
bil_cash,rolling_markowitz_min_variance_52p,benchmark,2022-09-23,-0.0207879758671741
bil_cash,rolling_markowitz_min_variance_52p,benchmark,2022-09-30,-0.0104854038499512
bil_cash,rolling_markowitz_min_variance_52p,benchmark,2022-10-07,0.0082624106436764
bil_cash,rolling_markowitz_min_variance_52p,benchmark,2022-10-14,-0.0259596945292743
bil_cash,rolling_markowitz_min_variance_52p,benchmark,2022-10-21,-0.0101445897835745
bil_cash,rolling_markowitz_min_variance_52p,benchmark,2022-10-28,0.0177775650012425
bil_cash,rolling_markowitz_min_variance_52p,benchmark,2022-11-04,-0.0030834434737324
bil_cash,rolling_markowitz_min_variance_52p,benchmark,2022-11-11,0.0482585012919667
bil_cash,rolling_markowitz_min_variance_52p,benchmark,2022-11-18,0.0001534955295266
bil_cash,rolling_markowitz_min_variance_52p,benchmark,2022-11-25,0.0151976437396315
bil_cash,rolling_markowitz_min_variance_52p,benchmark,2022-12-02,0.0290864154949161
bil_cash,rolling_markowitz_min_variance_52p,benchmark,2022-12-09,-0.0078363371452486
bil_cash,rolling_markowitz_min_variance_52p,benchmark,2022-12-16,-0.0007172750377223
bil_cash,rolling_markowitz_min_variance_52p,benchmark,2022-12-23,-0.0136698209027769
bil_cash,rolling_markowitz_min_variance_52p,benchmark,2022-12-30,-0.0005143101137537
bil_cash,rolling_markowitz_min_variance_52p,benchmark,2023-01-06,0.03283362900471
bil_cash,rolling_markowitz_min_variance_52p,benchmark,2023-01-13,0.0256992759185423
bil_cash,rolling_markowitz_min_variance_52p,benchmark,2023-01-20,-0.0008409308448868
bil_cash,rolling_markowitz_min_variance_52p,benchmark,2023-01-27,0.0048771429273783
bil_cash,rolling_markowitz_min_variance_52p,benchmark,2023-02-03,-0.0153780888962179
bil_cash,rolling_markowitz_min_variance_52p,benchmark,2023-02-10,-0.0110517855695403
bil_cash,rolling_markowitz_min_variance_52p,benchmark,2023-02-17,-0.0100105473690953
bil_cash,rolling_markowitz_min_variance_52p,benchmark,2023-02-24,-0.0174081842390773
bil_cash,rolling_markowitz_min_variance_52p,benchmark,2023-03-03,0.0201909112896477
bil_cash,rolling_markowitz_min_variance_52p,benchmark,2023-03-10,0.0110291854644073
bil_cash,rolling_markowitz_min_variance_52p,benchmark,2023-03-17,0.0390932494828334
bil_cash,rolling_markowitz_min_variance_52p,benchmark,2023-03-24,0.001430900432664
bil_cash,rolling_markowitz_min_variance_52p,benchmark,2023-03-31,0.0014792895850748
bil_cash,rolling_markowitz_min_variance_52p,benchmark,2023-04-07,0.0172392433359701
bil_cash,rolling_markowitz_min_variance_52p,benchmark,2023-04-14,-0.0098405793025438
bil_cash,rolling_markowitz_min_variance_52p,benchmark,2023-04-21,-0.0082746683590943
bil_cash,rolling_markowitz_min_variance_52p,benchmark,2023-04-28,0.009237525634268
bil_cash,rolling_markowitz_min_variance_52p,benchmark,2023-05-05,0.0028540045826676
bil_cash,rolling_markowitz_min_variance_52p,benchmark,2023-05-12,-0.0041526556300337
bil_cash,rolling_markowitz_min_variance_52p,benchmark,2023-05-19,-0.0162133815562217
bil_cash,rolling_markowitz_min_variance_52p,benchmark,2023-05-26,-0.0078689195792385
bil_cash,rolling_markowitz_min_variance_52p,benchmark,2023-06-02,0.0069014732296646
bil_cash,rolling_markowitz_min_variance_52p,benchmark,2023-06-09,0.0034777777163401
bil_cash,rolling_markowitz_min_variance_52p,benchmark,2023-06-16,0.0054260900225911
bil_cash,rolling_markowitz_min_variance_52p,benchmark,2023-06-23,-0.0103224335947431
bil_cash,rolling_markowitz_min_variance_52p,benchmark,2023-06-30,0.0042172884949981
bil_cash,rolling_markowitz_min_variance_52p,benchmark,2023-07-07,-0.0118775006329963
bil_cash,rolling_markowitz_min_variance_52p,benchmark,2023-07-14,0.0191165463181812
bil_cash,rolling_markowitz_min_variance_52p,benchmark,2023-07-21,0.0045920270848956
bil_cash,rolling_markowitz_min_variance_52p,benchmark,2023-07-28,-0.0043768775933782
bil_cash,rolling_markowitz_min_variance_52p,benchmark,2023-08-04,-0.0172710640352681
bil_cash,rolling_markowitz_min_variance_52p,benchmark,2023-08-11,-0.0115151533323523
bil_cash,rolling_markowitz_min_variance_52p,benchmark,2023-08-18,-0.0153650747747653
bil_cash,rolling_markowitz_min_variance_52p,benchmark,2023-08-25,0.0126599604647232
bil_cash,rolling_markowitz_min_variance_52p,benchmark,2023-09-01,0.0130386500020872
bil_cash,rolling_markowitz_min_variance_52p,benchmark,2023-09-08,-0.0101094779981812
bil_cash,rolling_markowitz_min_variance_52p,benchmark,2023-09-15,-0.0029721974738525
bil_cash,rolling_markowitz_min_variance_52p,benchmark,2023-09-22,-0.0098788769591536
bil_cash,rolling_markowitz_min_variance_52p,benchmark,2023-09-29,-0.0290638093646746
bil_cash,rolling_markowitz_min_variance_52p,benchmark,2023-10-06,-0.0111635900465611
bil_cash,rolling_markowitz_min_variance_52p,benchmark,2023-10-13,0.0332123225791956
bil_cash,rolling_markowitz_min_variance_52p,benchmark,2023-10-20,-0.0038694943204014
bil_cash,rolling_markowitz_min_variance_52p,benchmark,2023-10-27,0.0003668143295595
bil_cash,rolling_markowitz_min_variance_52p,benchmark,2023-11-03,0.0274757174991028
bil_cash,rolling_markowitz_min_variance_52p,benchmark,2023-11-10,-0.0066565220373436
bil_cash,rolling_markowitz_min_variance_52p,benchmark,2023-11-17,0.0231264714361915
bil_cash,rolling_markowitz_min_variance_52p,benchmark,2023-11-24,0.0089247225011026
bil_cash,rolling_markowitz_min_variance_52p,benchmark,2023-12-01,0.0241907234612976
bil_cash,rolling_markowitz_min_variance_52p,benchmark,2023-12-08,-0.0126712011414143
bil_cash,rolling_markowitz_min_variance_52p,benchmark,2023-12-15,0.0202491678975056
bil_cash,rolling_markowitz_min_variance_52p,benchmark,2023-12-22,0.0116747915290644
bil_cash,rolling_markowitz_min_variance_52p,benchmark,2023-12-29,0.0040810739867504
bil_cash,rolling_markowitz_min_variance_52p,benchmark,2024-01-05,-0.0139373480813994
bil_cash,rolling_markowitz_min_variance_52p,benchmark,2024-01-12,0.009411250378883
bil_cash,rolling_markowitz_min_variance_52p,benchmark,2024-01-19,-0.0021030459133912
bil_cash,rolling_markowitz_min_variance_52p,benchmark,2024-01-26,0.0021290923954379
bil_cash,rolling_markowitz_min_variance_52p,benchmark,2024-02-02,0.0134779773346065
bil_cash,rolling_markowitz_min_variance_52p,benchmark,2024-02-09,0.0021329798435343
bil_cash,rolling_markowitz_min_variance_52p,benchmark,2024-02-16,-0.0046613336292448
bil_cash,rolling_markowitz_min_variance_52p,benchmark,2024-02-23,0.0138571058722275
bil_cash,rolling_markowitz_min_variance_52p,benchmark,2024-03-01,0.0184947011915036
bil_cash,rolling_markowitz_min_variance_52p,benchmark,2024-03-08,0.0204088577672693
bil_cash,rolling_markowitz_min_variance_52p,benchmark,2024-03-15,-0.0043248793325218
bil_cash,rolling_markowitz_min_variance_52p,benchmark,2024-03-22,0.0092757922776985
bil_cash,rolling_markowitz_min_variance_52p,benchmark,2024-03-29,0.0179815546352094
bil_cash,rolling_markowitz_min_variance_52p,benchmark,2024-04-05,0.0120471181457871
bil_cash,rolling_markowitz_min_variance_52p,benchmark,2024-04-12,-0.0056069369914787
bil_cash,rolling_markowitz_min_variance_52p,benchmark,2024-04-19,-0.0120713943502633
bil_cash,rolling_markowitz_min_variance_52p,benchmark,2024-04-26,0.0054685363159623
bil_cash,rolling_markowitz_min_variance_52p,benchmark,2024-05-03,-0.0046826450804363
bil_cash,rolling_markowitz_min_variance_52p,benchmark,2024-05-10,0.0194457283653607
bil_cash,rolling_markowitz_min_variance_52p,benchmark,2024-05-17,0.0243176566075689
bil_cash,rolling_markowitz_min_variance_52p,benchmark,2024-05-24,-0.0128097370844112
bil_cash,rolling_markowitz_min_variance_52p,benchmark,2024-05-31,-0.0042295361943507
bil_cash,rolling_markowitz_min_variance_52p,benchmark,2024-06-07,0.0019684912288942
bil_cash,rolling_markowitz_min_variance_52p,benchmark,2024-06-14,0.0141233309938896
bil_cash,rolling_markowitz_min_variance_52p,benchmark,2024-06-21,0.0001922433223603
bil_cash,rolling_markowitz_min_variance_52p,benchmark,2024-06-28,-0.0029032838688179
bil_cash,rolling_markowitz_min_variance_52p,benchmark,2024-07-05,0.0185612036037454
bil_cash,rolling_markowitz_min_variance_52p,benchmark,2024-07-12,0.0103710803672767
bil_cash,rolling_markowitz_min_variance_52p,benchmark,2024-07-19,-0.0058700533160548
bil_cash,rolling_markowitz_min_variance_52p,benchmark,2024-07-26,-0.0055421227057584
bil_cash,rolling_markowitz_min_variance_52p,benchmark,2024-08-02,-0.0099555273896536
bil_cash,rolling_markowitz_min_variance_52p,benchmark,2024-08-09,-0.0028014870752281
bil_cash,rolling_markowitz_min_variance_52p,benchmark,2024-08-16,0.0321994421722618
bil_cash,rolling_markowitz_min_variance_52p,benchmark,2024-08-23,0.0144633366134119
bil_cash,rolling_markowitz_min_variance_52p,benchmark,2024-08-30,-0.006783986295012
bil_cash,rolling_markowitz_min_variance_52p,benchmark,2024-09-06,-0.0264992622707729
bil_cash,rolling_markowitz_min_variance_52p,benchmark,2024-09-13,0.0389328689620029
bil_cash,rolling_markowitz_min_variance_52p,benchmark,2024-09-20,0.0109973650250131
bil_cash,rolling_markowitz_min_variance_52p,benchmark,2024-09-27,0.0079029021237424
bil_cash,rolling_markowitz_min_variance_52p,benchmark,2024-10-04,-0.0063757749797481
bil_cash,rolling_markowitz_min_variance_52p,benchmark,2024-10-11,0.0023001796285212
bil_cash,rolling_markowitz_min_variance_52p,benchmark,2024-10-18,0.0164288447568296
bil_cash,rolling_markowitz_min_variance_52p,benchmark,2024-10-25,-0.0055328785194406
bil_cash,rolling_markowitz_min_variance_52p,benchmark,2024-11-01,-0.0079152887730492
bil_cash,rolling_markowitz_min_variance_52p,benchmark,2024-11-08,0.0230890671910394
bil_cash,rolling_markowitz_min_variance_52p,benchmark,2024-11-15,-0.0263877899105826
bil_cash,rolling_markowitz_min_variance_52p,benchmark,2024-11-22,0.0288657610757335
bil_cash,rolling_markowitz_min_variance_52p,benchmark,2024-11-29,0.0099483403418454
bil_cash,rolling_markowitz_min_variance_52p,benchmark,2024-12-06,0.0034201125429867
bil_cash,rolling_markowitz_min_variance_52p,benchmark,2024-12-13,-0.0118136798947125
bil_cash,rolling_markowitz_min_variance_52p,benchmark,2024-12-20,-0.0156515752783308
bil_cash,rolling_markowitz_min_variance_52p,benchmark,2024-12-27,-0.0027465458725552
bil_cash,rolling_markowitz_min_variance_52p,benchmark,2025-01-03,0.0020682643721035
bil_cash,rolling_markowitz_min_variance_52p,benchmark,2025-01-10,-0.0086857800911956
bil_cash,rolling_markowitz_min_variance_52p,benchmark,2025-01-17,0.0206257905760891
bil_cash,rolling_markowitz_min_variance_52p,benchmark,2025-01-24,0.0153992109917976
bil_cash,rolling_markowitz_min_variance_52p,benchmark,2025-01-31,0.001047953919348
bil_cash,rolling_markowitz_min_variance_52p,benchmark,2025-02-07,0.0107552777249802
bil_cash,rolling_markowitz_min_variance_52p,benchmark,2025-02-14,0.0083507687665061
bil_cash,rolling_markowitz_min_variance_52p,benchmark,2025-02-21,0.0005467236437148
bil_cash,rolling_markowitz_min_variance_52p,benchmark,2025-02-28,-0.0052232960828683
bil_cash,rolling_markowitz_min_variance_52p,benchmark,2025-03-07,-0.0110431219312093
bil_cash,rolling_markowitz_min_variance_52p,benchmark,2025-03-14,0.0013788589726668
bil_cash,rolling_markowitz_min_variance_52p,benchmark,2025-03-21,0.0076116347935545
bil_cash,rolling_markowitz_min_variance_52p,benchmark,2025-03-28,0.0009687527378617
bil_cash,rolling_markowitz_min_variance_52p,benchmark,2025-04-04,-0.0195803745644156
bil_cash,rolling_markowitz_min_variance_52p,benchmark,2025-04-11,0.0107104825047427
bil_cash,rolling_markowitz_min_variance_52p,benchmark,2025-04-18,0.0107518376644626
bil_cash,rolling_markowitz_min_variance_52p,benchmark,2025-04-25,0.0205607788909604
bil_cash,rolling_markowitz_min_variance_52p,benchmark,2025-05-02,-0.0059793265790607
bil_cash,rolling_markowitz_min_variance_52p,benchmark,2025-05-09,0.0097471030734606
bil_cash,rolling_markowitz_min_variance_52p,benchmark,2025-05-16,-0.0075724932623959
bil_cash,rolling_markowitz_min_variance_52p,benchmark,2025-05-23,0.0058764407411317
bil_cash,rolling_markowitz_min_variance_52p,benchmark,2025-05-30,0.0036307997684856
bil_cash,rolling_markowitz_min_variance_52p,benchmark,2025-06-06,0.0026234365575709
bil_cash,rolling_markowitz_min_variance_52p,benchmark,2025-06-13,0.0171744678457555
bil_cash,rolling_markowitz_min_variance_52p,benchmark,2025-06-20,-0.0071074662787704
bil_cash,rolling_markowitz_min_variance_52p,benchmark,2025-06-27,0.0039520032628347
bil_cash,rolling_markowitz_min_variance_52p,benchmark,2025-07-04,0.0099361795104201
bil_cash,rolling_markowitz_min_variance_52p,benchmark,2025-07-11,-0.0007649366675267
bil_cash,rolling_markowitz_min_variance_52p,benchmark,2025-07-18,-0.0019518548119405
bil_cash,rolling_markowitz_min_variance_52p,benchmark,2025-07-25,0.0080647742441002
bil_cash,rolling_markowitz_min_variance_52p,benchmark,2025-08-01,0.0035141722529376
bil_cash,rolling_markowitz_min_variance_52p,benchmark,2025-08-08,0.0071499065052047
bil_cash,rolling_markowitz_min_variance_52p,benchmark,2025-08-15,-0.0084537624615812
bil_cash,rolling_markowitz_min_variance_52p,benchmark,2025-08-22,0.0072766736069774
bil_cash,rolling_markowitz_min_variance_52p,benchmark,2025-08-29,0.0045392139054954
bil_cash,rolling_markowitz_min_variance_52p,benchmark,2025-09-05,0.0261547293175827
bil_cash,rolling_markowitz_min_variance_52p,benchmark,2025-09-12,0.015619447677177
bil_cash,rolling_markowitz_min_variance_52p,benchmark,2025-09-19,0.0018019211726152
bil_cash,rolling_markowitz_min_variance_52p,benchmark,2025-09-26,0.0041619797884558
bil_cash,rolling_markowitz_min_variance_52p,benchmark,2025-10-03,0.019953028958311
bil_cash,rolling_markowitz_min_variance_52p,benchmark,2025-10-10,0.0082939753285199
bil_cash,rolling_markowitz_min_variance_52p,benchmark,2025-10-17,0.02111146659978
bil_cash,rolling_markowitz_min_variance_52p,benchmark,2025-10-24,-0.0011254858787072
bil_cash,rolling_markowitz_min_variance_52p,benchmark,2025-10-31,-0.0119918550108084
bil_cash,rolling_markowitz_min_variance_52p,benchmark,2025-11-07,-0.0080763498434167
bil_cash,rolling_markowitz_min_variance_52p,benchmark,2025-11-14,-0.0019065620060141
bil_cash,rolling_markowitz_min_variance_52p,benchmark,2025-11-21,-0.0032116104919712
bil_cash,rolling_markowitz_min_variance_52p,benchmark,2025-11-28,0.0240147078000142
bil_cash,rolling_markowitz_min_variance_52p,benchmark,2025-12-05,-0.0092303355312279
bil_cash,rolling_markowitz_min_variance_52p,benchmark,2025-12-12,0.0006281156734408
bil_cash,rolling_markowitz_min_variance_52p,benchmark,2025-12-19,0.0057880103024614
bil_cash,rolling_markowitz_min_variance_52p,benchmark,2025-12-26,0.0162898754614498
bil_cash,rolling_markowitz_min_variance_52p,benchmark,2026-01-02,-0.0179427870683084
bil_cash,rolling_markowitz_min_variance_52p,benchmark,2026-01-09,0.0188133941569264
bil_cash,rolling_markowitz_min_variance_52p,benchmark,2026-01-16,0.0022372461387924
bil_cash,rolling_markowitz_min_variance_52p,benchmark,2026-01-23,0.0164753429202348
bil_cash,rolling_markowitz_min_variance_52p,benchmark,2026-01-30,-0.0106589872694321
bil_cash,rolling_markowitz_min_variance_52p,benchmark,2026-02-06,0.0051106911708772
bil_cash,rolling_markowitz_min_variance_52p,benchmark,2026-02-13,0.0125149210841518
bil_cash,rolling_markowitz_min_variance_52p,benchmark,2026-02-20,0.0032192364313027
bil_cash,rolling_markowitz_min_variance_52p,benchmark,2026-02-27,0.0121668995414923
bil_cash,rolling_markowitz_min_variance_52p,benchmark,2026-03-06,-0.0207649421685994
bil_cash,rolling_markowitz_min_variance_52p,benchmark,2026-03-13,-0.0194678844101109
bil_cash,rolling_markowitz_min_variance_52p,benchmark,2026-03-20,-0.0240234404900996
bil_cash,rolling_markowitz_min_variance_52p,benchmark,2026-03-27,-0.0093021477622928
bil_cash,rolling_markowitz_min_variance_52p,benchmark,2026-04-03,0.023882650061595
bil_cash,rolling_markowitz_min_variance_52p,benchmark,2026-04-10,0.0133735545228274
bil_cash,rolling_markowitz_min_variance_52p,benchmark,2026-04-17,0.0204094411361352
bil_cash,rolling_markowitz_min_variance_52p,benchmark,2026-04-24,-0.0031544806358256
bil_cash,rolling_markowitz_min_variance_52p,benchmark,2026-05-01,-0.0037565531450872
bil_cash,rolling_markowitz_min_variance_52p,benchmark,2026-05-08,0.0128725050684878
bil_cash,rolling_markowitz_min_variance_52p,benchmark,2026-05-15,-0.0041600642073276
bil_cash,rolling_risk_parity_inverse_vol_12p,benchmark,2022-01-07,-0.0305829192627037
bil_cash,rolling_risk_parity_inverse_vol_12p,benchmark,2022-01-14,0.0059131341635555
bil_cash,rolling_risk_parity_inverse_vol_12p,benchmark,2022-01-21,-0.0244842779134857
bil_cash,rolling_risk_parity_inverse_vol_12p,benchmark,2022-01-28,-0.0046145031339286
bil_cash,rolling_risk_parity_inverse_vol_12p,benchmark,2022-02-04,0.0068059780851358
bil_cash,rolling_risk_parity_inverse_vol_12p,benchmark,2022-02-11,0.0071610704848414
bil_cash,rolling_risk_parity_inverse_vol_12p,benchmark,2022-02-18,-0.0009215775630484
bil_cash,rolling_risk_parity_inverse_vol_12p,benchmark,2022-02-25,-0.0037354167446282
bil_cash,rolling_risk_parity_inverse_vol_12p,benchmark,2022-03-04,0.0209515097089657
bil_cash,rolling_risk_parity_inverse_vol_12p,benchmark,2022-03-11,-0.0181427387169241
bil_cash,rolling_risk_parity_inverse_vol_12p,benchmark,2022-03-18,0.0084792132051228
bil_cash,rolling_risk_parity_inverse_vol_12p,benchmark,2022-03-25,0.0025050466502487
bil_cash,rolling_risk_parity_inverse_vol_12p,benchmark,2022-04-01,0.0094706186549461
bil_cash,rolling_risk_parity_inverse_vol_12p,benchmark,2022-04-08,-0.0259231989960591
bil_cash,rolling_risk_parity_inverse_vol_12p,benchmark,2022-04-15,-0.0148902925877026
bil_cash,rolling_risk_parity_inverse_vol_12p,benchmark,2022-04-22,-0.0184211717678074
bil_cash,rolling_risk_parity_inverse_vol_12p,benchmark,2022-04-29,-0.019971178658567
bil_cash,rolling_risk_parity_inverse_vol_12p,benchmark,2022-05-06,-0.0255036979449924
bil_cash,rolling_risk_parity_inverse_vol_12p,benchmark,2022-05-13,-0.0396780866359376
bil_cash,rolling_risk_parity_inverse_vol_12p,benchmark,2022-05-20,0.0032193249694702
bil_cash,rolling_risk_parity_inverse_vol_12p,benchmark,2022-05-27,0.0200359132999077
bil_cash,rolling_risk_parity_inverse_vol_12p,benchmark,2022-06-03,-0.0055323855860904
bil_cash,rolling_risk_parity_inverse_vol_12p,benchmark,2022-06-10,-0.0145085961287557
bil_cash,rolling_risk_parity_inverse_vol_12p,benchmark,2022-06-17,-0.056967244963028
bil_cash,rolling_risk_parity_inverse_vol_12p,benchmark,2022-06-24,0.0166105095854425
bil_cash,rolling_risk_parity_inverse_vol_12p,benchmark,2022-07-01,-0.0065306522471053
bil_cash,rolling_risk_parity_inverse_vol_12p,benchmark,2022-07-08,-0.0111392065764001
bil_cash,rolling_risk_parity_inverse_vol_12p,benchmark,2022-07-15,-0.0026842423095624
bil_cash,rolling_risk_parity_inverse_vol_12p,benchmark,2022-07-22,0.0219956161380761
bil_cash,rolling_risk_parity_inverse_vol_12p,benchmark,2022-07-29,0.0180882530867528
bil_cash,rolling_risk_parity_inverse_vol_12p,benchmark,2022-08-05,-0.0002037551582435
bil_cash,rolling_risk_parity_inverse_vol_12p,benchmark,2022-08-12,0.0128577550029527
bil_cash,rolling_risk_parity_inverse_vol_12p,benchmark,2022-08-19,-0.0316934202776845
bil_cash,rolling_risk_parity_inverse_vol_12p,benchmark,2022-08-26,-0.0103478635362373
bil_cash,rolling_risk_parity_inverse_vol_12p,benchmark,2022-09-02,-0.0229928408268483
bil_cash,rolling_risk_parity_inverse_vol_12p,benchmark,2022-09-09,0.0071123757328456
bil_cash,rolling_risk_parity_inverse_vol_12p,benchmark,2022-09-16,-0.029779254142636
bil_cash,rolling_risk_parity_inverse_vol_12p,benchmark,2022-09-23,-0.0229778262793034
bil_cash,rolling_risk_parity_inverse_vol_12p,benchmark,2022-09-30,-0.0125685318150601
bil_cash,rolling_risk_parity_inverse_vol_12p,benchmark,2022-10-07,0.0070756092399623
bil_cash,rolling_risk_parity_inverse_vol_12p,benchmark,2022-10-14,-0.024137837732965
bil_cash,rolling_risk_parity_inverse_vol_12p,benchmark,2022-10-21,-0.0184044300926443
bil_cash,rolling_risk_parity_inverse_vol_12p,benchmark,2022-10-28,0.0281415264994092
bil_cash,rolling_risk_parity_inverse_vol_12p,benchmark,2022-11-04,-0.0024150484189461
bil_cash,rolling_risk_parity_inverse_vol_12p,benchmark,2022-11-11,0.0201647631919518
bil_cash,rolling_risk_parity_inverse_vol_12p,benchmark,2022-11-18,-0.0020661377784251
bil_cash,rolling_risk_parity_inverse_vol_12p,benchmark,2022-11-25,0.0129618997621137
bil_cash,rolling_risk_parity_inverse_vol_12p,benchmark,2022-12-02,0.028070270095409
bil_cash,rolling_risk_parity_inverse_vol_12p,benchmark,2022-12-09,-0.0100530667479588
bil_cash,rolling_risk_parity_inverse_vol_12p,benchmark,2022-12-16,-0.0068362252950459
bil_cash,rolling_risk_parity_inverse_vol_12p,benchmark,2022-12-23,-0.0094176644665909
bil_cash,rolling_risk_parity_inverse_vol_12p,benchmark,2022-12-30,-0.0022885247075876
bil_cash,rolling_risk_parity_inverse_vol_12p,benchmark,2023-01-06,0.0286117096162374
bil_cash,rolling_risk_parity_inverse_vol_12p,benchmark,2023-01-13,0.0425026531624641
bil_cash,rolling_risk_parity_inverse_vol_12p,benchmark,2023-01-20,0.0106245419603049
bil_cash,rolling_risk_parity_inverse_vol_12p,benchmark,2023-01-27,0.0092248112585616
bil_cash,rolling_risk_parity_inverse_vol_12p,benchmark,2023-02-03,-0.0061339926617619
bil_cash,rolling_risk_parity_inverse_vol_12p,benchmark,2023-02-10,-0.0177555893361019
bil_cash,rolling_risk_parity_inverse_vol_12p,benchmark,2023-02-17,0.0048597304068627
bil_cash,rolling_risk_parity_inverse_vol_12p,benchmark,2023-02-24,-0.0228492724693907
bil_cash,rolling_risk_parity_inverse_vol_12p,benchmark,2023-03-03,0.0152083656462972
bil_cash,rolling_risk_parity_inverse_vol_12p,benchmark,2023-03-10,-0.0119989223740389
bil_cash,rolling_risk_parity_inverse_vol_12p,benchmark,2023-03-17,0.0562284858105012
bil_cash,rolling_risk_parity_inverse_vol_12p,benchmark,2023-03-24,0.0048525661211688
bil_cash,rolling_risk_parity_inverse_vol_12p,benchmark,2023-03-31,0.0110846557172687
bil_cash,rolling_risk_parity_inverse_vol_12p,benchmark,2023-04-07,0.0128322939158681
bil_cash,rolling_risk_parity_inverse_vol_12p,benchmark,2023-04-14,-0.0049723489725533
bil_cash,rolling_risk_parity_inverse_vol_12p,benchmark,2023-04-21,-0.0116887816865662
bil_cash,rolling_risk_parity_inverse_vol_12p,benchmark,2023-04-28,0.0143587841872288
bil_cash,rolling_risk_parity_inverse_vol_12p,benchmark,2023-05-05,-0.0012676680655088
bil_cash,rolling_risk_parity_inverse_vol_12p,benchmark,2023-05-12,-0.0084975588749181
bil_cash,rolling_risk_parity_inverse_vol_12p,benchmark,2023-05-19,-0.010380304243462
bil_cash,rolling_risk_parity_inverse_vol_12p,benchmark,2023-05-26,-0.0040647866525919
bil_cash,rolling_risk_parity_inverse_vol_12p,benchmark,2023-06-02,0.0109238046200821
bil_cash,rolling_risk_parity_inverse_vol_12p,benchmark,2023-06-09,0.001901375733732
bil_cash,rolling_risk_parity_inverse_vol_12p,benchmark,2023-06-16,0.0089125016968534
bil_cash,rolling_risk_parity_inverse_vol_12p,benchmark,2023-06-23,0.0014601092216548
bil_cash,rolling_risk_parity_inverse_vol_12p,benchmark,2023-06-30,0.0071077687384165
bil_cash,rolling_risk_parity_inverse_vol_12p,benchmark,2023-07-07,-0.0114950184511014
bil_cash,rolling_risk_parity_inverse_vol_12p,benchmark,2023-07-14,0.0190001336058728
bil_cash,rolling_risk_parity_inverse_vol_12p,benchmark,2023-07-21,0.0035977941781991
bil_cash,rolling_risk_parity_inverse_vol_12p,benchmark,2023-07-28,-0.0038499435451968
bil_cash,rolling_risk_parity_inverse_vol_12p,benchmark,2023-08-04,-0.0179467463118767
bil_cash,rolling_risk_parity_inverse_vol_12p,benchmark,2023-08-11,-0.008575304077221
bil_cash,rolling_risk_parity_inverse_vol_12p,benchmark,2023-08-18,-0.0239427257504345
bil_cash,rolling_risk_parity_inverse_vol_12p,benchmark,2023-08-25,0.0114858045900699
bil_cash,rolling_risk_parity_inverse_vol_12p,benchmark,2023-09-01,0.0115739204642225
bil_cash,rolling_risk_parity_inverse_vol_12p,benchmark,2023-09-08,-0.0088164309474158
bil_cash,rolling_risk_parity_inverse_vol_12p,benchmark,2023-09-15,-0.0017283461870697
bil_cash,rolling_risk_parity_inverse_vol_12p,benchmark,2023-09-22,-0.0107237726753583
bil_cash,rolling_risk_parity_inverse_vol_12p,benchmark,2023-09-29,-0.0234203557982908
bil_cash,rolling_risk_parity_inverse_vol_12p,benchmark,2023-10-06,-0.0085117804940217
bil_cash,rolling_risk_parity_inverse_vol_12p,benchmark,2023-10-13,0.0228174746048996
bil_cash,rolling_risk_parity_inverse_vol_12p,benchmark,2023-10-20,-0.0005833992723453
bil_cash,rolling_risk_parity_inverse_vol_12p,benchmark,2023-10-27,0.0144887841115691
bil_cash,rolling_risk_parity_inverse_vol_12p,benchmark,2023-11-03,0.0337625842514207
bil_cash,rolling_risk_parity_inverse_vol_12p,benchmark,2023-11-10,0.0046535544716278
bil_cash,rolling_risk_parity_inverse_vol_12p,benchmark,2023-11-17,0.0171236620291303
bil_cash,rolling_risk_parity_inverse_vol_12p,benchmark,2023-11-24,0.0096365595371927
bil_cash,rolling_risk_parity_inverse_vol_12p,benchmark,2023-12-01,0.0265057931805176
bil_cash,rolling_risk_parity_inverse_vol_12p,benchmark,2023-12-08,0.0165008980822135
bil_cash,rolling_risk_parity_inverse_vol_12p,benchmark,2023-12-15,0.0165254071368984
bil_cash,rolling_risk_parity_inverse_vol_12p,benchmark,2023-12-22,0.0126637591116498
bil_cash,rolling_risk_parity_inverse_vol_12p,benchmark,2023-12-29,-0.0015412421303765
bil_cash,rolling_risk_parity_inverse_vol_12p,benchmark,2024-01-05,-0.0097459117808541
bil_cash,rolling_risk_parity_inverse_vol_12p,benchmark,2024-01-12,0.0037216061661714
bil_cash,rolling_risk_parity_inverse_vol_12p,benchmark,2024-01-19,-0.0092269512415791
bil_cash,rolling_risk_parity_inverse_vol_12p,benchmark,2024-01-26,0.0017820410828108
bil_cash,rolling_risk_parity_inverse_vol_12p,benchmark,2024-02-02,0.0171867334070106
bil_cash,rolling_risk_parity_inverse_vol_12p,benchmark,2024-02-09,0.0082667230509379
bil_cash,rolling_risk_parity_inverse_vol_12p,benchmark,2024-02-16,0.0029691173189095
bil_cash,rolling_risk_parity_inverse_vol_12p,benchmark,2024-02-23,0.0111725867656059
bil_cash,rolling_risk_parity_inverse_vol_12p,benchmark,2024-03-01,0.0291902006636639
bil_cash,rolling_risk_parity_inverse_vol_12p,benchmark,2024-03-08,0.0235073301184207
bil_cash,rolling_risk_parity_inverse_vol_12p,benchmark,2024-03-15,-0.0092825281791035
bil_cash,rolling_risk_parity_inverse_vol_12p,benchmark,2024-03-22,0.0087147883830934
bil_cash,rolling_risk_parity_inverse_vol_12p,benchmark,2024-03-29,0.0160401718036539
bil_cash,rolling_risk_parity_inverse_vol_12p,benchmark,2024-04-05,-0.0018221684848161
bil_cash,rolling_risk_parity_inverse_vol_12p,benchmark,2024-04-12,-0.008578967081961
bil_cash,rolling_risk_parity_inverse_vol_12p,benchmark,2024-04-19,-0.0146426981731997
bil_cash,rolling_risk_parity_inverse_vol_12p,benchmark,2024-04-26,0.0006754753862468
bil_cash,rolling_risk_parity_inverse_vol_12p,benchmark,2024-05-03,0.0039972833911694
bil_cash,rolling_risk_parity_inverse_vol_12p,benchmark,2024-05-10,0.0123697542631906
bil_cash,rolling_risk_parity_inverse_vol_12p,benchmark,2024-05-17,0.0230517414119196
bil_cash,rolling_risk_parity_inverse_vol_12p,benchmark,2024-05-24,-0.0076258566426678
bil_cash,rolling_risk_parity_inverse_vol_12p,benchmark,2024-05-31,-0.0068966273484136
bil_cash,rolling_risk_parity_inverse_vol_12p,benchmark,2024-06-07,0.0079632491542678
bil_cash,rolling_risk_parity_inverse_vol_12p,benchmark,2024-06-14,0.0171742086574652
bil_cash,rolling_risk_parity_inverse_vol_12p,benchmark,2024-06-21,-0.0043826173038931
bil_cash,rolling_risk_parity_inverse_vol_12p,benchmark,2024-06-28,-0.0146266292175111
bil_cash,rolling_risk_parity_inverse_vol_12p,benchmark,2024-07-05,0.009848072867733
bil_cash,rolling_risk_parity_inverse_vol_12p,benchmark,2024-07-12,0.012640950880008
bil_cash,rolling_risk_parity_inverse_vol_12p,benchmark,2024-07-19,0.0008226577116233
bil_cash,rolling_risk_parity_inverse_vol_12p,benchmark,2024-07-26,-0.0030909619335098
bil_cash,rolling_risk_parity_inverse_vol_12p,benchmark,2024-08-02,0.0084353955973253
bil_cash,rolling_risk_parity_inverse_vol_12p,benchmark,2024-08-09,-0.0065276174865117
bil_cash,rolling_risk_parity_inverse_vol_12p,benchmark,2024-08-16,0.0259756090014383
bil_cash,rolling_risk_parity_inverse_vol_12p,benchmark,2024-08-23,0.0146491082510733
bil_cash,rolling_risk_parity_inverse_vol_12p,benchmark,2024-08-30,-0.0110678376712344
bil_cash,rolling_risk_parity_inverse_vol_12p,benchmark,2024-09-06,-0.0131397043616865
bil_cash,rolling_risk_parity_inverse_vol_12p,benchmark,2024-09-13,0.0369041192501677
bil_cash,rolling_risk_parity_inverse_vol_12p,benchmark,2024-09-20,0.0089309027111533
bil_cash,rolling_risk_parity_inverse_vol_12p,benchmark,2024-09-27,0.0083619321166089
bil_cash,rolling_risk_parity_inverse_vol_12p,benchmark,2024-10-04,-0.0107074949284563
bil_cash,rolling_risk_parity_inverse_vol_12p,benchmark,2024-10-11,-0.0004946647732683
bil_cash,rolling_risk_parity_inverse_vol_12p,benchmark,2024-10-18,0.0207703323572816
bil_cash,rolling_risk_parity_inverse_vol_12p,benchmark,2024-10-25,-0.0054973858184793
bil_cash,rolling_risk_parity_inverse_vol_12p,benchmark,2024-11-01,-0.0046100785231179
bil_cash,rolling_risk_parity_inverse_vol_12p,benchmark,2024-11-08,0.0178511124946692
bil_cash,rolling_risk_parity_inverse_vol_12p,benchmark,2024-11-15,-0.0162522483225711
bil_cash,rolling_risk_parity_inverse_vol_12p,benchmark,2024-11-22,0.0300074063498259
bil_cash,rolling_risk_parity_inverse_vol_12p,benchmark,2024-11-29,0.01179877909492
bil_cash,rolling_risk_parity_inverse_vol_12p,benchmark,2024-12-06,0.0051632277958534
bil_cash,rolling_risk_parity_inverse_vol_12p,benchmark,2024-12-13,-0.0133166332768968
bil_cash,rolling_risk_parity_inverse_vol_12p,benchmark,2024-12-20,-0.0171562961208042
bil_cash,rolling_risk_parity_inverse_vol_12p,benchmark,2024-12-27,-0.0058537720743733
bil_cash,rolling_risk_parity_inverse_vol_12p,benchmark,2025-01-03,0.0051151035523861
bil_cash,rolling_risk_parity_inverse_vol_12p,benchmark,2025-01-10,-0.0111272119694903
bil_cash,rolling_risk_parity_inverse_vol_12p,benchmark,2025-01-17,0.0269485627583157
bil_cash,rolling_risk_parity_inverse_vol_12p,benchmark,2025-01-24,0.0132834550580478
bil_cash,rolling_risk_parity_inverse_vol_12p,benchmark,2025-01-31,-0.0006905337014898
bil_cash,rolling_risk_parity_inverse_vol_12p,benchmark,2025-02-07,0.0051355977478397
bil_cash,rolling_risk_parity_inverse_vol_12p,benchmark,2025-02-14,0.008687015818931
bil_cash,rolling_risk_parity_inverse_vol_12p,benchmark,2025-02-21,0.0004395833164943
bil_cash,rolling_risk_parity_inverse_vol_12p,benchmark,2025-02-28,-0.0180155689225157
bil_cash,rolling_risk_parity_inverse_vol_12p,benchmark,2025-03-07,-0.0060937279103951
bil_cash,rolling_risk_parity_inverse_vol_12p,benchmark,2025-03-14,-0.0006908834327299
bil_cash,rolling_risk_parity_inverse_vol_12p,benchmark,2025-03-21,0.0071910360758803
bil_cash,rolling_risk_parity_inverse_vol_12p,benchmark,2025-03-28,0.0012164582953663
bil_cash,rolling_risk_parity_inverse_vol_12p,benchmark,2025-04-04,-0.0195247234702638
bil_cash,rolling_risk_parity_inverse_vol_12p,benchmark,2025-04-11,0.009967142477006
bil_cash,rolling_risk_parity_inverse_vol_12p,benchmark,2025-04-18,0.0102094254883936
bil_cash,rolling_risk_parity_inverse_vol_12p,benchmark,2025-04-25,0.0349313817773098
bil_cash,rolling_risk_parity_inverse_vol_12p,benchmark,2025-05-02,-0.001008839600726
bil_cash,rolling_risk_parity_inverse_vol_12p,benchmark,2025-05-09,0.0155583058781526
bil_cash,rolling_risk_parity_inverse_vol_12p,benchmark,2025-05-16,-0.0037465329557867
bil_cash,rolling_risk_parity_inverse_vol_12p,benchmark,2025-05-23,0.008781276234981
bil_cash,rolling_risk_parity_inverse_vol_12p,benchmark,2025-05-30,-0.0012335209760825
bil_cash,rolling_risk_parity_inverse_vol_12p,benchmark,2025-06-06,0.0029903973057097
bil_cash,rolling_risk_parity_inverse_vol_12p,benchmark,2025-06-13,0.0158943764838112
bil_cash,rolling_risk_parity_inverse_vol_12p,benchmark,2025-06-20,-0.0101492434627766
bil_cash,rolling_risk_parity_inverse_vol_12p,benchmark,2025-06-27,0.0109593434973367
bil_cash,rolling_risk_parity_inverse_vol_12p,benchmark,2025-07-04,0.0100414568239847
bil_cash,rolling_risk_parity_inverse_vol_12p,benchmark,2025-07-11,0.0062993011474629
bil_cash,rolling_risk_parity_inverse_vol_12p,benchmark,2025-07-18,-0.0012640788867989
bil_cash,rolling_risk_parity_inverse_vol_12p,benchmark,2025-07-25,0.008647975506115
bil_cash,rolling_risk_parity_inverse_vol_12p,benchmark,2025-08-01,-0.0022460824893243
bil_cash,rolling_risk_parity_inverse_vol_12p,benchmark,2025-08-08,0.0107777729835602
bil_cash,rolling_risk_parity_inverse_vol_12p,benchmark,2025-08-15,-0.0041543166822714
bil_cash,rolling_risk_parity_inverse_vol_12p,benchmark,2025-08-22,0.0052987638584837
bil_cash,rolling_risk_parity_inverse_vol_12p,benchmark,2025-08-29,-0.0059037137393883
bil_cash,rolling_risk_parity_inverse_vol_12p,benchmark,2025-09-05,0.02265062196652
bil_cash,rolling_risk_parity_inverse_vol_12p,benchmark,2025-09-12,0.018902997274862
bil_cash,rolling_risk_parity_inverse_vol_12p,benchmark,2025-09-19,0.0024888521177052
bil_cash,rolling_risk_parity_inverse_vol_12p,benchmark,2025-09-26,-0.0004684837270491
bil_cash,rolling_risk_parity_inverse_vol_12p,benchmark,2025-10-03,0.0257659181430132
bil_cash,rolling_risk_parity_inverse_vol_12p,benchmark,2025-10-10,-0.0016658323221832
bil_cash,rolling_risk_parity_inverse_vol_12p,benchmark,2025-10-17,0.0170122255299461
bil_cash,rolling_risk_parity_inverse_vol_12p,benchmark,2025-10-24,0.0031295896350045
bil_cash,rolling_risk_parity_inverse_vol_12p,benchmark,2025-10-31,-0.0084409373192551
bil_cash,rolling_risk_parity_inverse_vol_12p,benchmark,2025-11-07,-0.0121954129593562
bil_cash,rolling_risk_parity_inverse_vol_12p,benchmark,2025-11-14,-0.0055863595917292
bil_cash,rolling_risk_parity_inverse_vol_12p,benchmark,2025-11-21,-0.0121276778647077
bil_cash,rolling_risk_parity_inverse_vol_12p,benchmark,2025-11-28,0.0272501098224853
bil_cash,rolling_risk_parity_inverse_vol_12p,benchmark,2025-12-05,-0.0103582022784208
bil_cash,rolling_risk_parity_inverse_vol_12p,benchmark,2025-12-12,-0.0008494670681337
bil_cash,rolling_risk_parity_inverse_vol_12p,benchmark,2025-12-19,0.0032620961070584
bil_cash,rolling_risk_parity_inverse_vol_12p,benchmark,2025-12-26,0.0126427375212303
bil_cash,rolling_risk_parity_inverse_vol_12p,benchmark,2026-01-02,-0.0115919353215804
bil_cash,rolling_risk_parity_inverse_vol_12p,benchmark,2026-01-09,0.0159578015429235
bil_cash,rolling_risk_parity_inverse_vol_12p,benchmark,2026-01-16,0.0058812791892773
bil_cash,rolling_risk_parity_inverse_vol_12p,benchmark,2026-01-23,0.0086082485065478
bil_cash,rolling_risk_parity_inverse_vol_12p,benchmark,2026-01-30,-0.0122033233304355
bil_cash,rolling_risk_parity_inverse_vol_12p,benchmark,2026-02-06,-0.0067115262474732
bil_cash,rolling_risk_parity_inverse_vol_12p,benchmark,2026-02-13,0.0085167827619847
bil_cash,rolling_risk_parity_inverse_vol_12p,benchmark,2026-02-20,0.003393946758427
bil_cash,rolling_risk_parity_inverse_vol_12p,benchmark,2026-02-27,0.0049486753934056
bil_cash,rolling_risk_parity_inverse_vol_12p,benchmark,2026-03-06,-0.0171829442758206
bil_cash,rolling_risk_parity_inverse_vol_12p,benchmark,2026-03-13,-0.0144287258132795
bil_cash,rolling_risk_parity_inverse_vol_12p,benchmark,2026-03-20,-0.0249035862537326
bil_cash,rolling_risk_parity_inverse_vol_12p,benchmark,2026-03-27,-0.0156720798223497
bil_cash,rolling_risk_parity_inverse_vol_12p,benchmark,2026-04-03,0.0259369260931483
bil_cash,rolling_risk_parity_inverse_vol_12p,benchmark,2026-04-10,0.0233573708181257
bil_cash,rolling_risk_parity_inverse_vol_12p,benchmark,2026-04-17,0.0261562214953976
bil_cash,rolling_risk_parity_inverse_vol_12p,benchmark,2026-04-24,-0.004814277698792
bil_cash,rolling_risk_parity_inverse_vol_12p,benchmark,2026-05-01,-0.0044350449707815
bil_cash,rolling_risk_parity_inverse_vol_12p,benchmark,2026-05-08,0.0164132727690398
bil_cash,rolling_risk_parity_inverse_vol_12p,benchmark,2026-05-15,-0.0034261465171447
bil_cash,trend_spy_cash_12p,benchmark,2022-01-07,-0.0186751432462762
bil_cash,trend_spy_cash_12p,benchmark,2022-01-14,-0.0029394361626996
bil_cash,trend_spy_cash_12p,benchmark,2022-01-21,-0.0575399185878348
bil_cash,trend_spy_cash_12p,benchmark,2022-01-28,-0.0005091355329987
bil_cash,trend_spy_cash_12p,benchmark,2022-02-04,0.0
bil_cash,trend_spy_cash_12p,benchmark,2022-02-11,0.0
bil_cash,trend_spy_cash_12p,benchmark,2022-02-18,0.0001091474448633
bil_cash,trend_spy_cash_12p,benchmark,2022-02-25,-0.0001091355329987
bil_cash,trend_spy_cash_12p,benchmark,2022-03-04,0.0003498644793715
bil_cash,trend_spy_cash_12p,benchmark,2022-03-11,-0.0001092080128268
bil_cash,trend_spy_cash_12p,benchmark,2022-03-18,0.0
bil_cash,trend_spy_cash_12p,benchmark,2022-03-25,0.0
bil_cash,trend_spy_cash_12p,benchmark,2022-04-01,0.0002189336420721
bil_cash,trend_spy_cash_12p,benchmark,2022-04-08,-0.0002188857206242
bil_cash,trend_spy_cash_12p,benchmark,2022-04-15,0.0
bil_cash,trend_spy_cash_12p,benchmark,2022-04-22,-0.0272394891878126
bil_cash,trend_spy_cash_12p,benchmark,2022-04-29,-0.0004
bil_cash,trend_spy_cash_12p,benchmark,2022-05-06,0.0002189097327642
bil_cash,trend_spy_cash_12p,benchmark,2022-05-13,0.0001095789906075
bil_cash,trend_spy_cash_12p,benchmark,2022-05-20,0.0001088760214036
bil_cash,trend_spy_cash_12p,benchmark,2022-05-27,0.0
bil_cash,trend_spy_cash_12p,benchmark,2022-06-03,-9.840215430645394e-05
bil_cash,trend_spy_cash_12p,benchmark,2022-06-10,0.0
bil_cash,trend_spy_cash_12p,benchmark,2022-06-17,0.0002187368440793
bil_cash,trend_spy_cash_12p,benchmark,2022-06-24,0.0001094431907437
bil_cash,trend_spy_cash_12p,benchmark,2022-07-01,0.0003610539340965
bil_cash,trend_spy_cash_12p,benchmark,2022-07-08,-0.0001096876378184
bil_cash,trend_spy_cash_12p,benchmark,2022-07-15,0.0
bil_cash,trend_spy_cash_12p,benchmark,2022-07-22,0.0004379108250194
bil_cash,trend_spy_cash_12p,benchmark,2022-07-29,0.0001091586148629
bil_cash,trend_spy_cash_12p,benchmark,2022-08-05,0.0031925287374238
bil_cash,trend_spy_cash_12p,benchmark,2022-08-12,0.032964762801517
bil_cash,trend_spy_cash_12p,benchmark,2022-08-19,-0.0116131654520263
bil_cash,trend_spy_cash_12p,benchmark,2022-08-26,-0.0398682584962613
bil_cash,trend_spy_cash_12p,benchmark,2022-09-02,0.0002451654818943
bil_cash,trend_spy_cash_12p,benchmark,2022-09-09,0.0362102334866267
bil_cash,trend_spy_cash_12p,benchmark,2022-09-16,-0.0478509543710293
bil_cash,trend_spy_cash_12p,benchmark,2022-09-23,0.0001461532419885
bil_cash,trend_spy_cash_12p,benchmark,2022-09-30,0.0004369984845544
bil_cash,trend_spy_cash_12p,benchmark,2022-10-07,0.0002733975627746
bil_cash,trend_spy_cash_12p,benchmark,2022-10-14,0.0004371790923345
bil_cash,trend_spy_cash_12p,benchmark,2022-10-21,0.000546406796327
bil_cash,trend_spy_cash_12p,benchmark,2022-10-28,0.0003274884957282
bil_cash,trend_spy_cash_12p,benchmark,2022-11-04,0.0009634167349976
bil_cash,trend_spy_cash_12p,benchmark,2022-11-11,0.0005461877884909
bil_cash,trend_spy_cash_12p,benchmark,2022-11-18,0.0006556353754885
bil_cash,trend_spy_cash_12p,benchmark,2022-11-25,0.0005460211387764
bil_cash,trend_spy_cash_12p,benchmark,2022-12-02,0.0109837150731168
bil_cash,trend_spy_cash_12p,benchmark,2022-12-09,-0.0334965521745558
bil_cash,trend_spy_cash_12p,benchmark,2022-12-16,-0.0209772416809668
bil_cash,trend_spy_cash_12p,benchmark,2022-12-23,-0.0009393135660251
bil_cash,trend_spy_cash_12p,benchmark,2022-12-30,-0.0012535401827052
bil_cash,trend_spy_cash_12p,benchmark,2023-01-06,0.014773929732289
bil_cash,trend_spy_cash_12p,benchmark,2023-01-13,0.0268501359925759
bil_cash,trend_spy_cash_12p,benchmark,2023-01-20,-0.0065746598794605
bil_cash,trend_spy_cash_12p,benchmark,2023-01-27,0.0247549003840537
bil_cash,trend_spy_cash_12p,benchmark,2023-02-03,0.0164415001530964
bil_cash,trend_spy_cash_12p,benchmark,2023-02-10,-0.0104521455432007
bil_cash,trend_spy_cash_12p,benchmark,2023-02-17,-0.0019115691359679
bil_cash,trend_spy_cash_12p,benchmark,2023-02-24,-0.026715124550153
bil_cash,trend_spy_cash_12p,benchmark,2023-03-03,0.0004198707237133
bil_cash,trend_spy_cash_12p,benchmark,2023-03-10,-0.0456262703631984
bil_cash,trend_spy_cash_12p,benchmark,2023-03-17,0.0144291974979238
bil_cash,trend_spy_cash_12p,benchmark,2023-03-24,0.014769840874871
bil_cash,trend_spy_cash_12p,benchmark,2023-03-31,0.0344661211796597
bil_cash,trend_spy_cash_12p,benchmark,2023-04-07,-0.0004887200484676
bil_cash,trend_spy_cash_12p,benchmark,2023-04-14,0.0079914456585881
bil_cash,trend_spy_cash_12p,benchmark,2023-04-21,-0.0006302458820078
bil_cash,trend_spy_cash_12p,benchmark,2023-04-28,0.0090488895153177
bil_cash,trend_spy_cash_12p,benchmark,2023-05-05,-0.007933846590442
bil_cash,trend_spy_cash_12p,benchmark,2023-05-12,-0.0025204055705621
bil_cash,trend_spy_cash_12p,benchmark,2023-05-19,0.0170799571356057
bil_cash,trend_spy_cash_12p,benchmark,2023-05-26,0.0033441719939535
bil_cash,trend_spy_cash_12p,benchmark,2023-06-02,0.0188088238203223
bil_cash,trend_spy_cash_12p,benchmark,2023-06-09,0.0046268086625786
bil_cash,trend_spy_cash_12p,benchmark,2023-06-16,0.0260350313655257
bil_cash,trend_spy_cash_12p,benchmark,2023-06-23,-0.0142221208642295
bil_cash,trend_spy_cash_12p,benchmark,2023-06-30,0.0232453572956532
bil_cash,trend_spy_cash_12p,benchmark,2023-07-07,-0.0106705006008281
bil_cash,trend_spy_cash_12p,benchmark,2023-07-14,0.0244669777500097
bil_cash,trend_spy_cash_12p,benchmark,2023-07-21,0.0064547775269521
bil_cash,trend_spy_cash_12p,benchmark,2023-07-28,0.0104826298598643
bil_cash,trend_spy_cash_12p,benchmark,2023-08-04,-0.0221264630304435
bil_cash,trend_spy_cash_12p,benchmark,2023-08-11,-0.0025960425060239
bil_cash,trend_spy_cash_12p,benchmark,2023-08-18,-0.020531998545461
bil_cash,trend_spy_cash_12p,benchmark,2023-08-25,0.0079497145646614
bil_cash,trend_spy_cash_12p,benchmark,2023-09-01,0.025501686171099
bil_cash,trend_spy_cash_12p,benchmark,2023-09-08,-0.0125667429870494
bil_cash,trend_spy_cash_12p,benchmark,2023-09-15,-0.0013156087248736
bil_cash,trend_spy_cash_12p,benchmark,2023-09-22,-0.0292079062381542
bil_cash,trend_spy_cash_12p,benchmark,2023-09-29,0.0005812701183906
bil_cash,trend_spy_cash_12p,benchmark,2023-10-06,0.0011374395817502
bil_cash,trend_spy_cash_12p,benchmark,2023-10-13,0.0009832332801735
bil_cash,trend_spy_cash_12p,benchmark,2023-10-20,0.0009824551526114
bil_cash,trend_spy_cash_12p,benchmark,2023-10-27,0.0010901392039048
bil_cash,trend_spy_cash_12p,benchmark,2023-11-03,0.0008529765783062
bil_cash,trend_spy_cash_12p,benchmark,2023-11-10,0.0010929827829482
bil_cash,trend_spy_cash_12p,benchmark,2023-11-17,0.0227043871925262
bil_cash,trend_spy_cash_12p,benchmark,2023-11-24,0.0100045265273991
bil_cash,trend_spy_cash_12p,benchmark,2023-12-01,0.0083461366806947
bil_cash,trend_spy_cash_12p,benchmark,2023-12-08,0.0023960763024699
bil_cash,trend_spy_cash_12p,benchmark,2023-12-15,0.0239740926385889
bil_cash,trend_spy_cash_12p,benchmark,2023-12-22,0.0092045114633632
bil_cash,trend_spy_cash_12p,benchmark,2023-12-29,0.0035046947073138
bil_cash,trend_spy_cash_12p,benchmark,2024-01-05,-0.0155477502701575
bil_cash,trend_spy_cash_12p,benchmark,2024-01-12,0.0187210958206425
bil_cash,trend_spy_cash_12p,benchmark,2024-01-19,0.0120627498230603
bil_cash,trend_spy_cash_12p,benchmark,2024-01-26,0.0103227317780358
bil_cash,trend_spy_cash_12p,benchmark,2024-02-02,0.0142385706873429
bil_cash,trend_spy_cash_12p,benchmark,2024-02-09,0.0138565044181688
bil_cash,trend_spy_cash_12p,benchmark,2024-02-16,-0.0033717974634157
bil_cash,trend_spy_cash_12p,benchmark,2024-02-23,0.0166962447825018
bil_cash,trend_spy_cash_12p,benchmark,2024-03-01,0.0098454302278641
bil_cash,trend_spy_cash_12p,benchmark,2024-03-08,-0.0022033647720639
bil_cash,trend_spy_cash_12p,benchmark,2024-03-15,-0.000597955138045
bil_cash,trend_spy_cash_12p,benchmark,2024-03-22,0.022321277473464
bil_cash,trend_spy_cash_12p,benchmark,2024-03-29,0.0035684738785528
bil_cash,trend_spy_cash_12p,benchmark,2024-04-05,-0.008870517976383
bil_cash,trend_spy_cash_12p,benchmark,2024-04-12,-0.0146211743344791
bil_cash,trend_spy_cash_12p,benchmark,2024-04-19,-0.0307134663442056
bil_cash,trend_spy_cash_12p,benchmark,2024-04-26,0.0264560880025312
bil_cash,trend_spy_cash_12p,benchmark,2024-05-03,0.0059615092468956
bil_cash,trend_spy_cash_12p,benchmark,2024-05-10,0.0186783996818762
bil_cash,trend_spy_cash_12p,benchmark,2024-05-17,0.0165309037655898
bil_cash,trend_spy_cash_12p,benchmark,2024-05-24,-1.8893738544245583e-05
bil_cash,trend_spy_cash_12p,benchmark,2024-05-31,-0.0039098968925589
bil_cash,trend_spy_cash_12p,benchmark,2024-06-07,0.0125907749766926
bil_cash,trend_spy_cash_12p,benchmark,2024-06-14,0.016423049801618
bil_cash,trend_spy_cash_12p,benchmark,2024-06-21,0.0064236829422696
bil_cash,trend_spy_cash_12p,benchmark,2024-06-28,-0.0005327676725503
bil_cash,trend_spy_cash_12p,benchmark,2024-07-05,0.0191469180853609
bil_cash,trend_spy_cash_12p,benchmark,2024-07-12,0.0096457931973039
bil_cash,trend_spy_cash_12p,benchmark,2024-07-19,-0.0196433501832726
bil_cash,trend_spy_cash_12p,benchmark,2024-07-26,-0.0082878528751164
bil_cash,trend_spy_cash_12p,benchmark,2024-08-02,-0.0211961217306978
bil_cash,trend_spy_cash_12p,benchmark,2024-08-09,0.0001689842456396
bil_cash,trend_spy_cash_12p,benchmark,2024-08-16,0.0400007576698284
bil_cash,trend_spy_cash_12p,benchmark,2024-08-23,0.0141074754408438
bil_cash,trend_spy_cash_12p,benchmark,2024-08-30,0.0027573891143661
bil_cash,trend_spy_cash_12p,benchmark,2024-09-06,-0.0413709277358681
bil_cash,trend_spy_cash_12p,benchmark,2024-09-13,0.0005835181480852
bil_cash,trend_spy_cash_12p,benchmark,2024-09-20,0.0138043835345448
bil_cash,trend_spy_cash_12p,benchmark,2024-09-27,0.0056664443545477
bil_cash,trend_spy_cash_12p,benchmark,2024-10-04,0.0026423857813662
bil_cash,trend_spy_cash_12p,benchmark,2024-10-11,0.0115186536479747
bil_cash,trend_spy_cash_12p,benchmark,2024-10-18,0.0086443264854059
bil_cash,trend_spy_cash_12p,benchmark,2024-10-25,-0.0094940092261891
bil_cash,trend_spy_cash_12p,benchmark,2024-11-01,-0.0138160315966682
bil_cash,trend_spy_cash_12p,benchmark,2024-11-08,0.0475450172202664
bil_cash,trend_spy_cash_12p,benchmark,2024-11-15,-0.0207962006609542
bil_cash,trend_spy_cash_12p,benchmark,2024-11-22,0.0166626520170671
bil_cash,trend_spy_cash_12p,benchmark,2024-11-29,0.0118216191729927
bil_cash,trend_spy_cash_12p,benchmark,2024-12-06,0.0087296049637997
bil_cash,trend_spy_cash_12p,benchmark,2024-12-13,-0.005923005527934
bil_cash,trend_spy_cash_12p,benchmark,2024-12-20,-0.0183219804022479
bil_cash,trend_spy_cash_12p,benchmark,2024-12-27,0.0065296506346763
bil_cash,trend_spy_cash_12p,benchmark,2025-01-03,-0.0051427530764628
bil_cash,trend_spy_cash_12p,benchmark,2025-01-10,-0.0193597544391993
bil_cash,trend_spy_cash_12p,benchmark,2025-01-17,0.0005830506801966
bil_cash,trend_spy_cash_12p,benchmark,2025-01-24,0.0169866189743702
bil_cash,trend_spy_cash_12p,benchmark,2025-01-31,-0.0101154457751343
bil_cash,trend_spy_cash_12p,benchmark,2025-02-07,-0.0017446855357883
bil_cash,trend_spy_cash_12p,benchmark,2025-02-14,0.014864248820869
bil_cash,trend_spy_cash_12p,benchmark,2025-02-21,-0.0160079378539966
bil_cash,trend_spy_cash_12p,benchmark,2025-02-28,0.0002545509705809
bil_cash,trend_spy_cash_12p,benchmark,2025-03-07,0.0008640730164042
bil_cash,trend_spy_cash_12p,benchmark,2025-03-14,0.0007646585900953
bil_cash,trend_spy_cash_12p,benchmark,2025-03-21,0.0008738651847088
bil_cash,trend_spy_cash_12p,benchmark,2025-03-28,0.000763669438206
bil_cash,trend_spy_cash_12p,benchmark,2025-04-04,0.0007766243409894
bil_cash,trend_spy_cash_12p,benchmark,2025-04-11,0.0008745516297459
bil_cash,trend_spy_cash_12p,benchmark,2025-04-18,0.0007645313269502
bil_cash,trend_spy_cash_12p,benchmark,2025-04-25,0.0007641215233777
bil_cash,trend_spy_cash_12p,benchmark,2025-05-02,0.0007868708363449
bil_cash,trend_spy_cash_12p,benchmark,2025-05-09,0.0007653735872168
bil_cash,trend_spy_cash_12p,benchmark,2025-05-16,0.0007647882384991
bil_cash,trend_spy_cash_12p,benchmark,2025-05-23,0.0009825725402938
bil_cash,trend_spy_cash_12p,benchmark,2025-05-30,0.0005452124567031
bil_cash,trend_spy_cash_12p,benchmark,2025-06-06,0.0161425769148021
bil_cash,trend_spy_cash_12p,benchmark,2025-06-13,-0.0035718495596521
bil_cash,trend_spy_cash_12p,benchmark,2025-06-20,-0.0016132749958093
bil_cash,trend_spy_cash_12p,benchmark,2025-06-27,0.0347142713616763
bil_cash,trend_spy_cash_12p,benchmark,2025-07-04,0.0169618483537803
bil_cash,trend_spy_cash_12p,benchmark,2025-07-11,-0.002750556947425
bil_cash,trend_spy_cash_12p,benchmark,2025-07-18,0.0063499282876799
bil_cash,trend_spy_cash_12p,benchmark,2025-07-25,0.0151694028131423
bil_cash,trend_spy_cash_12p,benchmark,2025-08-01,-0.0241405905887579
bil_cash,trend_spy_cash_12p,benchmark,2025-08-08,0.0248665795099987
bil_cash,trend_spy_cash_12p,benchmark,2025-08-15,0.0098245205256075
bil_cash,trend_spy_cash_12p,benchmark,2025-08-22,0.0029061210683207
bil_cash,trend_spy_cash_12p,benchmark,2025-08-29,-0.0004028107279857
bil_cash,trend_spy_cash_12p,benchmark,2025-09-05,0.0033950694152806
bil_cash,trend_spy_cash_12p,benchmark,2025-09-12,0.0157127956247666
bil_cash,trend_spy_cash_12p,benchmark,2025-09-19,0.0123669398115859
bil_cash,trend_spy_cash_12p,benchmark,2025-09-26,-0.0028325562231473
bil_cash,trend_spy_cash_12p,benchmark,2025-10-03,0.0111661541395238
bil_cash,trend_spy_cash_12p,benchmark,2025-10-10,-0.0241927820470251
bil_cash,trend_spy_cash_12p,benchmark,2025-10-17,0.0174114706353449
bil_cash,trend_spy_cash_12p,benchmark,2025-10-24,0.0193560707689102
bil_cash,trend_spy_cash_12p,benchmark,2025-10-31,0.0071021742387391
bil_cash,trend_spy_cash_12p,benchmark,2025-11-07,-0.0162595831149804
bil_cash,trend_spy_cash_12p,benchmark,2025-11-14,0.0014308021887614
bil_cash,trend_spy_cash_12p,benchmark,2025-11-21,-0.0191983407406757
bil_cash,trend_spy_cash_12p,benchmark,2025-11-28,0.0369633625376812
bil_cash,trend_spy_cash_12p,benchmark,2025-12-05,0.003365588310136
bil_cash,trend_spy_cash_12p,benchmark,2025-12-12,-0.0057314023718574
bil_cash,trend_spy_cash_12p,benchmark,2025-12-19,0.001233668100784
bil_cash,trend_spy_cash_12p,benchmark,2025-12-26,0.0142816586824037
bil_cash,trend_spy_cash_12p,benchmark,2026-01-02,-0.0103431660037227
bil_cash,trend_spy_cash_12p,benchmark,2026-01-09,0.0159550146686624
bil_cash,trend_spy_cash_12p,benchmark,2026-01-16,-0.0034722813138657
bil_cash,trend_spy_cash_12p,benchmark,2026-01-23,-0.0035133148038901
bil_cash,trend_spy_cash_12p,benchmark,2026-01-30,0.0039754606543944
bil_cash,trend_spy_cash_12p,benchmark,2026-02-06,-0.001950937693641
bil_cash,trend_spy_cash_12p,benchmark,2026-02-13,-0.0128435082371082
bil_cash,trend_spy_cash_12p,benchmark,2026-02-20,0.0112651792695637
bil_cash,trend_spy_cash_12p,benchmark,2026-02-27,-0.0049896771880904
bil_cash,trend_spy_cash_12p,benchmark,2026-03-06,-0.0198399468125016
bil_cash,trend_spy_cash_12p,benchmark,2026-03-13,0.0003655390754459
bil_cash,trend_spy_cash_12p,benchmark,2026-03-20,0.0006556143295508
bil_cash,trend_spy_cash_12p,benchmark,2026-03-27,0.0006552688329481
bil_cash,trend_spy_cash_12p,benchmark,2026-04-03,0.000590666114639
bil_cash,trend_spy_cash_12p,benchmark,2026-04-10,0.0007656833499338
bil_cash,trend_spy_cash_12p,benchmark,2026-04-17,0.0006558817637858
bil_cash,trend_spy_cash_12p,benchmark,2026-04-24,0.0049510402379591
bil_cash,trend_spy_cash_12p,benchmark,2026-05-01,0.0093985796421414
bil_cash,trend_spy_cash_12p,benchmark,2026-05-08,0.023548144214555
bil_cash,trend_spy_cash_12p,benchmark,2026-05-15,0.0143027410628864
